dataset,L,K,radius_mode,radius_percentile,bandwidth_factor,delta,angle_alpha,sphere_layer_rule,theta_rule,norm_filter_rule,hamming_threshold_rule,lookup_rule,point_precision,point_recall,point_f1,kernel_weighted_recall,kde_abs_relative_error_vs_exact_r25,kde_abs_relative_error_vs_global,candidate_size,exact_r25_candidate_size,candidate_expansion_ratio,mean_hamming_threshold,mean_theta_deg,query_time_ms,build_time_s,candidate_to_true_ratio,kde_quality,speed_quality,ratio_quality,score_precision_recall_ratio,feasible
amazon,20,2,query_adaptive_R25,25.0,0.14,7.007801055908203,0.95,round(norm/delta),layer-wise cosine theorem,disabled: no norm-table or radial-layer candidate filter,"per-query, per-layer Eq. I_threshold with Binomial(K, theta/pi)",distance-table hash-bucket lookup with per-layer thresholds; union over L tables without intersecting sphere-layer masks or exact norm-table filter,0.2504802526148778,0.9865482233502538,0.39951530962744314,0.9855976938928646,0.037640164248402705,0.013332817726624849,775.95,197.0,3.938832487309645,0.0,50.32802359873031,1.0221676750035158,119.190086791,3.938832487309645,0.9623598357515973,0.9679844341233355,0.011528662420382196,0.498639565309093,False
amazon,20,4,query_adaptive_R25,25.0,0.14,7.007801055908203,0.95,round(norm/delta),layer-wise cosine theorem,disabled: no norm-table or radial-layer candidate filter,"per-query, per-layer Eq. I_threshold with Binomial(K, theta/pi)",distance-table hash-bucket lookup with per-layer thresholds; union over L tables without intersecting sphere-layer masks or exact norm-table filter,0.2559087535829379,0.7144670050761421,0.3766829208698861,0.721982441525196,0.2427160556214246,0.27156617045116693,551.025,197.0,2.797081218274111,0.0,50.32802359873031,1.34110300000998,119.190086791,2.797081218274111,0.7572839443785754,0.9579949821402205,0.2980573248407645,0.4521384435603176,False
amazon,20,6,query_adaptive_R25,25.0,0.14,7.007801055908203,0.95,round(norm/delta),layer-wise cosine theorem,disabled: no norm-table or radial-layer candidate filter,"per-query, per-layer Eq. I_threshold with Binomial(K, theta/pi)",distance-table hash-bucket lookup with per-layer thresholds; union over L tables without intersecting sphere-layer masks or exact norm-table filter,0.24674462167130257,0.8300761421319798,0.3788292638849745,0.8214188546149988,0.1424776670919095,0.17218822562258213,654.475,197.0,3.322208121827411,0.51875,50.32802359873031,2.5863592749999498,119.190086791,3.322208121827411,0.8575223329080905,0.9189920031963459,0.16627388535031862,0.46437242200541085,False
amazon,20,8,query_adaptive_R25,25.0,0.14,7.007801055908203,0.95,round(norm/delta),layer-wise cosine theorem,disabled: no norm-table or radial-layer candidate filter,"per-query, per-layer Eq. I_threshold with Binomial(K, theta/pi)",distance-table hash-bucket lookup with per-layer thresholds; union over L tables without intersecting sphere-layer masks or exact norm-table filter,0.2560521598618981,0.541243654822335,0.34630964876734993,0.5593021014916308,0.41541144385077794,0.43290702161008465,416.025,197.0,2.111802030456853,0.9875,50.32802359873031,4.141993725005477,119.190086791,2.111802030456853,0.5845885561492221,0.8702675928749283,0.470031847133758,0.41104889509675296,False
amazon,20,10,query_adaptive_R25,25.0,0.14,7.007801055908203,0.95,round(norm/delta),layer-wise cosine theorem,disabled: no norm-table or radial-layer candidate filter,"per-query, per-layer Eq. I_threshold with Binomial(K, theta/pi)",distance-table hash-bucket lookup with per-layer thresholds; union over L tables without intersecting sphere-layer masks or exact norm-table filter,0.2353957223595904,0.4035532994923858,0.2789745780153912,0.42415538979425377,0.5651359006591086,0.5717027125332254,289.875,197.0,1.4714467005076144,1.11875,50.32802359873031,6.3636155749946965,119.190086791,1.4714467005076144,0.43486409934089143,0.8006836269261688,0.6307324840764331,0.36048578752233273,False
amazon,20,12,query_adaptive_R25,25.0,0.14,7.007801055908203,0.95,round(norm/delta),layer-wise cosine theorem,disabled: no norm-table or radial-layer candidate filter,"per-query, per-layer Eq. I_threshold with Binomial(K, theta/pi)",distance-table hash-bucket lookup with per-layer thresholds; union over L tables without intersecting sphere-layer masks or exact norm-table filter,0.24590449834091962,0.7513959390862943,0.3700124571104611,0.7454417242419392,0.21748139992898344,0.24689376392571835,600.7,197.0,3.049238578680203,2.9625,50.32802359873031,8.141889550003611,119.190086791,3.049238578680203,0.7825186000710166,0.7449858691258546,0.2347770700636943,0.439556469808127,False
amazon,20,14,query_adaptive_R25,25.0,0.14,7.007801055908203,0.95,round(norm/delta),layer-wise cosine theorem,disabled: no norm-table or radial-layer candidate filter,"per-query, per-layer Eq. I_threshold with Binomial(K, theta/pi)",distance-table hash-bucket lookup with per-layer thresholds; union over L tables without intersecting sphere-layer masks or exact norm-table filter,0.2510837683198641,0.7889593908629442,0.3807891034261092,0.7772197651428464,0.18311926781836868,0.2148457075621651,619.1,197.0,3.142639593908629,3.7,50.32802359873031,8.748681275002923,119.190086791,3.142639593908629,0.8168807321816314,0.7259803958359039,0.21133757961783461,0.45071975374841894,False
amazon,20,16,query_adaptive_R25,25.0,0.14,7.007801055908203,0.95,round(norm/delta),layer-wise cosine theorem,disabled: no norm-table or radial-layer candidate filter,"per-query, per-layer Eq. I_threshold with Binomial(K, theta/pi)",distance-table hash-bucket lookup with per-layer thresholds; union over L tables without intersecting sphere-layer masks or exact norm-table filter,0.2438747153054061,0.7262690355329949,0.3624108532728944,0.7165039357045618,0.25393025383012857,0.277192233445734,571.25,197.0,2.8997461928934007,4.29375,50.32802359873031,9.108006374998467,119.190086791,2.8997461928934007,0.7460697461698714,0.714725885747814,0.27229299363057335,0.43234533000556136,False
amazon,20,18,query_adaptive_R25,25.0,0.14,7.007801055908203,0.95,round(norm/delta),layer-wise cosine theorem,disabled: no norm-table or radial-layer candidate filter,"per-query, per-layer Eq. I_threshold with Binomial(K, theta/pi)",distance-table hash-bucket lookup with per-layer thresholds; union over L tables without intersecting sphere-layer masks or exact norm-table filter,0.2450551353071199,0.6808375634517766,0.35817976674662955,0.6803599685507995,0.29008372267592863,0.31274218614910954,537.275,197.0,2.727284263959391,4.98125,50.32802359873031,9.605591700005789,119.190086791,2.727284263959391,0.7099162773240714,0.6991408930488631,0.31557324840764345,0.42335046254425196,False
amazon,20,20,query_adaptive_R25,25.0,0.14,7.007801055908203,0.95,round(norm/delta),layer-wise cosine theorem,disabled: no norm-table or radial-layer candidate filter,"per-query, per-layer Eq. I_threshold with Binomial(K, theta/pi)",distance-table hash-bucket lookup with per-layer thresholds; union over L tables without intersecting sphere-layer masks or exact norm-table filter,0.24295977988869016,0.6836294416243655,0.35755547315261416,0.6859720115305132,0.28242404473643007,0.30499659557305164,546.025,197.0,2.771700507614213,5.7875,50.32802359873031,9.975003000010929,119.190086791,2.771700507614213,0.7175759552635699,0.6875704706024106,0.3044267515923569,0.4216129196710351,False
amazon,20,22,query_adaptive_R25,25.0,0.14,7.007801055908203,0.95,round(norm/delta),layer-wise cosine theorem,disabled: no norm-table or radial-layer candidate filter,"per-query, per-layer Eq. I_threshold with Binomial(K, theta/pi)",distance-table hash-bucket lookup with per-layer thresholds; union over L tables without intersecting sphere-layer masks or exact norm-table filter,0.24300764673177694,0.860532994923858,0.37867636605936184,0.8428611101284733,0.11682458178627964,0.1483612416537318,695.425,197.0,3.5300761421319793,7.55,50.32802359873031,10.464009249989203,119.190086791,3.5300761421319793,0.8831754182137204,0.6722541852285591,0.11410828025477726,0.4534454258215911,False
amazon,20,24,query_adaptive_R25,25.0,0.14,7.007801055908203,0.95,round(norm/delta),layer-wise cosine theorem,disabled: no norm-table or radial-layer candidate filter,"per-query, per-layer Eq. I_threshold with Binomial(K, theta/pi)",distance-table hash-bucket lookup with per-layer thresholds; union over L tables without intersecting sphere-layer masks or exact norm-table filter,0.23499970828238995,0.8151015228426395,0.364200370181066,0.7809624764184229,0.1825475944785319,0.2072417044384455,675.875,197.0,3.4308375634517767,8.31875,50.32802359873031,10.75123130000577,119.190086791,3.4308375634517767,0.8174524055214681,0.6632580325537991,0.1390127388535033,0.43705961285767075,False
amazon,20,26,query_adaptive_R25,25.0,0.14,7.007801055908203,0.95,round(norm/delta),layer-wise cosine theorem,disabled: no norm-table or radial-layer candidate filter,"per-query, per-layer Eq. I_threshold with Binomial(K, theta/pi)",distance-table hash-bucket lookup with per-layer thresholds; union over L tables without intersecting sphere-layer masks or exact norm-table filter,0.22679308148192473,0.7714467005076143,0.34980595252053404,0.7251078153652448,0.24095651105476143,0.26176144789111566,658.325,197.0,3.341751269035533,9.08125,50.32802359873031,13.526210375005121,119.190086791,3.341751269035533,0.7590434889452385,0.5763422284694038,0.1613694267515925,0.4169460829782011,False
amazon,20,28,query_adaptive_R25,25.0,0.14,7.007801055908203,0.95,round(norm/delta),layer-wise cosine theorem,disabled: no norm-table or radial-layer candidate filter,"per-query, per-layer Eq. I_threshold with Binomial(K, theta/pi)",distance-table hash-bucket lookup with per-layer thresholds; union over L tables without intersecting sphere-layer masks or exact norm-table filter,0.23313716088866432,0.8633248730964468,0.3669550930968053,0.8249002328493329,0.1384289702137274,0.16277401382558887,725.075,197.0,3.6805837563451775,10.8875,50.32802359873031,11.347884349996207,119.190086791,3.6805837563451775,0.8615710297862726,0.6445701152046068,0.0763375796178345,0.44241205480217344,False
amazon,20,30,query_adaptive_R25,25.0,0.14,7.007801055908203,0.95,round(norm/delta),layer-wise cosine theorem,disabled: no norm-table or radial-layer candidate filter,"per-query, per-layer Eq. I_threshold with Binomial(K, theta/pi)",distance-table hash-bucket lookup with per-layer thresholds; union over L tables without intersecting sphere-layer masks or exact norm-table filter,0.2348945661774823,0.8668781725888325,0.3694868331297469,0.8298433300115573,0.1330783681401353,0.15906357728093354,723.45,197.0,3.6723350253807103,11.7375,50.32802359873031,11.695956274996888,119.190086791,3.6723350253807103,0.8669216318598647,0.6336680685862393,0.07840764331210215,0.4442877440475123,False
amazon,20,32,query_adaptive_R25,25.0,0.14,7.007801055908203,0.95,round(norm/delta),layer-wise cosine theorem,disabled: no norm-table or radial-layer candidate filter,"per-query, per-layer Eq. I_threshold with Binomial(K, theta/pi)",distance-table hash-bucket lookup with per-layer thresholds; union over L tables without intersecting sphere-layer masks or exact norm-table filter,0.24129302624021692,0.9341370558375633,0.38345907917999156,0.9088968724074057,0.05900580309067318,0.08353672284571406,761.1,197.0,3.8634517766497467,13.58125,50.32802359873031,12.306528075004053,119.190086791,3.8634517766497467,0.9409941969093268,0.6145441986345743,0.030445859872611503,0.46183999415143195,False
amazon,20,34,query_adaptive_R25,25.0,0.14,7.007801055908203,0.95,round(norm/delta),layer-wise cosine theorem,disabled: no norm-table or radial-layer candidate filter,"per-query, per-layer Eq. I_threshold with Binomial(K, theta/pi)",distance-table hash-bucket lookup with per-layer thresholds; union over L tables without intersecting sphere-layer masks or exact norm-table filter,0.24067653528568247,0.9280456852791877,0.3821544143032859,0.9041223941582267,0.06093882152416826,0.0881446474417155,757.75,197.0,3.8464467005076144,14.43125,50.32802359873031,12.483185525007912,119.190086791,3.8464467005076144,0.9390611784758317,0.6090110670686766,0.03471337579617839,0.45985649108041926,False
amazon,20,36,query_adaptive_R25,25.0,0.14,7.007801055908203,0.95,round(norm/delta),layer-wise cosine theorem,disabled: no norm-table or radial-layer candidate filter,"per-query, per-layer Eq. I_threshold with Binomial(K, theta/pi)",distance-table hash-bucket lookup with per-layer thresholds; union over L tables without intersecting sphere-layer masks or exact norm-table filter,0.2438928601225343,0.9574873096446701,0.38872855198757084,0.9376019386859561,0.040833339994416774,0.056364254359600574,772.425,197.0,3.9209390862944162,16.36875,50.32802359873031,12.906803149996904,119.190086791,3.9209390862944162,0.9591666600055833,0.5957428349468727,0.01601910828025488,0.46778908821282,False
amazon,20,38,query_adaptive_R25,25.0,0.14,7.007801055908203,0.95,round(norm/delta),layer-wise cosine theorem,disabled: no norm-table or radial-layer candidate filter,"per-query, per-layer Eq. I_threshold with Binomial(K, theta/pi)",distance-table hash-bucket lookup with per-layer thresholds; union over L tables without intersecting sphere-layer masks or exact norm-table filter,0.24387143581896473,0.9552030456852793,0.3885099223959946,0.9332059980637183,0.04526563510778742,0.06074048087235205,770.7,197.0,3.9121827411167516,17.33125,50.32802359873031,13.236928174998752,119.190086791,3.9121827411167516,0.9547343648922125,0.585402907610151,0.018216560509554225,0.466838894646122,False
amazon,20,40,query_adaptive_R25,25.0,0.14,7.007801055908203,0.95,round(norm/delta),layer-wise cosine theorem,disabled: no norm-table or radial-layer candidate filter,"per-query, per-layer Eq. I_threshold with Binomial(K, theta/pi)",distance-table hash-bucket lookup with per-layer thresholds; union over L tables without intersecting sphere-layer masks or exact norm-table filter,0.2477968609916989,0.9812182741116751,0.39566307390442124,0.9720708488610423,0.03696385019488023,0.02540447870349537,779.85,197.0,3.9586294416243653,19.3375,50.32802359873031,13.609368800001675,119.190086791,3.9586294416243653,0.9630361498051198,0.5737376029282295,0.006560509554140337,0.47507879074421644,False
amazon,20,42,query_adaptive_R25,25.0,0.14,7.007801055908203,0.95,round(norm/delta),layer-wise cosine theorem,disabled: no norm-table or radial-layer candidate filter,"per-query, per-layer Eq. I_threshold with Binomial(K, theta/pi)",distance-table hash-bucket lookup with per-layer thresholds; union over L tables without intersecting sphere-layer masks or exact norm-table filter,0.24950342076971116,0.991751269035533,0.39870016111837336,0.9876848835329064,0.03903692455471355,0.011095682965661515,783.0,197.0,3.974619289340102,21.39375,50.32802359873031,14.010210474987161,119.190086791,3.974619289340102,0.9609630754452865,0.5611827419544013,0.002547770700637053,0.4781726430105255,False
amazon,20,44,query_adaptive_R25,25.0,0.14,7.007801055908203,0.95,round(norm/delta),layer-wise cosine theorem,disabled: no norm-table or radial-layer candidate filter,"per-query, per-layer Eq. I_threshold with Binomial(K, theta/pi)",distance-table hash-bucket lookup with per-layer thresholds; union over L tables without intersecting sphere-layer masks or exact norm-table filter,0.24947685020839838,0.991751269035533,0.39866590583193917,0.9893267601105453,0.040659422051358515,0.009568924633197607,783.075,197.0,3.975,22.6,50.32802359873031,14.299707325002942,119.190086791,3.975,0.9593405779486415,0.5521153397077638,0.0024522292993631734,0.47769108676748606,False
amazon,20,46,query_adaptive_R25,25.0,0.14,7.007801055908203,0.95,round(norm/delta),layer-wise cosine theorem,disabled: no norm-table or radial-layer candidate filter,"per-query, per-layer Eq. I_threshold with Binomial(K, theta/pi)",distance-table hash-bucket lookup with per-layer thresholds; union over L tables without intersecting sphere-layer masks or exact norm-table filter,0.2507880332969521,0.998984771573604,0.40092628502052924,0.9989707854506344,0.05042597902681648,0.0009353517183826095,784.725,197.0,3.983375634517767,25.0125,50.32802359873031,15.073277075018154,119.190086791,3.983375634517767,0.9495740209731836,0.5278861707588223,0.0003503184713375962,0.4791967413598991,False
amazon,20,48,query_adaptive_R25,25.0,0.14,7.007801055908203,0.95,round(norm/delta),layer-wise cosine theorem,disabled: no norm-table or radial-layer candidate filter,"per-query, per-layer Eq. I_threshold with Binomial(K, theta/pi)",distance-table hash-bucket lookup with per-layer thresholds; union over L tables without intersecting sphere-layer masks or exact norm-table filter,0.25093152866242036,0.9998730964467004,0.40118125234827406,0.9999079487737582,0.05139836410737171,8.159801603195861e-05,784.975,197.0,3.9846446700507614,27.725,50.32802359873031,15.202045774998396,119.190086791,3.9846446700507614,0.9486016358926282,0.5238529745446534,3.184713375814496e-05,0.4793104280397845,False
amazon,20,50,query_adaptive_R25,25.0,0.14,7.007801055908203,0.95,round(norm/delta),layer-wise cosine theorem,disabled: no norm-table or radial-layer candidate filter,"per-query, per-layer Eq. I_threshold with Binomial(K, theta/pi)",distance-table hash-bucket lookup with per-layer thresholds; union over L tables without intersecting sphere-layer masks or exact norm-table filter,0.25095541401273885,1.0,0.4012219959263595,0.9999999978489328,0.05149041318254648,0.0,785.0,197.0,3.9847715736040614,31.44375,50.32802359873031,15.511490625010538,119.190086791,3.9847715736040614,0.9485095868174536,0.5141607760697562,0.0,0.47887459088089834,False
amazon,20,52,query_adaptive_R25,25.0,0.14,7.007801055908203,0.95,round(norm/delta),layer-wise cosine theorem,disabled: no norm-table or radial-layer candidate filter,"per-query, per-layer Eq. I_threshold with Binomial(K, theta/pi)",distance-table hash-bucket lookup with per-layer thresholds; union over L tables without intersecting sphere-layer masks or exact norm-table filter,0.25093152866242036,0.9998730964467004,0.40118125234827406,0.9999079487737582,0.05139836410737171,8.159801603195861e-05,784.975,197.0,3.9846446700507614,30.95625,50.32802359873031,15.862272974996472,119.190086791,3.9846446700507614,0.9486016358926282,0.5031738355618721,3.184713375814496e-05,0.47827647109064547,False
amazon,20,54,query_adaptive_R25,25.0,0.14,7.007801055908203,0.95,round(norm/delta),layer-wise cosine theorem,disabled: no norm-table or radial-layer candidate filter,"per-query, per-layer Eq. I_threshold with Binomial(K, theta/pi)",distance-table hash-bucket lookup with per-layer thresholds; union over L tables without intersecting sphere-layer masks or exact norm-table filter,0.25085968934790753,0.999492385786802,0.4010587719087383,0.9994882527466116,0.05097866808022522,0.0004405317941576451,784.9,197.0,3.984263959390863,30.6375,50.32802359873031,15.997018725011005,119.190086791,3.984263959390863,0.9490213319197748,0.4989534306892801,0.00012738853503191372,0.47791899933970294,False
amazon,20,56,query_adaptive_R25,25.0,0.14,7.007801055908203,0.95,round(norm/delta),layer-wise cosine theorem,disabled: no norm-table or radial-layer candidate filter,"per-query, per-layer Eq. I_threshold with Binomial(K, theta/pi)",distance-table hash-bucket lookup with per-layer thresholds; union over L tables without intersecting sphere-layer masks or exact norm-table filter,0.2506749047869197,0.9984771573604061,0.400740701931678,0.9981162790265596,0.04958488126064955,0.001643221604600625,784.675,197.0,3.9831218274111677,30.61875,50.32802359873031,16.15779585000041,119.190086791,3.9831218274111677,0.9504151187393505,0.4939176907002012,0.00041401273885355305,0.4772845470218141,False
amazon,20,58,query_adaptive_R25,25.0,0.14,7.007801055908203,0.95,round(norm/delta),layer-wise cosine theorem,disabled: no norm-table or radial-layer candidate filter,"per-query, per-layer Eq. I_threshold with Binomial(K, theta/pi)",distance-table hash-bucket lookup with per-layer thresholds; union over L tables without intersecting sphere-layer masks or exact norm-table filter,0.25011483925578426,0.9953045685279187,0.39976919725926874,0.9934166044458259,0.04482603560353465,0.00594176962633259,783.925,197.0,3.979314720812183,30.825,50.32802359873031,16.35424057500643,119.190086791,3.979314720812183,0.9551739643964654,0.4877647970132317,0.0013694267515924619,0.47579925351249064,False
amazon,20,60,query_adaptive_R25,25.0,0.14,7.007801055908203,0.95,round(norm/delta),layer-wise cosine theorem,disabled: no norm-table or radial-layer candidate filter,"per-query, per-layer Eq. I_threshold with Binomial(K, theta/pi)",distance-table hash-bucket lookup with per-layer thresholds; union over L tables without intersecting sphere-layer masks or exact norm-table filter,0.24890044666192973,0.9884517766497461,0.39766230081815124,0.981273445941836,0.03282698408430032,0.016803341730804507,782.25,197.0,3.970812182741117,30.9875,50.32802359873031,16.671659500008218,119.190086791,3.970812182741117,0.9671730159156997,0.4778228405686984,0.003503184713375851,0.47276132161404444,False
amazon,20,62,query_adaptive_R25,25.0,0.14,7.007801055908203,0.95,round(norm/delta),layer-wise cosine theorem,disabled: no norm-table or radial-layer candidate filter,"per-query, per-layer Eq. I_threshold with Binomial(K, theta/pi)",distance-table hash-bucket lookup with per-layer thresholds; union over L tables without intersecting sphere-layer masks or exact norm-table filter,0.24702361026456082,0.9775380710659898,0.3943764188564931,0.9664700413026601,0.034174925761342304,0.03037516668820901,779.275,197.0,3.9557106598984775,31.19375,50.32802359873031,16.78168757499634,119.190086791,3.9557106598984775,0.9658250742386577,0.4743766240924704,0.007292993630573341,0.4686202975000911,False
amazon,20,64,query_adaptive_R25,25.0,0.14,7.007801055908203,0.95,round(norm/delta),layer-wise cosine theorem,disabled: no norm-table or radial-layer candidate filter,"per-query, per-layer Eq. I_threshold with Binomial(K, theta/pi)",distance-table hash-bucket lookup with per-layer thresholds; union over L tables without intersecting sphere-layer masks or exact norm-table filter,0.2439991206489256,0.9602791878172589,0.3891000661001264,0.9406151358696441,0.04568905053158452,0.053740654916209676,774.5,197.0,3.931472081218274,31.44375,50.32802359873031,17.217734374997917,119.190086791,3.931472081218274,0.9543109494684154,0.46071909471431693,0.013375796178344057,0.4616281346051406,False
amazon,20,66,query_adaptive_R25,25.0,0.14,7.007801055908203,0.95,round(norm/delta),layer-wise cosine theorem,disabled: no norm-table or radial-layer candidate filter,"per-query, per-layer Eq. I_threshold with Binomial(K, theta/pi)",distance-table hash-bucket lookup with per-layer thresholds; union over L tables without intersecting sphere-layer masks or exact norm-table filter,0.2417854374919995,0.9463197969543146,0.385120985031865,0.9228130924041352,0.052017470336283345,0.07026044249555827,769.75,197.0,3.90736040609137,31.775,50.32802359873031,17.245616774997075,119.190086791,3.90736040609137,0.9479825296637167,0.4598457831864705,0.01942675159235696,0.4567536176912904,False
amazon,20,68,query_adaptive_R25,25.0,0.14,7.007801055908203,0.95,round(norm/delta),layer-wise cosine theorem,disabled: no norm-table or radial-layer candidate filter,"per-query, per-layer Eq. I_threshold with Binomial(K, theta/pi)",distance-table hash-bucket lookup with per-layer thresholds; union over L tables without intersecting sphere-layer masks or exact norm-table filter,0.23869860012303085,0.9263959390862944,0.3795201993526288,0.8975761585742333,0.07003466246319065,0.09362487261569659,762.375,197.0,3.86992385786802,32.05625,50.32802359873031,17.452363600014564,119.190086791,3.86992385786802,0.9299653375368093,0.4533702148839257,0.028821656050955546,0.4496563809250433,False
amazon,20,70,query_adaptive_R25,25.0,0.14,7.007801055908203,0.95,round(norm/delta),layer-wise cosine theorem,disabled: no norm-table or radial-layer candidate filter,"per-query, per-layer Eq. I_threshold with Binomial(K, theta/pi)",distance-table hash-bucket lookup with per-layer thresholds; union over L tables without intersecting sphere-layer masks or exact norm-table filter,0.23675801837638383,0.9105329949238579,0.37569694282127614,0.877860337860843,0.08745654448692951,0.11222165649819549,754.7,197.0,3.8309644670050766,32.3625,50.32802359873031,17.550044824989186,119.190086791,3.8309644670050766,0.9125434555130705,0.4503107171424445,0.03859872611464965,0.44469209178109426,False
amazon,20,72,query_adaptive_R25,25.0,0.14,7.007801055908203,0.95,round(norm/delta),layer-wise cosine theorem,disabled: no norm-table or radial-layer candidate filter,"per-query, per-layer Eq. I_threshold with Binomial(K, theta/pi)",distance-table hash-bucket lookup with per-layer thresholds; union over L tables without intersecting sphere-layer masks or exact norm-table filter,0.23301007008986613,0.8843908629441625,0.36866432867944954,0.8470171770175468,0.11225380441640558,0.14142013476301463,742.9,197.0,3.771065989847716,32.68125,50.32802359873031,17.63965212500125,119.190086791,3.771065989847716,0.8877461955835945,0.44750410479623004,0.0536305732484077,0.4361210108609668,False
amazon,20,74,query_adaptive_R25,25.0,0.14,7.007801055908203,0.95,round(norm/delta),layer-wise cosine theorem,disabled: no norm-table or radial-layer candidate filter,"per-query, per-layer Eq. I_threshold with Binomial(K, theta/pi)",distance-table hash-bucket lookup with per-layer thresholds; union over L tables without intersecting sphere-layer masks or exact norm-table filter,0.23015936343248605,0.8574873096446701,0.3626785339229817,0.8185699725638921,0.14011823862511447,0.16891635603507696,727.9,197.0,3.6949238578680204,33.0125,50.32802359873031,18.273023849997116,119.190086791,3.6949238578680204,0.8598817613748855,0.4276661127701644,0.07273885350318476,0.42750634613115934,False
amazon,20,76,query_adaptive_R25,25.0,0.14,7.007801055908203,0.95,round(norm/delta),layer-wise cosine theorem,disabled: no norm-table or radial-layer candidate filter,"per-query, per-layer Eq. I_threshold with Binomial(K, theta/pi)",distance-table hash-bucket lookup with per-layer thresholds; union over L tables without intersecting sphere-layer masks or exact norm-table filter,0.2271355148777543,0.8332487309644669,0.35664817504248114,0.7910298612866808,0.16877845477818873,0.19596437554738116,714.75,197.0,3.628172588832487,33.36875,50.32802359873031,18.689289674998122,119.190086791,3.628172588832487,0.8312215452218112,0.41462814818917915,0.08949044585987287,0.41960337472086995,False
amazon,20,78,query_adaptive_R25,25.0,0.14,7.007801055908203,0.95,round(norm/delta),layer-wise cosine theorem,disabled: no norm-table or radial-layer candidate filter,"per-query, per-layer Eq. I_threshold with Binomial(K, theta/pi)",distance-table hash-bucket lookup with per-layer thresholds; union over L tables without intersecting sphere-layer masks or exact norm-table filter,0.22479905119650648,0.7634517766497462,0.3467242805633633,0.7180696479514538,0.2456925616815857,0.2686236865310304,656.625,197.0,3.333121827411168,32.6875,50.32802359873031,23.2152718249921,119.190086791,3.333121827411168,0.7543074383184143,0.2728687448904574,0.1635350318471338,0.3984131455879766,False
amazon,20,80,query_adaptive_R25,25.0,0.14,7.007801055908203,0.95,round(norm/delta),layer-wise cosine theorem,disabled: no norm-table or radial-layer candidate filter,"per-query, per-layer Eq. I_threshold with Binomial(K, theta/pi)",distance-table hash-bucket lookup with per-layer thresholds; union over L tables without intersecting sphere-layer masks or exact norm-table filter,0.22218560788303227,0.7248730964467005,0.3394080403061161,0.679078577419651,0.28670651488427146,0.3072653432654532,627.975,197.0,3.1876903553299494,33.03125,50.32802359873031,20.820840575009925,119.190086791,3.1876903553299494,0.7132934851157285,0.34786531668156295,0.200031847133758,0.3929539407370277,False
amazon,20,82,query_adaptive_R25,25.0,0.14,7.007801055908203,0.95,round(norm/delta),layer-wise cosine theorem,disabled: no norm-table or radial-layer candidate filter,"per-query, per-layer Eq. I_threshold with Binomial(K, theta/pi)",distance-table hash-bucket lookup with per-layer thresholds; union over L tables without intersecting sphere-layer masks or exact norm-table filter,0.2219621718852105,0.6942893401015228,0.3355335570178909,0.6536614664128396,0.31428513206106606,0.33310219926773604,598.925,197.0,3.040228426395939,33.3375,50.32802359873031,24.591609424996363,119.190086791,3.040228426395939,0.685714867938934,0.22976013543329044,0.23703821656050972,0.3816914513806606,False
amazon,20,84,query_adaptive_R25,25.0,0.14,7.007801055908203,0.95,round(norm/delta),layer-wise cosine theorem,disabled: no norm-table or radial-layer candidate filter,"per-query, per-layer Eq. I_threshold with Binomial(K, theta/pi)",distance-table hash-bucket lookup with per-layer thresholds; union over L tables without intersecting sphere-layer masks or exact norm-table filter,0.22370855181540347,0.665736040609137,0.3339411639346465,0.6242809911284171,0.3459622991057667,0.3627179067736325,569.075,197.0,2.8887055837563453,33.70625,50.32802359873031,23.020442699987598,119.190086791,2.8887055837563453,0.6540377008942333,0.2789710359712756,0.275063694267516,0.3806954767085768,False
amazon,20,86,query_adaptive_R25,25.0,0.14,7.007801055908203,0.95,round(norm/delta),layer-wise cosine theorem,disabled: no norm-table or radial-layer candidate filter,"per-query, per-layer Eq. I_threshold with Binomial(K, theta/pi)",distance-table hash-bucket lookup with per-layer thresholds; union over L tables without intersecting sphere-layer masks or exact norm-table filter,0.22016014392317906,0.6281725888324873,0.32468794459561323,0.5888902854656801,0.38381510348076153,0.3983497984112591,539.225,197.0,2.7371827411167513,34.0625,50.32802359873031,21.909022950001145,119.190086791,2.7371827411167513,0.6161848965192385,0.3137820881033976,0.31308917197452235,0.37272198540000334,False
amazon,20,88,query_adaptive_R25,25.0,0.14,7.007801055908203,0.95,round(norm/delta),layer-wise cosine theorem,disabled: no norm-table or radial-layer candidate filter,"per-query, per-layer Eq. I_threshold with Binomial(K, theta/pi)",distance-table hash-bucket lookup with per-layer thresholds; union over L tables without intersecting sphere-layer masks or exact norm-table filter,0.22232118870977047,0.5944162436548224,0.3222753781546354,0.5582703868913927,0.41657459559827725,0.4294916022079659,501.875,197.0,2.5475888324873095,34.34375,50.32802359873031,22.610402124999496,119.190086791,2.5475888324873095,0.5834254044017227,0.2918140179610864,0.36066878980891737,0.3676383203242166,False
amazon,20,90,query_adaptive_R25,25.0,0.14,7.007801055908203,0.95,round(norm/delta),layer-wise cosine theorem,disabled: no norm-table or radial-layer candidate filter,"per-query, per-layer Eq. I_threshold with Binomial(K, theta/pi)",distance-table hash-bucket lookup with per-layer thresholds; union over L tables without intersecting sphere-layer masks or exact norm-table filter,0.22865471278579666,0.5057106598984771,0.3119966173651559,0.49429402114313825,0.48696131866162656,0.4958786592465896,406.375,197.0,2.062817258883249,33.7,50.32802359873031,22.84316769999748,119.190086791,2.062817258883249,0.5130386813383734,0.28452350997261766,0.48232484076433124,0.35524881882393705,False
amazon,20,92,query_adaptive_R25,25.0,0.14,7.007801055908203,0.95,round(norm/delta),layer-wise cosine theorem,disabled: no norm-table or radial-layer candidate filter,"per-query, per-layer Eq. I_threshold with Binomial(K, theta/pi)",distance-table hash-bucket lookup with per-layer thresholds; union over L tables without intersecting sphere-layer masks or exact norm-table filter,0.23145804702573688,0.4821065989847716,0.3095807184028449,0.4721570501518909,0.5108065106358497,0.518541418916015,376.075,197.0,1.9090101522842637,34.0,50.32802359873031,22.143691600004445,119.190086791,1.9090101522842637,0.4891934893641503,0.3064319734332749,0.520923566878981,0.3541583683031846,False
amazon,20,94,query_adaptive_R25,25.0,0.14,7.007801055908203,0.95,round(norm/delta),layer-wise cosine theorem,disabled: no norm-table or radial-layer candidate filter,"per-query, per-layer Eq. I_threshold with Binomial(K, theta/pi)",distance-table hash-bucket lookup with per-layer thresholds; union over L tables without intersecting sphere-layer masks or exact norm-table filter,0.2360179288519682,0.4595177664974619,0.30759648442433896,0.46044265059341116,0.5242510668379021,0.531150192836954,348.95,197.0,1.7713197969543149,34.36875,50.32802359873031,22.976109374999965,119.190086791,1.7713197969543149,0.4757489331620979,0.2803596109784712,0.5554777070063694,0.35110844463543667,False
amazon,20,96,query_adaptive_R25,25.0,0.14,7.007801055908203,0.95,round(norm/delta),layer-wise cosine theorem,disabled: no norm-table or radial-layer candidate filter,"per-query, per-layer Eq. I_threshold with Binomial(K, theta/pi)",distance-table hash-bucket lookup with per-layer thresholds; union over L tables without intersecting sphere-layer masks or exact norm-table filter,0.24140947988325304,0.4315989847715736,0.30349771378110313,0.4432634025541615,0.5429561333662309,0.5489700850178207,316.725,197.0,1.6077411167512694,34.66875,50.32802359873031,27.572737475006193,119.190086791,1.6077411167512694,0.45704386663376906,0.1363874884538857,0.596528662420382,0.3409485566518252,False
amazon,20,98,query_adaptive_R25,25.0,0.14,7.007801055908203,0.95,round(norm/delta),layer-wise cosine theorem,disabled: no norm-table or radial-layer candidate filter,"per-query, per-layer Eq. I_threshold with Binomial(K, theta/pi)",distance-table hash-bucket lookup with per-layer thresholds; union over L tables without intersecting sphere-layer masks or exact norm-table filter,0.2590755468732677,0.3710659898477157,0.29581199510685324,0.41497413000993133,0.5753436915916078,0.5797166057835978,240.2,197.0,1.2192893401015228,33.96875,50.32802359873031,21.071971899988284,119.190086791,1.2192893401015228,0.4246563084083922,0.339999570507863,0.6940127388535032,0.347470834878388,False
amazon,20,100,query_adaptive_R25,25.0,0.14,7.007801055908203,0.95,round(norm/delta),layer-wise cosine theorem,disabled: no norm-table or radial-layer candidate filter,"per-query, per-layer Eq. I_threshold with Binomial(K, theta/pi)",distance-table hash-bucket lookup with per-layer thresholds; union over L tables without intersecting sphere-layer masks or exact norm-table filter,0.2678089917551639,0.35545685279187816,0.2922595952349146,0.40987339042274773,0.5818466584236766,0.5856194567534829,217.375,197.0,1.1034263959390862,34.275,50.32802359873031,22.780293875007374,119.190086791,1.1034263959390862,0.41815334157632345,0.2864927965535905,0.7230891719745223,0.3447408764941124,False
amazon,20,102,query_adaptive_R25,25.0,0.14,7.007801055908203,0.95,round(norm/delta),layer-wise cosine theorem,disabled: no norm-table or radial-layer candidate filter,"per-query, per-layer Eq. I_threshold with Binomial(K, theta/pi)",distance-table hash-bucket lookup with per-layer thresholds; union over L tables without intersecting sphere-layer masks or exact norm-table filter,0.27637153956856675,0.3290609137055837,0.2834190327068932,0.3871747239657869,0.6054587435268977,0.6087244359606538,192.725,197.0,0.9782994923857867,34.6125,50.32802359873031,21.202844825000966,119.190086791,0.9782994923857867,0.39454125647310234,0.33590046734242496,0.7544904458598727,0.34279884271905875,False
amazon,20,104,query_adaptive_R25,25.0,0.14,7.007801055908203,0.95,round(norm/delta),layer-wise cosine theorem,disabled: no norm-table or radial-layer candidate filter,"per-query, per-layer Eq. I_threshold with Binomial(K, theta/pi)",distance-table hash-bucket lookup with per-layer thresholds; union over L tables without intersecting sphere-layer masks or exact norm-table filter,0.2972072545713543,0.2903553299492386,0.27094271076148957,0.3743808726885812,0.6207958668825398,0.6232893944066016,143.725,197.0,0.7295685279187818,33.88125,50.32802359873031,21.120311525010038,119.190086791,0.7295685279187818,0.37920413311746015,0.3384855131891047,0.8169108280254778,0.3403359533586726,False
amazon,20,106,query_adaptive_R25,25.0,0.14,7.007801055908203,0.95,round(norm/delta),layer-wise cosine theorem,disabled: no norm-table or radial-layer candidate filter,"per-query, per-layer Eq. I_threshold with Binomial(K, theta/pi)",distance-table hash-bucket lookup with per-layer thresholds; union over L tables without intersecting sphere-layer masks or exact norm-table filter,0.30132884119093395,0.27233502538071064,0.2621070519409844,0.3687320735376394,0.6269210551522798,0.6290732947598179,130.65,197.0,0.6631979695431471,34.1625,50.32802359873031,21.53023962499674,119.190086791,0.6631979695431471,0.3730789448477202,0.3256460540565558,0.8335668789808918,0.3347924254231726,False
amazon,20,108,query_adaptive_R25,25.0,0.14,7.007801055908203,0.95,round(norm/delta),layer-wise cosine theorem,disabled: no norm-table or radial-layer candidate filter,"per-query, per-layer Eq. I_threshold with Binomial(K, theta/pi)",distance-table hash-bucket lookup with per-layer thresholds; union over L tables without intersecting sphere-layer masks or exact norm-table filter,0.330718677036183,0.23109137055837561,0.23961779391652077,0.34215128936736255,0.6553497990034625,0.6566632293819381,93.425,197.0,0.474238578680203,33.425,50.32802359873031,22.040782249987956,119.190086791,0.474238578680203,0.34465020099653754,0.30965522256876166,0.8809872611464968,0.3279002270125097,False
amazon,20,110,query_adaptive_R25,25.0,0.14,7.007801055908203,0.95,round(norm/delta),layer-wise cosine theorem,disabled: no norm-table or radial-layer candidate filter,"per-query, per-layer Eq. I_threshold with Binomial(K, theta/pi)",distance-table hash-bucket lookup with per-layer thresholds; union over L tables without intersecting sphere-layer masks or exact norm-table filter,0.33895479316980276,0.22195431472081215,0.23457471963334675,0.34009190463551187,0.6578356044328492,0.6588470525257157,84.9,197.0,0.4309644670050761,33.7375,50.32802359873031,22.759920925005872,119.190086791,0.4309644670050761,0.34216439556715084,0.28713090274577935,0.8918471337579618,0.32586968735741023,False
amazon,20,112,query_adaptive_R25,25.0,0.14,7.007801055908203,0.95,round(norm/delta),layer-wise cosine theorem,disabled: no norm-table or radial-layer candidate filter,"per-query, per-layer Eq. I_threshold with Binomial(K, theta/pi)",distance-table hash-bucket lookup with per-layer thresholds; union over L tables without intersecting sphere-layer masks or exact norm-table filter,0.3463210098047149,0.20571065989847717,0.22283659993126453,0.33735783839651484,0.6610112332561267,0.6618938348960182,75.625,197.0,0.3838832487309645,33.9625,50.32802359873031,22.27158954999311,119.190086791,0.3838832487309645,0.33898876674387335,0.3024260501943714,0.9036624203821656,0.3214882719496757,False
amazon,20,114,query_adaptive_R25,25.0,0.14,7.007801055908203,0.95,round(norm/delta),layer-wise cosine theorem,disabled: no norm-table or radial-layer candidate filter,"per-query, per-layer Eq. I_threshold with Binomial(K, theta/pi)",distance-table hash-bucket lookup with per-layer thresholds; union over L tables without intersecting sphere-layer masks or exact norm-table filter,0.34184479554644653,0.16611675126903552,0.1873568002855385,0.3130201256594611,0.6860938405646209,0.6866909602126098,54.4,197.0,0.2761421319796954,33.2,50.32802359873031,22.193516624997756,119.190086791,0.2761421319796954,0.31390615943537914,0.3048713915356187,0.9307006369426751,0.3008789000748574,False
amazon,20,116,query_adaptive_R25,25.0,0.14,7.007801055908203,0.95,round(norm/delta),layer-wise cosine theorem,disabled: no norm-table or radial-layer candidate filter,"per-query, per-layer Eq. I_threshold with Binomial(K, theta/pi)",distance-table hash-bucket lookup with per-layer thresholds; union over L tables without intersecting sphere-layer masks or exact norm-table filter,0.34654315761019,0.1621827411167513,0.18491619116144326,0.3070508940680972,0.6920639066773466,0.6926411901729095,51.55,197.0,0.2616751269035533,33.46875,50.32802359873031,23.379224974993917,119.190086791,0.2616751269035533,0.30793609332265337,0.2677335278385664,0.9343312101910828,0.29872193899927707,False
amazon,20,118,query_adaptive_R25,25.0,0.14,7.007801055908203,0.95,round(norm/delta),layer-wise cosine theorem,disabled: no norm-table or radial-layer candidate filter,"per-query, per-layer Eq. I_threshold with Binomial(K, theta/pi)",distance-table hash-bucket lookup with per-layer thresholds; union over L tables without intersecting sphere-layer masks or exact norm-table filter,0.39563841822145185,0.1380710659898477,0.1631928766430375,0.2887829500451078,0.7108663772551358,0.7112955959547916,38.35,197.0,0.19467005076142133,32.65625,50.32802359873031,31.927209375004395,119.190086791,0.19467005076142133,0.2891336227448642,0.0,0.9511464968152866,0.2856595275594167,False
amazon,20,120,query_adaptive_R25,25.0,0.14,7.007801055908203,0.95,round(norm/delta),layer-wise cosine theorem,disabled: no norm-table or radial-layer candidate filter,"per-query, per-layer Eq. I_threshold with Binomial(K, theta/pi)",distance-table hash-bucket lookup with per-layer thresholds; union over L tables without intersecting sphere-layer masks or exact norm-table filter,0.398792517905735,0.1313451776649746,0.1565946849304085,0.255573098704928,0.7441328528425754,0.7444466670986578,35.225,197.0,0.1788071065989848,32.8625,50.32802359873031,27.75517814999091,119.190086791,0.1788071065989848,0.25586714715742465,0.13067321907187224,0.9551273885350319,0.28938896342541715,False
amazon,20,122,query_adaptive_R25,25.0,0.14,7.007801055908203,0.95,round(norm/delta),layer-wise cosine theorem,disabled: no norm-table or radial-layer candidate filter,"per-query, per-layer Eq. I_threshold with Binomial(K, theta/pi)",distance-table hash-bucket lookup with per-layer thresholds; union over L tables without intersecting sphere-layer masks or exact norm-table filter,0.3901614596764909,0.11345177664974619,0.13860566422422985,0.2441649713377835,0.7556878610379558,0.7558244978109769,27.8,197.0,0.14111675126903553,32.03125,50.32802359873031,25.368888475009044,119.190086791,0.14111675126903553,0.24431213896204418,0.20541478658419232,0.9645859872611465,0.281144629615364,False
amazon,20,124,query_adaptive_R25,25.0,0.14,7.007801055908203,0.95,round(norm/delta),layer-wise cosine theorem,disabled: no norm-table or radial-layer candidate filter,"per-query, per-layer Eq. I_threshold with Binomial(K, theta/pi)",distance-table hash-bucket lookup with per-layer thresholds; union over L tables without intersecting sphere-layer masks or exact norm-table filter,0.4098280092440157,0.10304568527918781,0.12819648485901977,0.2375313247682891,0.7623521148487449,0.762466663066603,24.6,197.0,0.1248730964467005,32.13125,50.32802359873031,23.450537499991242,119.190086791,0.1248730964467005,0.23764788515125512,0.2654999306531778,0.9686624203821657,0.28322843190233327,False
amazon,20,126,query_adaptive_R25,25.0,0.14,7.007801055908203,0.95,round(norm/delta),layer-wise cosine theorem,disabled: no norm-table or radial-layer candidate filter,"per-query, per-layer Eq. I_threshold with Binomial(K, theta/pi)",distance-table hash-bucket lookup with per-layer thresholds; union over L tables without intersecting sphere-layer masks or exact norm-table filter,0.3806317648024965,0.08451776649746193,0.10626517107680292,0.21597471676503727,0.7839970019589177,0.7840569430577692,19.05,197.0,0.0967005076142132,31.225,50.32802359873031,24.2055313499975,119.190086791,0.0967005076142132,0.21600299804108225,0.2418525820503481,0.9757324840764331,0.26314607021203135,False
amazon,20,128,query_adaptive_R25,25.0,0.14,7.007801055908203,0.95,round(norm/delta),layer-wise cosine theorem,disabled: no norm-table or radial-layer candidate filter,"per-query, per-layer Eq. I_threshold with Binomial(K, theta/pi)",distance-table hash-bucket lookup with per-layer thresholds; union over L tables without intersecting sphere-layer masks or exact norm-table filter,0.32496944953194956,0.06941624365482232,0.08965145176309622,0.19260742837732275,0.8073746479697894,0.8074042938233787,15.0,197.0,0.07614213197969542,30.30625,50.32802359873031,24.662861374991962,119.190086791,0.07614213197969542,0.19262535203021058,0.22752843553247226,0.9808917197452229,0.23944002516492258,False
cifar10,20,2,query_adaptive_R25,25.0,0.14,7.763739109039307,0.95,round(norm/delta),layer-wise cosine theorem,disabled: no norm-table or radial-layer candidate filter,"per-query, per-layer Eq. I_threshold with Binomial(K, theta/pi)",distance-table hash-bucket lookup with per-layer thresholds; union over L tables without intersecting sphere-layer masks or exact norm-table filter,0.25,1.0,0.39999999999967994,1.0,0.00016157055525020995,0.0,1800.0,450.0,4.0,0.0,13.096866976334454,2.421395824995898,157.98289237499998,4.0,0.9998384294447498,0.6195567844614748,0.0,0.4834778392229617,False
cifar10,20,4,query_adaptive_R25,25.0,0.14,7.763739109039307,0.95,round(norm/delta),layer-wise cosine theorem,disabled: no norm-table or radial-layer candidate filter,"per-query, per-layer Eq. I_threshold with Binomial(K, theta/pi)",distance-table hash-bucket lookup with per-layer thresholds; union over L tables without intersecting sphere-layer masks or exact norm-table filter,0.25,1.0,0.39999999999967994,1.0,0.00016157055525020995,0.0,1800.0,450.0,4.0,0.0,13.096866976334454,2.3804905749955196,157.98289237499998,4.0,0.9998384294447498,0.6259837075947785,0.0,0.4837991853796269,False
cifar10,20,6,query_adaptive_R25,25.0,0.14,7.763739109039307,0.95,round(norm/delta),layer-wise cosine theorem,disabled: no norm-table or radial-layer candidate filter,"per-query, per-layer Eq. I_threshold with Binomial(K, theta/pi)",distance-table hash-bucket lookup with per-layer thresholds; union over L tables without intersecting sphere-layer masks or exact norm-table filter,0.25,1.0,0.39999999999967994,1.0,0.00016157055525020995,0.0,1800.0,450.0,4.0,0.0,13.096866976334454,2.3827332750045116,157.98289237499998,4.0,0.9998384294447498,0.6256313405864184,0.0,0.48378156702920894,False
cifar10,20,8,query_adaptive_R25,25.0,0.14,7.763739109039307,0.95,round(norm/delta),layer-wise cosine theorem,disabled: no norm-table or radial-layer candidate filter,"per-query, per-layer Eq. I_threshold with Binomial(K, theta/pi)",distance-table hash-bucket lookup with per-layer thresholds; union over L tables without intersecting sphere-layer masks or exact norm-table filter,0.25,1.0,0.39999999999967994,1.0,0.00016157055525020995,0.0,1800.0,450.0,4.0,0.0,13.096866976334454,6.364670799999317,157.98289237499998,4.0,0.9998384294447498,0.0,0.0,0.452499999999888,False
cifar10,20,10,query_adaptive_R25,25.0,0.14,7.763739109039307,0.95,round(norm/delta),layer-wise cosine theorem,disabled: no norm-table or radial-layer candidate filter,"per-query, per-layer Eq. I_threshold with Binomial(K, theta/pi)",distance-table hash-bucket lookup with per-layer thresholds; union over L tables without intersecting sphere-layer masks or exact norm-table filter,0.25,1.0,0.39999999999967994,1.0,0.00016157055525020995,0.0,1800.0,450.0,4.0,0.0,13.096866976334454,2.4712947249994954,157.98289237499998,4.0,0.9998384294447498,0.6117168031691819,0.0,0.4830858401583471,False
cifar10,20,12,query_adaptive_R25,25.0,0.14,7.763739109039307,0.95,round(norm/delta),layer-wise cosine theorem,disabled: no norm-table or radial-layer candidate filter,"per-query, per-layer Eq. I_threshold with Binomial(K, theta/pi)",distance-table hash-bucket lookup with per-layer thresholds; union over L tables without intersecting sphere-layer masks or exact norm-table filter,0.25,1.0,0.39999999999967994,1.0,0.00016157055525020995,0.0,1800.0,450.0,4.0,1.0118055555555556,13.096866976334454,2.4490657499967483,157.98289237499998,4.0,0.9998384294447498,0.6152093600823767,0.0,0.48326046800400685,False
cifar10,20,14,query_adaptive_R25,25.0,0.14,7.763739109039307,0.95,round(norm/delta),layer-wise cosine theorem,disabled: no norm-table or radial-layer candidate filter,"per-query, per-layer Eq. I_threshold with Binomial(K, theta/pi)",distance-table hash-bucket lookup with per-layer thresholds; union over L tables without intersecting sphere-layer masks or exact norm-table filter,0.25,1.0,0.39999999999967994,1.0,0.00016157055525020995,0.0,1800.0,450.0,4.0,1.1984911616161615,13.096866976334454,2.3986916749976217,157.98289237499998,4.0,0.9998384294447498,0.6231239995950962,0.0,0.4836561999796428,False
cifar10,20,16,query_adaptive_R25,25.0,0.14,7.763739109039307,0.95,round(norm/delta),layer-wise cosine theorem,disabled: no norm-table or radial-layer candidate filter,"per-query, per-layer Eq. I_threshold with Binomial(K, theta/pi)",distance-table hash-bucket lookup with per-layer thresholds; union over L tables without intersecting sphere-layer masks or exact norm-table filter,0.25,1.0,0.39999999999967994,1.0,0.00016157055525020995,0.0,1800.0,450.0,4.0,1.5644507575757576,13.096866976334454,2.439260450005065,157.98289237499998,4.0,0.9998384294447498,0.6167499425099368,0.0,0.4833374971253848,False
cifar10,20,18,query_adaptive_R25,25.0,0.14,7.763739109039307,0.95,round(norm/delta),layer-wise cosine theorem,disabled: no norm-table or radial-layer candidate filter,"per-query, per-layer Eq. I_threshold with Binomial(K, theta/pi)",distance-table hash-bucket lookup with per-layer thresholds; union over L tables without intersecting sphere-layer masks or exact norm-table filter,0.25,1.0,0.39999999999967994,1.0,0.00016157055525020995,0.0,1800.0,450.0,4.0,2.0277777777777777,13.096866976334454,2.4384801750059637,157.98289237499998,4.0,0.9998384294447498,0.6168725372243564,0.0,0.4833436268611058,False
cifar10,20,20,query_adaptive_R25,25.0,0.14,7.763739109039307,0.95,round(norm/delta),layer-wise cosine theorem,disabled: no norm-table or radial-layer candidate filter,"per-query, per-layer Eq. I_threshold with Binomial(K, theta/pi)",distance-table hash-bucket lookup with per-layer thresholds; union over L tables without intersecting sphere-layer masks or exact norm-table filter,0.25,1.0,0.39999999999967994,1.0,0.00016157055525020995,0.0,1800.0,450.0,4.0,2.120492424242424,13.096866976334454,2.510546924999346,157.98289237499998,4.0,0.9998384294447498,0.60554960281691,0.0,0.4827774801407335,False
cifar10,20,22,query_adaptive_R25,25.0,0.14,7.763739109039307,0.95,round(norm/delta),layer-wise cosine theorem,disabled: no norm-table or radial-layer candidate filter,"per-query, per-layer Eq. I_threshold with Binomial(K, theta/pi)",distance-table hash-bucket lookup with per-layer thresholds; union over L tables without intersecting sphere-layer masks or exact norm-table filter,0.25,1.0,0.39999999999967994,1.0,0.00016157055525020995,0.0,1800.0,450.0,4.0,3.3595770202020203,13.096866976334454,2.6230593500002897,157.98289237499998,4.0,0.9998384294447498,0.5878719524660143,0.0,0.48189359762318873,False
cifar10,20,24,query_adaptive_R25,25.0,0.14,7.763739109039307,0.95,round(norm/delta),layer-wise cosine theorem,disabled: no norm-table or radial-layer candidate filter,"per-query, per-layer Eq. I_threshold with Binomial(K, theta/pi)",distance-table hash-bucket lookup with per-layer thresholds; union over L tables without intersecting sphere-layer masks or exact norm-table filter,0.25,1.0,0.39999999999967994,1.0,0.00016157055525020995,0.0,1800.0,450.0,4.0,3.6324873737373737,13.096866976334454,2.510619749998,157.98289237499998,4.0,0.9998384294447498,0.6055381607485073,0.0,0.4827769080373134,False
cifar10,20,26,query_adaptive_R25,25.0,0.14,7.763739109039307,0.95,round(norm/delta),layer-wise cosine theorem,disabled: no norm-table or radial-layer candidate filter,"per-query, per-layer Eq. I_threshold with Binomial(K, theta/pi)",distance-table hash-bucket lookup with per-layer thresholds; union over L tables without intersecting sphere-layer masks or exact norm-table filter,0.25,1.0,0.39999999999967994,1.0,0.00016157055525020995,0.0,1800.0,450.0,4.0,4.171912878787879,13.096866976334454,2.411387525008024,157.98289237499998,4.0,0.9998384294447498,0.6211292617037973,0.0,0.4835564630850779,False
cifar10,20,28,query_adaptive_R25,25.0,0.14,7.763739109039307,0.95,round(norm/delta),layer-wise cosine theorem,disabled: no norm-table or radial-layer candidate filter,"per-query, per-layer Eq. I_threshold with Binomial(K, theta/pi)",distance-table hash-bucket lookup with per-layer thresholds; union over L tables without intersecting sphere-layer masks or exact norm-table filter,0.25,1.0,0.39999999999967994,1.0,0.00016157055525020995,0.0,1800.0,450.0,4.0,5.374564393939394,13.096866976334454,2.4152084249962513,157.98289237499998,4.0,0.9998384294447498,0.6205289321489321,0.0,0.48352644660733457,False
cifar10,20,30,query_adaptive_R25,25.0,0.14,7.763739109039307,0.95,round(norm/delta),layer-wise cosine theorem,disabled: no norm-table or radial-layer candidate filter,"per-query, per-layer Eq. I_threshold with Binomial(K, theta/pi)",distance-table hash-bucket lookup with per-layer thresholds; union over L tables without intersecting sphere-layer masks or exact norm-table filter,0.25,1.0,0.39999999999967994,1.0,0.00016157055525020995,0.0,1800.0,450.0,4.0,6.089141414141414,13.096866976334454,2.4082406499957187,157.98289237499998,4.0,0.9998384294447498,0.6216236902628213,0.0,0.48358118451302906,False
cifar10,20,32,query_adaptive_R25,25.0,0.14,7.763739109039307,0.95,round(norm/delta),layer-wise cosine theorem,disabled: no norm-table or radial-layer candidate filter,"per-query, per-layer Eq. I_threshold with Binomial(K, theta/pi)",distance-table hash-bucket lookup with per-layer thresholds; union over L tables without intersecting sphere-layer masks or exact norm-table filter,0.25,1.0,0.39999999999967994,1.0,0.00016157055525020995,0.0,1800.0,450.0,4.0,7.259880050505049,13.096866976334454,2.473883325004067,157.98289237499998,4.0,0.9998384294447498,0.611310089281549,0.0,0.48306550446396546,False
cifar10,20,34,query_adaptive_R25,25.0,0.14,7.763739109039307,0.95,round(norm/delta),layer-wise cosine theorem,disabled: no norm-table or radial-layer candidate filter,"per-query, per-layer Eq. I_threshold with Binomial(K, theta/pi)",distance-table hash-bucket lookup with per-layer thresholds; union over L tables without intersecting sphere-layer masks or exact norm-table filter,0.25,1.0,0.39999999999967994,1.0,0.00016157055525020995,0.0,1800.0,450.0,4.0,8.07221590909091,13.096866976334454,2.4368531499987967,157.98289237499998,4.0,0.9998384294447498,0.6171281710282552,0.0,0.48335640855130074,False
cifar10,20,36,query_adaptive_R25,25.0,0.14,7.763739109039307,0.95,round(norm/delta),layer-wise cosine theorem,disabled: no norm-table or radial-layer candidate filter,"per-query, per-layer Eq. I_threshold with Binomial(K, theta/pi)",distance-table hash-bucket lookup with per-layer thresholds; union over L tables without intersecting sphere-layer masks or exact norm-table filter,0.25,1.0,0.39999999999967994,1.0,0.00016157055525020995,0.0,1800.0,450.0,4.0,9.220713383838383,13.096866976334454,2.43008537499918,157.98289237499998,4.0,0.9998384294447498,0.6181915056785905,0.0,0.4834095752838175,False
cifar10,20,38,query_adaptive_R25,25.0,0.14,7.763739109039307,0.95,round(norm/delta),layer-wise cosine theorem,disabled: no norm-table or radial-layer candidate filter,"per-query, per-layer Eq. I_threshold with Binomial(K, theta/pi)",distance-table hash-bucket lookup with per-layer thresholds; union over L tables without intersecting sphere-layer masks or exact norm-table filter,0.25,1.0,0.39999999999967994,1.0,0.00016157055525020995,0.0,1800.0,450.0,4.0,10.07221590909091,13.096866976334454,2.422604125001726,157.98289237499998,4.0,0.9998384294447498,0.619366939606368,0.0,0.4834683469802064,False
cifar10,20,40,query_adaptive_R25,25.0,0.14,7.763739109039307,0.95,round(norm/delta),layer-wise cosine theorem,disabled: no norm-table or radial-layer candidate filter,"per-query, per-layer Eq. I_threshold with Binomial(K, theta/pi)",distance-table hash-bucket lookup with per-layer thresholds; union over L tables without intersecting sphere-layer masks or exact norm-table filter,0.25,1.0,0.39999999999967994,1.0,0.00016157055525020995,0.0,1800.0,450.0,4.0,11.235435606060605,13.096866976334454,2.438719749999052,157.98289237499998,4.0,0.9998384294447498,0.6168348958442103,0.0,0.4833417447920985,False
cifar10,20,42,query_adaptive_R25,25.0,0.14,7.763739109039307,0.95,round(norm/delta),layer-wise cosine theorem,disabled: no norm-table or radial-layer candidate filter,"per-query, per-layer Eq. I_threshold with Binomial(K, theta/pi)",distance-table hash-bucket lookup with per-layer thresholds; union over L tables without intersecting sphere-layer masks or exact norm-table filter,0.25,1.0,0.39999999999967994,1.0,0.00016157055525020995,0.0,1800.0,450.0,4.0,12.464501262626262,13.096866976334454,2.4530397250018154,157.98289237499998,4.0,0.9998384294447498,0.6145849797915584,0.0,0.4832292489894659,False
cifar10,20,44,query_adaptive_R25,25.0,0.14,7.763739109039307,0.95,round(norm/delta),layer-wise cosine theorem,disabled: no norm-table or radial-layer candidate filter,"per-query, per-layer Eq. I_threshold with Binomial(K, theta/pi)",distance-table hash-bucket lookup with per-layer thresholds; union over L tables without intersecting sphere-layer masks or exact norm-table filter,0.25,1.0,0.39999999999967994,1.0,0.00016157055525020995,0.0,1800.0,450.0,4.0,14.062651515151515,13.096866976334454,2.4475363499988134,157.98289237499998,4.0,0.9998384294447498,0.615449655306748,0.0,0.4832724827652254,False
cifar10,20,46,query_adaptive_R25,25.0,0.14,7.763739109039307,0.95,round(norm/delta),layer-wise cosine theorem,disabled: no norm-table or radial-layer candidate filter,"per-query, per-layer Eq. I_threshold with Binomial(K, theta/pi)",distance-table hash-bucket lookup with per-layer thresholds; union over L tables without intersecting sphere-layer masks or exact norm-table filter,0.25,1.0,0.39999999999967994,1.0,0.00016157055525020995,0.0,1800.0,450.0,4.0,15.245486111111111,13.096866976334454,2.460044824999841,157.98289237499998,4.0,0.9998384294447498,0.6134843572742041,0.0,0.4831742178635982,False
cifar10,20,48,query_adaptive_R25,25.0,0.14,7.763739109039307,0.95,round(norm/delta),layer-wise cosine theorem,disabled: no norm-table or radial-layer candidate filter,"per-query, per-layer Eq. I_threshold with Binomial(K, theta/pi)",distance-table hash-bucket lookup with per-layer thresholds; union over L tables without intersecting sphere-layer masks or exact norm-table filter,0.25,1.0,0.39999999999967994,1.0,0.00016157055525020995,0.0,1800.0,450.0,4.0,16.723232323232324,13.096866976334454,2.5330269999997768,157.98289237499998,4.0,0.9998384294447498,0.6020175937457679,0.0,0.4826008796871764,False
cifar10,20,50,query_adaptive_R25,25.0,0.14,7.763739109039307,0.95,round(norm/delta),layer-wise cosine theorem,disabled: no norm-table or radial-layer candidate filter,"per-query, per-layer Eq. I_threshold with Binomial(K, theta/pi)",distance-table hash-bucket lookup with per-layer thresholds; union over L tables without intersecting sphere-layer masks or exact norm-table filter,0.25,1.0,0.39999999999967994,1.0,0.00016157055525020995,0.0,1800.0,450.0,4.0,19.087493686868687,13.096866976334454,2.50856567500648,157.98289237499998,4.0,0.9998384294447498,0.6058608915001937,0.0,0.4827930445748977,False
cifar10,20,52,query_adaptive_R25,25.0,0.14,7.763739109039307,0.95,round(norm/delta),layer-wise cosine theorem,disabled: no norm-table or radial-layer candidate filter,"per-query, per-layer Eq. I_threshold with Binomial(K, theta/pi)",distance-table hash-bucket lookup with per-layer thresholds; union over L tables without intersecting sphere-layer masks or exact norm-table filter,0.25,1.0,0.39999999999967994,1.0,0.00016157055525020995,0.0,1800.0,450.0,4.0,18.864021464646463,13.096866976334454,2.506129225000109,157.98289237499998,4.0,0.9998384294447498,0.6062436999883203,0.0,0.482812184999304,False
cifar10,20,54,query_adaptive_R25,25.0,0.14,7.763739109039307,0.95,round(norm/delta),layer-wise cosine theorem,disabled: no norm-table or radial-layer candidate filter,"per-query, per-layer Eq. I_threshold with Binomial(K, theta/pi)",distance-table hash-bucket lookup with per-layer thresholds; union over L tables without intersecting sphere-layer masks or exact norm-table filter,0.25,1.0,0.39999999999967994,1.0,0.00016157055525020995,0.0,1800.0,450.0,4.0,18.62058080808081,13.096866976334454,2.5726010999918003,157.98289237499998,4.0,0.9998384294447498,0.5957998173303674,0.0,0.48228999086640634,False
cifar10,20,56,query_adaptive_R25,25.0,0.14,7.763739109039307,0.95,round(norm/delta),layer-wise cosine theorem,disabled: no norm-table or radial-layer candidate filter,"per-query, per-layer Eq. I_threshold with Binomial(K, theta/pi)",distance-table hash-bucket lookup with per-layer thresholds; union over L tables without intersecting sphere-layer masks or exact norm-table filter,0.25,1.0,0.39999999999967994,1.0,0.00016157055525020995,0.0,1800.0,450.0,4.0,19.166881313131313,13.096866976334454,2.7241167749991746,157.98289237499998,4.0,0.9998384294447498,0.5719940809822455,0.0,0.48109970404900027,False
cifar10,20,58,query_adaptive_R25,25.0,0.14,7.763739109039307,0.95,round(norm/delta),layer-wise cosine theorem,disabled: no norm-table or radial-layer candidate filter,"per-query, per-layer Eq. I_threshold with Binomial(K, theta/pi)",distance-table hash-bucket lookup with per-layer thresholds; union over L tables without intersecting sphere-layer masks or exact norm-table filter,0.25,1.0,0.39999999999967994,1.0,0.00016157055525020995,0.0,1800.0,450.0,4.0,19.149419191919193,13.096866976334454,2.6395385499995427,157.98289237499998,4.0,0.9998384294447498,0.5852827847750074,0.0,0.48176413923863837,False
cifar10,20,60,query_adaptive_R25,25.0,0.14,7.763739109039307,0.95,round(norm/delta),layer-wise cosine theorem,disabled: no norm-table or radial-layer candidate filter,"per-query, per-layer Eq. I_threshold with Binomial(K, theta/pi)",distance-table hash-bucket lookup with per-layer thresholds; union over L tables without intersecting sphere-layer masks or exact norm-table filter,0.25,1.0,0.39999999999967994,1.0,0.00016157055525020995,0.0,1800.0,450.0,4.0,19.141780303030306,13.096866976334454,2.6694229499995004,157.98289237499998,4.0,0.9998384294447498,0.5805874280253761,0.0,0.4815293714011568,False
cifar10,20,62,query_adaptive_R25,25.0,0.14,7.763739109039307,0.95,round(norm/delta),layer-wise cosine theorem,disabled: no norm-table or radial-layer candidate filter,"per-query, per-layer Eq. I_threshold with Binomial(K, theta/pi)",distance-table hash-bucket lookup with per-layer thresholds; union over L tables without intersecting sphere-layer masks or exact norm-table filter,0.25,1.0,0.39999999999967994,1.0,0.00016157055525020995,0.0,1800.0,450.0,4.0,19.141780303030306,13.096866976334454,2.5840895750036452,157.98289237499998,4.0,0.9998384294447498,0.5939947789595147,0.0,0.4821997389478637,False
cifar10,20,64,query_adaptive_R25,25.0,0.14,7.763739109039307,0.95,round(norm/delta),layer-wise cosine theorem,disabled: no norm-table or radial-layer candidate filter,"per-query, per-layer Eq. I_threshold with Binomial(K, theta/pi)",distance-table hash-bucket lookup with per-layer thresholds; union over L tables without intersecting sphere-layer masks or exact norm-table filter,0.25,1.0,0.39999999999967994,1.0,0.00016157055525020995,0.0,1800.0,450.0,4.0,19.141780303030306,13.096866976334454,2.5390448250050213,157.98289237499998,4.0,0.9998384294447498,0.6010720892264697,0.0,0.4825536044612115,False
cifar10,20,66,query_adaptive_R25,25.0,0.14,7.763739109039307,0.95,round(norm/delta),layer-wise cosine theorem,disabled: no norm-table or radial-layer candidate filter,"per-query, per-layer Eq. I_threshold with Binomial(K, theta/pi)",distance-table hash-bucket lookup with per-layer thresholds; union over L tables without intersecting sphere-layer masks or exact norm-table filter,0.25,1.0,0.39999999999967994,1.0,0.00016157055525020995,0.0,1800.0,450.0,4.0,19.141780303030306,13.096866976334454,2.630416725003215,157.98289237499998,4.0,0.9998384294447498,0.5867159814450266,0.0,0.4818357990721393,False
cifar10,20,68,query_adaptive_R25,25.0,0.14,7.763739109039307,0.95,round(norm/delta),layer-wise cosine theorem,disabled: no norm-table or radial-layer candidate filter,"per-query, per-layer Eq. I_threshold with Binomial(K, theta/pi)",distance-table hash-bucket lookup with per-layer thresholds; union over L tables without intersecting sphere-layer masks or exact norm-table filter,0.25,1.0,0.39999999999967994,1.0,0.00016157055525020995,0.0,1800.0,450.0,4.0,19.144280303030303,13.096866976334454,2.511418750000871,157.98289237499998,4.0,0.9998384294447498,0.6054126240117335,0.0,0.48277063120047464,False
cifar10,20,70,query_adaptive_R25,25.0,0.14,7.763739109039307,0.95,round(norm/delta),layer-wise cosine theorem,disabled: no norm-table or radial-layer candidate filter,"per-query, per-layer Eq. I_threshold with Binomial(K, theta/pi)",distance-table hash-bucket lookup with per-layer thresholds; union over L tables without intersecting sphere-layer masks or exact norm-table filter,0.25,1.0,0.39999999999967994,1.0,0.00016157055525020995,0.0,1800.0,450.0,4.0,19.151919191919195,13.096866976334454,2.5434636000028377,157.98289237499998,4.0,0.9998384294447498,0.6003778231541668,0.0,0.48251889115759633,False
cifar10,20,72,query_adaptive_R25,25.0,0.14,7.763739109039307,0.95,round(norm/delta),layer-wise cosine theorem,disabled: no norm-table or radial-layer candidate filter,"per-query, per-layer Eq. I_threshold with Binomial(K, theta/pi)",distance-table hash-bucket lookup with per-layer thresholds; union over L tables without intersecting sphere-layer masks or exact norm-table filter,0.25,1.0,0.39999999999967994,1.0,0.00016157055525020995,0.0,1800.0,450.0,4.0,19.160946969696973,13.096866976334454,2.526283299999932,157.98289237499998,4.0,0.9998384294447498,0.603077145796731,0.0,0.48265385728972454,False
cifar10,20,74,query_adaptive_R25,25.0,0.14,7.763739109039307,0.95,round(norm/delta),layer-wise cosine theorem,disabled: no norm-table or radial-layer candidate filter,"per-query, per-layer Eq. I_threshold with Binomial(K, theta/pi)",distance-table hash-bucket lookup with per-layer thresholds; union over L tables without intersecting sphere-layer masks or exact norm-table filter,0.25,1.0,0.39999999999967994,1.0,0.00016157055525020995,0.0,1800.0,450.0,4.0,18.468282828282828,13.096866976334454,2.5654541500003347,157.98289237499998,4.0,0.9998384294447498,0.5969227269381143,0.0,0.4823461363467937,False
cifar10,20,76,query_adaptive_R25,25.0,0.14,7.763739109039307,0.95,round(norm/delta),layer-wise cosine theorem,disabled: no norm-table or radial-layer candidate filter,"per-query, per-layer Eq. I_threshold with Binomial(K, theta/pi)",distance-table hash-bucket lookup with per-layer thresholds; union over L tables without intersecting sphere-layer masks or exact norm-table filter,0.25,1.0,0.39999999999967994,1.0,0.00016157055525020995,0.0,1800.0,450.0,4.0,18.488901515151518,13.096866976334454,2.7556884000034643,157.98289237499998,4.0,0.9998384294447498,0.5670336319666746,0.0,0.4808516815982217,False
cifar10,20,78,query_adaptive_R25,25.0,0.14,7.763739109039307,0.95,round(norm/delta),layer-wise cosine theorem,disabled: no norm-table or radial-layer candidate filter,"per-query, per-layer Eq. I_threshold with Binomial(K, theta/pi)",distance-table hash-bucket lookup with per-layer thresholds; union over L tables without intersecting sphere-layer masks or exact norm-table filter,0.25,1.0,0.39999999999967994,1.0,0.00016157055525020995,0.0,1800.0,450.0,4.0,18.20988005050505,13.096866976334454,2.5577739499908603,157.98289237499998,4.0,0.9998384294447498,0.5981294193580076,0.0,0.4824064709677884,False
cifar10,20,80,query_adaptive_R25,25.0,0.14,7.763739109039307,0.95,round(norm/delta),layer-wise cosine theorem,disabled: no norm-table or radial-layer candidate filter,"per-query, per-layer Eq. I_threshold with Binomial(K, theta/pi)",distance-table hash-bucket lookup with per-layer thresholds; union over L tables without intersecting sphere-layer masks or exact norm-table filter,0.25,1.0,0.39999999999967994,1.0,0.00016157055525020995,0.0,1800.0,450.0,4.0,18.22515782828283,13.096866976334454,2.574864599995408,157.98289237499998,4.0,0.9998384294447498,0.5954441822826588,0.0,0.4822722091140209,False
cifar10,20,82,query_adaptive_R25,25.0,0.14,7.763739109039307,0.95,round(norm/delta),layer-wise cosine theorem,disabled: no norm-table or radial-layer candidate filter,"per-query, per-layer Eq. I_threshold with Binomial(K, theta/pi)",distance-table hash-bucket lookup with per-layer thresholds; union over L tables without intersecting sphere-layer masks or exact norm-table filter,0.25,1.0,0.39999999999967994,1.0,0.00016157055525020995,0.0,1800.0,450.0,4.0,17.549015151515153,13.096866976334454,3.5818573000000242,157.98289237499998,4.0,0.9998384294447498,0.43722819096937293,0.0,0.47436140954835665,False
cifar10,20,84,query_adaptive_R25,25.0,0.14,7.763739109039307,0.95,round(norm/delta),layer-wise cosine theorem,disabled: no norm-table or radial-layer candidate filter,"per-query, per-layer Eq. I_threshold with Binomial(K, theta/pi)",distance-table hash-bucket lookup with per-layer thresholds; union over L tables without intersecting sphere-layer masks or exact norm-table filter,0.25,1.0,0.39999999999967994,1.0,0.00016157055525020995,0.0,1800.0,450.0,4.0,17.581755050505052,13.096866976334454,2.854989399999397,157.98289237499998,4.0,0.9998384294447498,0.5514317252669685,0.0,0.4800715862632364,False
cifar10,20,86,query_adaptive_R25,25.0,0.14,7.763739109039307,0.95,round(norm/delta),layer-wise cosine theorem,disabled: no norm-table or radial-layer candidate filter,"per-query, per-layer Eq. I_threshold with Binomial(K, theta/pi)",distance-table hash-bucket lookup with per-layer thresholds; union over L tables without intersecting sphere-layer masks or exact norm-table filter,0.25,1.0,0.39999999999967994,1.0,0.00016157055525020995,0.0,1800.0,450.0,4.0,17.601041666666667,13.096866976334454,3.0097165750035515,157.98289237499998,4.0,0.9998384294447498,0.5271214066556476,0.0,0.47885607033267036,False
cifar10,20,88,query_adaptive_R25,25.0,0.14,7.763739109039307,0.95,round(norm/delta),layer-wise cosine theorem,disabled: no norm-table or radial-layer candidate filter,"per-query, per-layer Eq. I_threshold with Binomial(K, theta/pi)",distance-table hash-bucket lookup with per-layer thresholds; union over L tables without intersecting sphere-layer masks or exact norm-table filter,0.25,1.0,0.39999999999967994,1.0,0.00016157055525020995,0.0,1800.0,450.0,4.0,17.151931818181815,13.096866976334454,2.80803959999929,157.98289237499998,4.0,0.9998384294447498,0.5588083518790019,0.0,0.4804404175938381,False
cifar10,20,90,query_adaptive_R25,25.0,0.14,7.763739109039307,0.95,round(norm/delta),layer-wise cosine theorem,disabled: no norm-table or radial-layer candidate filter,"per-query, per-layer Eq. I_threshold with Binomial(K, theta/pi)",distance-table hash-bucket lookup with per-layer thresholds; union over L tables without intersecting sphere-layer masks or exact norm-table filter,0.25,1.0,0.39999999999967994,1.0,0.00016157055525020995,0.0,1800.0,450.0,4.0,16.638762626262626,13.096866976334454,2.827319725001587,157.98289237499998,4.0,0.9998384294447498,0.5557791103662596,0.0,0.48028895551820094,False
cifar10,20,92,query_adaptive_R25,25.0,0.14,7.763739109039307,0.95,round(norm/delta),layer-wise cosine theorem,disabled: no norm-table or radial-layer candidate filter,"per-query, per-layer Eq. I_threshold with Binomial(K, theta/pi)",distance-table hash-bucket lookup with per-layer thresholds; union over L tables without intersecting sphere-layer masks or exact norm-table filter,0.25,1.0,0.39999999999967994,1.0,0.00016157055525020995,0.0,1800.0,450.0,4.0,16.20205176767677,13.096866976334454,3.0509645249978234,157.98289237499998,4.0,0.9998384294447498,0.5206406394187504,0.0,0.4785320319708255,False
cifar10,20,94,query_adaptive_R25,25.0,0.14,7.763739109039307,0.95,round(norm/delta),layer-wise cosine theorem,disabled: no norm-table or radial-layer candidate filter,"per-query, per-layer Eq. I_threshold with Binomial(K, theta/pi)",distance-table hash-bucket lookup with per-layer thresholds; union over L tables without intersecting sphere-layer masks or exact norm-table filter,0.25,1.0,0.39999999999967994,1.0,0.00016157055525020995,0.0,1800.0,450.0,4.0,16.216546717171717,13.096866976334454,2.8446084250063564,157.98289237499998,4.0,0.9998384294447498,0.5530627562062342,0.0,0.4801531378101997,False
cifar10,20,96,query_adaptive_R25,25.0,0.14,7.763739109039307,0.95,round(norm/delta),layer-wise cosine theorem,disabled: no norm-table or radial-layer candidate filter,"per-query, per-layer Eq. I_threshold with Binomial(K, theta/pi)",distance-table hash-bucket lookup with per-layer thresholds; union over L tables without intersecting sphere-layer masks or exact norm-table filter,0.25,1.0,0.39999999999967994,1.0,0.00016157055525020995,0.0,1800.0,450.0,4.0,15.902632575757575,13.096866976334454,2.8953999500018313,157.98289237499998,4.0,0.9998384294447498,0.5450825280700862,0.0,0.4797541264033923,False
cifar10,20,98,query_adaptive_R25,25.0,0.14,7.763739109039307,0.95,round(norm/delta),layer-wise cosine theorem,disabled: no norm-table or radial-layer candidate filter,"per-query, per-layer Eq. I_threshold with Binomial(K, theta/pi)",distance-table hash-bucket lookup with per-layer thresholds; union over L tables without intersecting sphere-layer masks or exact norm-table filter,0.25,1.0,0.39999999999967994,1.0,0.00016157055525020995,0.0,1800.0,450.0,4.0,15.25758207070707,13.096866976334454,3.0868906750015412,157.98289237499998,4.0,0.9998384294447498,0.5149960191182437,0.0,0.47824980095580016,False
cifar10,20,100,query_adaptive_R25,25.0,0.14,7.763739109039307,0.95,round(norm/delta),layer-wise cosine theorem,disabled: no norm-table or radial-layer candidate filter,"per-query, per-layer Eq. I_threshold with Binomial(K, theta/pi)",distance-table hash-bucket lookup with per-layer thresholds; union over L tables without intersecting sphere-layer masks or exact norm-table filter,0.25,1.0,0.39999999999967994,1.0,0.00016157055525020995,0.0,1800.0,450.0,4.0,14.92606691919192,13.096866976334454,3.094382299994436,157.98289237499998,4.0,0.9998384294447498,0.5138189550990182,0.0,0.4781909477548389,False
cifar10,20,102,query_adaptive_R25,25.0,0.14,7.763739109039307,0.95,round(norm/delta),layer-wise cosine theorem,disabled: no norm-table or radial-layer candidate filter,"per-query, per-layer Eq. I_threshold with Binomial(K, theta/pi)",distance-table hash-bucket lookup with per-layer thresholds; union over L tables without intersecting sphere-layer masks or exact norm-table filter,0.25,1.0,0.39999999999967994,1.0,0.00016157055525020995,0.0,1800.0,450.0,4.0,14.671830808080808,13.096866976334454,3.2626593749981225,157.98289237499998,4.0,0.9998384294447498,0.4873797125534799,0.0,0.47686898562756197,False
cifar10,20,104,query_adaptive_R25,25.0,0.14,7.763739109039307,0.95,round(norm/delta),layer-wise cosine theorem,disabled: no norm-table or radial-layer candidate filter,"per-query, per-layer Eq. I_threshold with Binomial(K, theta/pi)",distance-table hash-bucket lookup with per-layer thresholds; union over L tables without intersecting sphere-layer masks or exact norm-table filter,0.25,1.0,0.39999999999967994,1.0,0.00016157055525020995,0.0,1800.0,450.0,4.0,13.960372474747476,13.096866976334454,3.1588301749977177,157.98289237499998,4.0,0.9998384294447498,0.5036930778889528,0.0,0.4776846538943356,False
cifar10,20,106,query_adaptive_R25,25.0,0.14,7.763739109039307,0.95,round(norm/delta),layer-wise cosine theorem,disabled: no norm-table or radial-layer candidate filter,"per-query, per-layer Eq. I_threshold with Binomial(K, theta/pi)",distance-table hash-bucket lookup with per-layer thresholds; union over L tables without intersecting sphere-layer masks or exact norm-table filter,0.25,1.0,0.39999999999967994,1.0,0.00016157055525020995,0.0,1800.0,450.0,4.0,13.701275252525253,13.096866976334454,3.0609634249984197,157.98289237499998,4.0,0.9998384294447498,0.5190696390772092,0.0,0.4784534819537484,False
cifar10,20,108,query_adaptive_R25,25.0,0.14,7.763739109039307,0.95,round(norm/delta),layer-wise cosine theorem,disabled: no norm-table or radial-layer candidate filter,"per-query, per-layer Eq. I_threshold with Binomial(K, theta/pi)",distance-table hash-bucket lookup with per-layer thresholds; union over L tables without intersecting sphere-layer masks or exact norm-table filter,0.25,1.0,0.39999999999967994,1.0,0.00016157055525020995,0.0,1800.0,450.0,4.0,12.70840909090909,13.096866976334454,3.2314886250006225,157.98289237499998,4.0,0.9998384294447498,0.4922771771635118,0.0,0.47711385885806357,False
cifar10,20,110,query_adaptive_R25,25.0,0.14,7.763739109039307,0.95,round(norm/delta),layer-wise cosine theorem,disabled: no norm-table or radial-layer candidate filter,"per-query, per-layer Eq. I_threshold with Binomial(K, theta/pi)",distance-table hash-bucket lookup with per-layer thresholds; union over L tables without intersecting sphere-layer masks or exact norm-table filter,0.25,1.0,0.39999999999967994,1.0,0.00016157055525020995,0.0,1800.0,450.0,4.0,12.490625,13.096866976334454,3.1559426249984313,157.98289237499998,4.0,0.9998384294447498,0.5041467619976874,0.0,0.47770733809977234,False
cifar10,20,112,query_adaptive_R25,25.0,0.14,7.763739109039307,0.95,round(norm/delta),layer-wise cosine theorem,disabled: no norm-table or radial-layer candidate filter,"per-query, per-layer Eq. I_threshold with Binomial(K, theta/pi)",distance-table hash-bucket lookup with per-layer thresholds; union over L tables without intersecting sphere-layer masks or exact norm-table filter,0.25,1.0,0.39999999999967994,1.0,0.00016157055525020995,0.0,1800.0,450.0,4.0,12.483579545454546,13.096866976334454,3.072105199998987,157.98289237499998,4.0,0.9998384294447498,0.5173190732819494,0.0,0.4783659536639855,False
cifar10,20,114,query_adaptive_R25,25.0,0.14,7.763739109039307,0.95,round(norm/delta),layer-wise cosine theorem,disabled: no norm-table or radial-layer candidate filter,"per-query, per-layer Eq. I_threshold with Binomial(K, theta/pi)",distance-table hash-bucket lookup with per-layer thresholds; union over L tables without intersecting sphere-layer masks or exact norm-table filter,0.25,1.0,0.39999999999967994,1.0,0.00016157055525020995,0.0,1800.0,450.0,4.0,11.46054292929293,13.096866976334454,3.1322884750025537,157.98289237499998,4.0,0.9998384294447498,0.5078632385821291,0.0,0.47789316192899445,False
cifar10,20,116,query_adaptive_R25,25.0,0.14,7.763739109039307,0.95,round(norm/delta),layer-wise cosine theorem,disabled: no norm-table or radial-layer candidate filter,"per-query, per-layer Eq. I_threshold with Binomial(K, theta/pi)",distance-table hash-bucket lookup with per-layer thresholds; union over L tables without intersecting sphere-layer masks or exact norm-table filter,0.25,1.0,0.39999999999967994,1.0,0.00016157055525020995,0.0,1800.0,450.0,4.0,11.231003787878787,13.096866976334454,3.3007104999953185,157.98289237499998,4.0,0.9998384294447498,0.48140122188320045,0.0,0.47657006109404804,False
cifar10,20,118,query_adaptive_R25,25.0,0.14,7.763739109039307,0.95,round(norm/delta),layer-wise cosine theorem,disabled: no norm-table or radial-layer candidate filter,"per-query, per-layer Eq. I_threshold with Binomial(K, theta/pi)",distance-table hash-bucket lookup with per-layer thresholds; union over L tables without intersecting sphere-layer masks or exact norm-table filter,0.25,1.0,0.39999999999967994,1.0,0.00016157055525020995,0.0,1800.0,450.0,4.0,10.206060606060607,13.096866976334454,3.138420849995782,157.98289237499998,4.0,0.9998384294447498,0.5068997362760508,0.0,0.47784498681369053,False
cifar10,20,120,query_adaptive_R25,25.0,0.14,7.763739109039307,0.95,round(norm/delta),layer-wise cosine theorem,disabled: no norm-table or radial-layer candidate filter,"per-query, per-layer Eq. I_threshold with Binomial(K, theta/pi)",distance-table hash-bucket lookup with per-layer thresholds; union over L tables without intersecting sphere-layer masks or exact norm-table filter,0.25,1.0,0.39999999999967994,1.0,0.00016157055525020995,0.0,1800.0,450.0,4.0,9.992897727272727,13.096866976334454,3.421222874997909,157.98289237499998,4.0,0.9998384294447498,0.4624666408515149,0.0,0.47562333204246376,False
cifar10,20,122,query_adaptive_R25,25.0,0.14,7.763739109039307,0.95,round(norm/delta),layer-wise cosine theorem,disabled: no norm-table or radial-layer candidate filter,"per-query, per-layer Eq. I_threshold with Binomial(K, theta/pi)",distance-table hash-bucket lookup with per-layer thresholds; union over L tables without intersecting sphere-layer masks or exact norm-table filter,0.25,1.0,0.39999999999967994,1.0,0.00016157055525020995,0.0,1800.0,450.0,4.0,8.94671085858586,13.096866976334454,3.079454250001845,157.98289237499998,4.0,0.9998384294447498,0.5161644102626367,0.0,0.4783082205130198,False
cifar10,20,124,query_adaptive_R25,25.0,0.14,7.763739109039307,0.95,round(norm/delta),layer-wise cosine theorem,disabled: no norm-table or radial-layer candidate filter,"per-query, per-layer Eq. I_threshold with Binomial(K, theta/pi)",distance-table hash-bucket lookup with per-layer thresholds; union over L tables without intersecting sphere-layer masks or exact norm-table filter,0.25,1.0,0.39999999999967994,1.0,0.00016157055525020995,0.0,1800.0,450.0,4.0,8.742171717171718,13.096866976334454,2.9659582499988346,157.98289237499998,4.0,0.9998384294447498,0.5339965972789742,0.0,0.4791998298638367,False
cifar10,20,126,query_adaptive_R25,25.0,0.14,7.763739109039307,0.95,round(norm/delta),layer-wise cosine theorem,disabled: no norm-table or radial-layer candidate filter,"per-query, per-layer Eq. I_threshold with Binomial(K, theta/pi)",distance-table hash-bucket lookup with per-layer thresholds; union over L tables without intersecting sphere-layer masks or exact norm-table filter,0.25,1.0,0.39999999999967994,1.0,0.00016157055525020995,0.0,1800.0,450.0,4.0,7.6642613636363635,13.096866976334454,2.8573573749966386,157.98289237499998,4.0,0.9998384294447498,0.5510596753885613,0.0,0.48005298376931604,False
cifar10,20,128,query_adaptive_R25,25.0,0.14,7.763739109039307,0.95,round(norm/delta),layer-wise cosine theorem,disabled: no norm-table or radial-layer candidate filter,"per-query, per-layer Eq. I_threshold with Binomial(K, theta/pi)",distance-table hash-bucket lookup with per-layer thresholds; union over L tables without intersecting sphere-layer masks or exact norm-table filter,0.25,1.0,0.39999999999967994,1.0,0.00016157055525020995,0.0,1800.0,450.0,4.0,6.4323358585858585,13.096866976334454,2.8497979249934247,157.98289237499998,4.0,0.9998384294447498,0.5522473958914371,0.0,0.48011236979445987,False
cifar10_gist512,20,2,query_adaptive_R25,25.0,0.14,1.6133838891983032,0.95,round(norm/delta),layer-wise cosine theorem,disabled: no norm-table or radial-layer candidate filter,"per-query, per-layer Eq. I_threshold with Binomial(K, theta/pi)",distance-table hash-bucket lookup with per-layer thresholds; union over L tables without intersecting sphere-layer masks or exact norm-table filter,0.26263989006404564,0.9442222222222222,0.41041745865298207,0.9754365881809038,0.023683040742352307,0.024660963099443437,1625.05,450.0,3.611222222222222,0.0,17.84474377865812,1.6531229000023018,45.899142499999925,3.611222222222222,0.9763169592576477,0.9586769723701148,0.0,0.49329548721861644,False
cifar10_gist512,20,4,query_adaptive_R25,25.0,0.14,1.6133838891983032,0.95,round(norm/delta),layer-wise cosine theorem,disabled: no norm-table or radial-layer candidate filter,"per-query, per-layer Eq. I_threshold with Binomial(K, theta/pi)",distance-table hash-bucket lookup with per-layer thresholds; union over L tables without intersecting sphere-layer masks or exact norm-table filter,0.32700761858724875,0.6275555555555556,0.4277489618332737,0.7890756111563652,0.20957925092276347,0.21146830900497987,878.1,450.0,1.9513333333333336,0.0,17.84474377865812,2.4672490499995092,45.899142499999925,1.9513333333333336,0.7904207490772366,0.9383263031062024,0.45964739546475486,0.48123398487913255,False
cifar10_gist512,20,6,query_adaptive_R25,25.0,0.14,1.6133838891983032,0.95,round(norm/delta),layer-wise cosine theorem,disabled: no norm-table or radial-layer candidate filter,"per-query, per-layer Eq. I_threshold with Binomial(K, theta/pi)",distance-table hash-bucket lookup with per-layer thresholds; union over L tables without intersecting sphere-layer masks or exact norm-table filter,0.36103746787892843,0.2763333333333334,0.3088226130767519,0.494733356754693,0.5047331712986647,0.5057572170141494,353.825,450.0,0.7862777777777777,0.0,17.84474377865812,3.6704031499965595,45.899142499999925,0.7862777777777777,0.4952668287013353,0.9082511222971297,0.7822682379003723,0.3910699947848223,False
cifar10_gist512,20,8,query_adaptive_R25,25.0,0.14,1.6133838891983032,0.95,round(norm/delta),layer-wise cosine theorem,disabled: no norm-table or radial-layer candidate filter,"per-query, per-layer Eq. I_threshold with Binomial(K, theta/pi)",distance-table hash-bucket lookup with per-layer thresholds; union over L tables without intersecting sphere-layer masks or exact norm-table filter,0.4052161036958145,0.12105555555555556,0.1836797314025937,0.2806392030560974,0.7191702867845857,0.7195613709425015,134.675,450.0,0.29927777777777775,0.0,17.84474377865812,5.449708400006159,45.899142499999925,0.29927777777777775,0.2808297132154143,0.8637739209904125,0.9171256269037876,0.3307570795436497,False
cifar10_gist512,20,10,query_adaptive_R25,25.0,0.14,1.6133838891983032,0.95,round(norm/delta),layer-wise cosine theorem,disabled: no norm-table or radial-layer candidate filter,"per-query, per-layer Eq. I_threshold with Binomial(K, theta/pi)",distance-table hash-bucket lookup with per-layer thresholds; union over L tables without intersecting sphere-layer masks or exact norm-table filter,0.4244188450276246,0.05655555555555556,0.09376498646587475,0.14082105341532375,0.8591013606250062,0.8593077385837112,55.85,450.0,0.1241111111111111,0.008333333333333333,17.84474377865812,8.772378175000028,45.899142499999925,0.1241111111111111,0.1408986393749938,0.7807173164773029,0.9656318267130242,0.28866039390401876,False
cifar10_gist512,20,12,query_adaptive_R25,25.0,0.14,1.6133838891983032,0.95,round(norm/delta),layer-wise cosine theorem,disabled: no norm-table or radial-layer candidate filter,"per-query, per-layer Eq. I_threshold with Binomial(K, theta/pi)",distance-table hash-bucket lookup with per-layer thresholds; union over L tables without intersecting sphere-layer masks or exact norm-table filter,0.4079877129551034,0.1796111111111111,0.2335277236341468,0.39987508216112144,0.5998362657875361,0.6005788997808537,189.65,450.0,0.4214444444444444,1.1023809523809525,17.84474377865812,16.23784069999914,45.899142499999925,0.4214444444444444,0.4001637342124639,0.5941035358624549,0.8832958985877357,0.3466691759404013,False
cifar10_gist512,20,14,query_adaptive_R25,25.0,0.14,1.6133838891983032,0.95,round(norm/delta),layer-wise cosine theorem,disabled: no norm-table or radial-layer candidate filter,"per-query, per-layer Eq. I_threshold with Binomial(K, theta/pi)",distance-table hash-bucket lookup with per-layer thresholds; union over L tables without intersecting sphere-layer masks or exact norm-table filter,0.42051340643584306,0.20949999999999996,0.2760162028265175,0.46786118131326837,0.5318169083883489,0.5327081773261769,220.8,450.0,0.49066666666666664,1.642857142857143,17.84474377865812,15.565695924995282,45.899142499999925,0.49066666666666664,0.46818309161165106,0.6109051040391034,0.8641272576228424,0.3710670035624813,False
cifar10_gist512,20,16,query_adaptive_R25,25.0,0.14,1.6133838891983032,0.95,round(norm/delta),layer-wise cosine theorem,disabled: no norm-table or radial-layer candidate filter,"per-query, per-layer Eq. I_threshold with Binomial(K, theta/pi)",distance-table hash-bucket lookup with per-layer thresholds; union over L tables without intersecting sphere-layer masks or exact norm-table filter,0.4656720255434192,0.11488888888888889,0.1759743328968958,0.33335288117514883,0.6665093826129072,0.6670167350679752,106.275,450.0,0.23616666666666664,1.8302083333333337,17.84474377865812,17.171445774995675,45.899142499999925,0.23616666666666664,0.33349061738709285,0.5707662580899258,0.9346020122457771,0.3287297592510645,False
cifar10_gist512,20,18,query_adaptive_R25,25.0,0.14,1.6133838891983032,0.95,round(norm/delta),layer-wise cosine theorem,disabled: no norm-table or radial-layer candidate filter,"per-query, per-layer Eq. I_threshold with Binomial(K, theta/pi)",distance-table hash-bucket lookup with per-layer thresholds; union over L tables without intersecting sphere-layer masks or exact norm-table filter,0.48695041081910134,0.09144444444444444,0.13986732644250413,0.2654482587520102,0.7344689060315217,0.7348234934847714,76.75,450.0,0.17055555555555554,2.1361607142857144,17.84474377865812,20.574160500000005,45.899142499999925,0.17055555555555554,0.2655310939684783,0.4857087741014241,0.9527706839789545,0.31311478517372954,False
cifar10_gist512,20,20,query_adaptive_R25,25.0,0.14,1.6133838891983032,0.95,round(norm/delta),layer-wise cosine theorem,disabled: no norm-table or radial-layer candidate filter,"per-query, per-layer Eq. I_threshold with Binomial(K, theta/pi)",distance-table hash-bucket lookup with per-layer thresholds; union over L tables without intersecting sphere-layer masks or exact norm-table filter,0.4975603892464089,0.10244444444444445,0.16049779832407862,0.31060555776714827,0.6892756989253703,0.6897358631544581,86.725,450.0,0.1927222222222222,2.5532738095238097,17.84474377865812,18.391796900000656,45.899142499999925,0.1927222222222222,0.31072430107462967,0.5402612041361803,0.9466324113104212,0.32785173917399196,False
cifar10_gist512,20,22,query_adaptive_R25,25.0,0.14,1.6133838891983032,0.95,round(norm/delta),layer-wise cosine theorem,disabled: no norm-table or radial-layer candidate filter,"per-query, per-layer Eq. I_threshold with Binomial(K, theta/pi)",distance-table hash-bucket lookup with per-layer thresholds; union over L tables without intersecting sphere-layer masks or exact norm-table filter,0.475303717263823,0.16461111111111112,0.23219286526409216,0.39953758761269054,0.6002759216755276,0.6009403876552666,146.275,450.0,0.32505555555555554,3.802529761904762,17.84474377865812,19.09442299999995,45.899142499999925,0.32505555555555554,0.39972407832447243,0.5226976958551512,0.9099873850035384,0.3583798332292772,False
cifar10_gist512,20,24,query_adaptive_R25,25.0,0.14,1.6133838891983032,0.95,round(norm/delta),layer-wise cosine theorem,disabled: no norm-table or radial-layer candidate filter,"per-query, per-layer Eq. I_threshold with Binomial(K, theta/pi)",distance-table hash-bucket lookup with per-layer thresholds; union over L tables without intersecting sphere-layer masks or exact norm-table filter,0.4844703345508868,0.15572222222222223,0.21623186963454075,0.3902127764631568,0.609601496284446,0.6102643336015048,131.0,450.0,0.29111111111111115,4.0617559523809526,17.84474377865812,18.363937449997536,45.899142499999925,0.29111111111111115,0.39039850371555396,0.5409576053669846,0.9193870957816682,0.35471588341188265,False
cifar10_gist512,20,26,query_adaptive_R25,25.0,0.14,1.6133838891983032,0.95,round(norm/delta),layer-wise cosine theorem,disabled: no norm-table or radial-layer candidate filter,"per-query, per-layer Eq. I_threshold with Binomial(K, theta/pi)",distance-table hash-bucket lookup with per-layer thresholds; union over L tables without intersecting sphere-layer masks or exact norm-table filter,0.5146295602639614,0.13394444444444445,0.1997922379223172,0.40454008346052933,0.595335799172924,0.5959505994923975,109.025,450.0,0.24227777777777776,4.625,17.84474377865812,20.46687607500246,45.899142499999925,0.24227777777777776,0.404664200827076,0.48839055732421033,0.9329097566228731,0.34978128797841035,False
cifar10_gist512,20,28,query_adaptive_R25,25.0,0.14,1.6133838891983032,0.95,round(norm/delta),layer-wise cosine theorem,disabled: no norm-table or radial-layer candidate filter,"per-query, per-layer Eq. I_threshold with Binomial(K, theta/pi)",distance-table hash-bucket lookup with per-layer thresholds; union over L tables without intersecting sphere-layer masks or exact norm-table filter,0.4902944328885381,0.2018333333333333,0.2674630057690344,0.5374085590999907,0.4623448642869813,0.4633886954612591,174.85,450.0,0.38855555555555554,5.908630952380952,17.84474377865812,19.207366599999887,45.899142499999925,0.38855555555555554,0.5376551357130187,0.5198744505275293,0.8924033106673641,0.38187804716774276,False
cifar10_gist512,20,30,query_adaptive_R25,25.0,0.14,1.6133838891983032,0.95,round(norm/delta),layer-wise cosine theorem,disabled: no norm-table or radial-layer candidate filter,"per-query, per-layer Eq. I_threshold with Binomial(K, theta/pi)",distance-table hash-bucket lookup with per-layer thresholds; union over L tables without intersecting sphere-layer masks or exact norm-table filter,0.5278428206423305,0.20238888888888887,0.27492926029502496,0.551270556106793,0.448516764164203,0.4495864287989132,164.875,450.0,0.3663888888888889,6.488541666666667,17.84474377865812,20.553476050000086,45.899142499999925,0.3663888888888889,0.5514832358357971,0.48622582222824784,0.8985415833358974,0.39294861793106567,False
cifar10_gist512,20,32,query_adaptive_R25,25.0,0.14,1.6133838891983032,0.95,round(norm/delta),layer-wise cosine theorem,disabled: no norm-table or radial-layer candidate filter,"per-query, per-layer Eq. I_threshold with Binomial(K, theta/pi)",distance-table hash-bucket lookup with per-layer thresholds; union over L tables without intersecting sphere-layer masks or exact norm-table filter,0.5018327793046459,0.27855555555555556,0.34480109578472967,0.6118617654583829,0.3877950267491044,0.3891053834626735,238.575,450.0,0.5301666666666667,7.812202380952381,17.84474377865812,20.97669172499792,45.899142499999925,0.5301666666666667,0.6122049732508956,0.4756467218895425,0.8531891326420725,0.4248787165983901,False
cifar10_gist512,20,34,query_adaptive_R25,25.0,0.14,1.6133838891983032,0.95,round(norm/delta),layer-wise cosine theorem,disabled: no norm-table or radial-layer candidate filter,"per-query, per-layer Eq. I_threshold with Binomial(K, theta/pi)",distance-table hash-bucket lookup with per-layer thresholds; union over L tables without intersecting sphere-layer masks or exact norm-table filter,0.5101717731531205,0.27111111111111114,0.3384343305414068,0.6101233177206432,0.3895354978934729,0.3908122259289496,230.2,450.0,0.5115555555555555,8.448958333333334,17.84474377865812,20.14893015000041,45.899142499999925,0.5115555555555555,0.6104645021065271,0.4963382351669471,0.8583428202209162,0.42442393053598926,False
cifar10_gist512,20,36,query_adaptive_R25,25.0,0.14,1.6133838891983032,0.95,round(norm/delta),layer-wise cosine theorem,disabled: no norm-table or radial-layer candidate filter,"per-query, per-layer Eq. I_threshold with Binomial(K, theta/pi)",distance-table hash-bucket lookup with per-layer thresholds; union over L tables without intersecting sphere-layer masks or exact norm-table filter,0.5084421646917552,0.34911111111111115,0.40282410554086256,0.712738701652819,0.2868399659085403,0.2884100690320299,301.7,450.0,0.6704444444444444,9.778869047619049,17.84474377865812,20.644855249997818,45.899142499999925,0.6704444444444444,0.7131600340914597,0.4839416210921449,0.8143441740254146,0.4610082543471672,False
cifar10_gist512,20,38,query_adaptive_R25,25.0,0.14,1.6133838891983032,0.95,round(norm/delta),layer-wise cosine theorem,disabled: no norm-table or radial-layer candidate filter,"per-query, per-layer Eq. I_threshold with Binomial(K, theta/pi)",distance-table hash-bucket lookup with per-layer thresholds; union over L tables without intersecting sphere-layer masks or exact norm-table filter,0.5240703644391187,0.33216666666666667,0.39331967936290474,0.700370778147137,0.2992494503249836,0.30080066944464245,278.95,450.0,0.6198888888888889,10.479613095238095,17.84474377865812,21.336567749997926,45.899142499999925,0.6198888888888889,0.7007505496750164,0.46665091950583115,0.8283437432694378,0.45788806585569836,False
cifar10_gist512,20,40,query_adaptive_R25,25.0,0.14,1.6133838891983032,0.95,round(norm/delta),layer-wise cosine theorem,disabled: no norm-table or radial-layer candidate filter,"per-query, per-layer Eq. I_threshold with Binomial(K, theta/pi)",distance-table hash-bucket lookup with per-layer thresholds; union over L tables without intersecting sphere-layer masks or exact norm-table filter,0.4938612489680315,0.41200000000000003,0.43990077774611114,0.7786477732207241,0.220806959266236,0.22260338361289786,370.275,450.0,0.8228333333333333,11.82514880952381,17.84474377865812,21.565664449997257,45.899142499999925,0.8228333333333333,0.7791930407337639,0.46092420114510024,0.7721454724470016,0.480691341755102,False
cifar10_gist512,20,42,query_adaptive_R25,25.0,0.14,1.6133838891983032,0.95,round(norm/delta),layer-wise cosine theorem,disabled: no norm-table or radial-layer candidate filter,"per-query, per-layer Eq. I_threshold with Binomial(K, theta/pi)",distance-table hash-bucket lookup with per-layer thresholds; union over L tables without intersecting sphere-layer masks or exact norm-table filter,0.4535435078672889,0.5493888888888889,0.49070403444897187,0.8665160267224884,0.13261122230938777,0.13467687257420757,544.525,450.0,1.2100555555555554,13.348363095238096,17.84474377865812,22.259171950003065,45.899142499999925,1.2100555555555554,0.8673887776906122,0.4435886300364835,0.6649180025229993,0.5111507430003087,False
cifar10_gist512,20,44,query_adaptive_R25,25.0,0.14,1.6133838891983032,0.95,round(norm/delta),layer-wise cosine theorem,disabled: no norm-table or radial-layer candidate filter,"per-query, per-layer Eq. I_threshold with Binomial(K, theta/pi)",distance-table hash-bucket lookup with per-layer thresholds; union over L tables without intersecting sphere-layer masks or exact norm-table filter,0.4593041511860524,0.5398888888888889,0.48859157435154177,0.8721474107776336,0.127043779961779,0.1291189946393341,527.1,450.0,1.1713333333333333,14.421726190476189,17.84474377865812,22.40284477500154,45.899142499999925,1.1713333333333333,0.872956220038221,0.4399972478609251,0.6756407495153995,0.5103692483863612,False
cifar10_gist512,20,46,query_adaptive_R25,25.0,0.14,1.6133838891983032,0.95,round(norm/delta),layer-wise cosine theorem,disabled: no norm-table or radial-layer candidate filter,"per-query, per-layer Eq. I_threshold with Binomial(K, theta/pi)",distance-table hash-bucket lookup with per-layer thresholds; union over L tables without intersecting sphere-layer masks or exact norm-table filter,0.42514112522218594,0.654888888888889,0.5124055301741579,0.9263533438203442,0.07253577850640433,0.0747442737840081,691.7,450.0,1.5371111111111113,15.944791666666669,17.84474377865812,23.241643699996928,45.899142499999925,1.5371111111111113,0.9274642214935956,0.41902983451648823,0.5743515584135872,0.5277360866559071,False
cifar10_gist512,20,48,query_adaptive_R25,25.0,0.14,1.6133838891983032,0.95,round(norm/delta),layer-wise cosine theorem,disabled: no norm-table or radial-layer candidate filter,"per-query, per-layer Eq. I_threshold with Binomial(K, theta/pi)",distance-table hash-bucket lookup with per-layer thresholds; union over L tables without intersecting sphere-layer masks or exact norm-table filter,0.3747717964350122,0.7912777777777779,0.5068720244596117,0.9689184051319796,0.02955523954703277,0.03187150151027133,952.975,450.0,2.1177222222222225,17.845386904761902,17.84474377865812,23.865226125001016,45.899142499999925,2.1177222222222225,0.9704447604529672,0.40344217689108186,0.4135718900956893,0.5304468999681846,False
cifar10_gist512,20,50,query_adaptive_R25,25.0,0.14,1.6133838891983032,0.95,round(norm/delta),layer-wise cosine theorem,disabled: no norm-table or radial-layer candidate filter,"per-query, per-layer Eq. I_threshold with Binomial(K, theta/pi)",distance-table hash-bucket lookup with per-layer thresholds; union over L tables without intersecting sphere-layer masks or exact norm-table filter,0.3222132112652811,0.9139444444444444,0.47585474647304293,0.9919485947628427,0.006957483486097107,0.008477029118857457,1281.425,450.0,2.847611111111111,20.47425595238095,17.84474377865812,24.74509802499938,45.899142499999925,2.847611111111111,0.9930425165139029,0.3814480645148386,0.21145503215285677,0.515806481634024,False
cifar10_gist512,20,52,query_adaptive_R25,25.0,0.14,1.6133838891983032,0.95,round(norm/delta),layer-wise cosine theorem,disabled: no norm-table or radial-layer candidate filter,"per-query, per-layer Eq. I_threshold with Binomial(K, theta/pi)",distance-table hash-bucket lookup with per-layer thresholds; union over L tables without intersecting sphere-layer masks or exact norm-table filter,0.36015429846934066,0.8386666666666667,0.5027395965904959,0.9780105551956915,0.02035011633117443,0.02267548225859226,1053.525,450.0,2.341166666666667,20.11235119047619,17.84474377865812,24.322744800002738,45.899142499999925,2.341166666666667,0.9796498836688255,0.3920056062354711,0.3516968708655117,0.5304340674890001,False
cifar10_gist512,20,54,query_adaptive_R25,25.0,0.14,1.6133838891983032,0.95,round(norm/delta),layer-wise cosine theorem,disabled: no norm-table or radial-layer candidate filter,"per-query, per-layer Eq. I_threshold with Binomial(K, theta/pi)",distance-table hash-bucket lookup with per-layer thresholds; union over L tables without intersecting sphere-layer masks or exact norm-table filter,0.40059653961281255,0.7319444444444445,0.5150300414353397,0.9500225359793969,0.04862901518270506,0.050939310054887665,823.225,450.0,1.829388888888889,19.738690476190477,17.84474377865812,24.979261275002784,45.899142499999925,1.829388888888889,0.951370984817295,0.37559469786570376,0.49341558721270107,0.5315170541312384,False
cifar10_gist512,20,56,query_adaptive_R25,25.0,0.14,1.6133838891983032,0.95,round(norm/delta),layer-wise cosine theorem,disabled: no norm-table or radial-layer candidate filter,"per-query, per-layer Eq. I_threshold with Binomial(K, theta/pi)",distance-table hash-bucket lookup with per-layer thresholds; union over L tables without intersecting sphere-layer masks or exact norm-table filter,0.44000316593726574,0.6223888888888889,0.5107337002543324,0.917262434833367,0.08172903978383242,0.08393103328899716,634.275,450.0,1.4095,19.849553571428572,17.84474377865812,25.02568750000478,45.899142499999925,1.4095,0.9182709602161676,0.37443418392054817,0.6096889326482262,0.524045411256405,False
cifar10_gist512,20,58,query_adaptive_R25,25.0,0.14,1.6133838891983032,0.95,round(norm/delta),layer-wise cosine theorem,disabled: no norm-table or radial-layer candidate filter,"per-query, per-layer Eq. I_threshold with Binomial(K, theta/pi)",distance-table hash-bucket lookup with per-layer thresholds; union over L tables without intersecting sphere-layer masks or exact norm-table filter,0.48056342796665846,0.5225,0.4924096280245346,0.8673992525498427,0.13187830875925105,0.133937860439775,485.375,450.0,1.0786111111111112,19.76517857142857,17.84474377865812,24.87758137499725,45.899142499999925,1.0786111111111112,0.868121691240749,0.3781363850671374,0.7013168825574597,0.5121477343093546,False
cifar10_gist512,20,60,query_adaptive_R25,25.0,0.14,1.6133838891983032,0.95,round(norm/delta),layer-wise cosine theorem,disabled: no norm-table or radial-layer candidate filter,"per-query, per-layer Eq. I_threshold with Binomial(K, theta/pi)",distance-table hash-bucket lookup with per-layer thresholds; union over L tables without intersecting sphere-layer masks or exact norm-table filter,0.5133498476949827,0.4321666666666667,0.4557732598746986,0.8142183090452194,0.18525586236636207,0.1871298623963384,374.9,450.0,0.8331111111111109,19.740178571428572,17.84474377865812,25.94102707500099,45.899142499999925,0.8331111111111109,0.814744137633638,0.35155348790681384,0.7692994061721179,0.49040738455910937,False
cifar10_gist512,20,62,query_adaptive_R25,25.0,0.14,1.6133838891983032,0.95,round(norm/delta),layer-wise cosine theorem,disabled: no norm-table or radial-layer candidate filter,"per-query, per-layer Eq. I_threshold with Binomial(K, theta/pi)",distance-table hash-bucket lookup with per-layer thresholds; union over L tables without intersecting sphere-layer masks or exact norm-table filter,0.5448113280242882,0.36327777777777776,0.4172290500628469,0.759552543611408,0.240046757968624,0.24173462933170575,295.05,450.0,0.6556666666666666,19.73705357142857,17.84474377865812,27.048607225005128,45.899142499999925,0.6556666666666666,0.7599532420313759,0.32386736418251616,0.8184363558044367,0.4710894477620824,False
cifar10_gist512,20,64,query_adaptive_R25,25.0,0.14,1.6133838891983032,0.95,round(norm/delta),layer-wise cosine theorem,disabled: no norm-table or radial-layer candidate filter,"per-query, per-layer Eq. I_threshold with Binomial(K, theta/pi)",distance-table hash-bucket lookup with per-layer thresholds; union over L tables without intersecting sphere-layer masks or exact norm-table filter,0.5789791229369607,0.3016111111111111,0.37189246857976155,0.7147599318865211,0.28496022343242416,0.2864766111146559,231.425,450.0,0.5142777777777777,19.751636904761902,17.84474377865812,26.254902124998125,45.899142499999925,0.5142777777777777,0.7150397765675758,0.3437075695160243,0.8575889972616227,0.453254200716898,False
cifar10_gist512,20,66,query_adaptive_R25,25.0,0.14,1.6133838891983032,0.95,round(norm/delta),layer-wise cosine theorem,disabled: no norm-table or radial-layer candidate filter,"per-query, per-layer Eq. I_threshold with Binomial(K, theta/pi)",distance-table hash-bucket lookup with per-layer thresholds; union over L tables without intersecting sphere-layer masks or exact norm-table filter,0.6038946857900145,0.2572222222222222,0.33271029750041936,0.6630855331970191,0.33669945374764704,0.3380625582319775,187.825,450.0,0.4173888888888889,19.770833333333332,17.84474377865812,27.85307070000016,45.899142499999925,0.4173888888888889,0.6633005462523529,0.30375823230586807,0.8844189409556629,0.43535763683906564,False
cifar10_gist512,20,68,query_adaptive_R25,25.0,0.14,1.6133838891983032,0.95,round(norm/delta),layer-wise cosine theorem,disabled: no norm-table or radial-layer candidate filter,"per-query, per-layer Eq. I_threshold with Binomial(K, theta/pi)",distance-table hash-bucket lookup with per-layer thresholds; union over L tables without intersecting sphere-layer masks or exact norm-table filter,0.6298229095649532,0.2227222222222222,0.2979789894989745,0.6293109752393151,0.37052473217029236,0.37181636662473044,155.225,450.0,0.3449444444444444,19.81502976190476,17.84474377865812,31.151118725000515,45.899142499999925,0.3449444444444444,0.6294752678297076,0.2213170964038803,0.9044798621580874,0.4189427703074377,False
cifar10_gist512,20,70,query_adaptive_R25,25.0,0.14,1.6133838891983032,0.95,round(norm/delta),layer-wise cosine theorem,disabled: no norm-table or radial-layer candidate filter,"per-query, per-layer Eq. I_threshold with Binomial(K, theta/pi)",distance-table hash-bucket lookup with per-layer thresholds; union over L tables without intersecting sphere-layer masks or exact norm-table filter,0.6525785510929689,0.18872222222222224,0.26008612461543273,0.590600088575566,0.40927508269120194,0.41038859228106983,125.125,450.0,0.27805555555555556,19.83422619047619,17.84474377865812,27.682655174997706,45.899142499999925,0.27805555555555556,0.5907249173087981,0.3080181003702619,0.923002369157872,0.40905647887849955,False
cifar10_gist512,20,72,query_adaptive_R25,25.0,0.14,1.6133838891983032,0.95,round(norm/delta),layer-wise cosine theorem,disabled: no norm-table or radial-layer candidate filter,"per-query, per-layer Eq. I_threshold with Binomial(K, theta/pi)",distance-table hash-bucket lookup with per-layer thresholds; union over L tables without intersecting sphere-layer masks or exact norm-table filter,0.6836108545709211,0.16311111111111112,0.23094557492027595,0.5481177383063582,0.4517834669414581,0.45278417492102874,102.825,450.0,0.2285,19.87485119047619,17.84474377865812,32.46559064999417,45.899142499999925,0.2285,0.5482165330585419,0.1884593096808571,0.9367250238454201,0.3956069105111895,False
cifar10_gist512,20,74,query_adaptive_R25,25.0,0.14,1.6133838891983032,0.95,round(norm/delta),layer-wise cosine theorem,disabled: no norm-table or radial-layer candidate filter,"per-query, per-layer Eq. I_threshold with Binomial(K, theta/pi)",distance-table hash-bucket lookup with per-layer thresholds; union over L tables without intersecting sphere-layer masks or exact norm-table filter,0.7198403029736633,0.13744444444444442,0.1994028522789743,0.5118982778701335,0.4880372749494521,0.48883401469678667,82.4,450.0,0.18311111111111109,19.64270833333333,17.84474377865812,27.804123900000377,45.899142499999925,0.18311111111111109,0.5119627250505479,0.3049817529338763,0.9492938678809882,0.3942906595869606,False
cifar10_gist512,20,76,query_adaptive_R25,25.0,0.14,1.6133838891983032,0.95,round(norm/delta),layer-wise cosine theorem,disabled: no norm-table or radial-layer candidate filter,"per-query, per-layer Eq. I_threshold with Binomial(K, theta/pi)",distance-table hash-bucket lookup with per-layer thresholds; union over L tables without intersecting sphere-layer masks or exact norm-table filter,0.7407103605208023,0.11933333333333333,0.17269540831569946,0.46878560785530643,0.53117140317315,0.5318499646444959,69.2,450.0,0.15377777777777776,19.698363095238097,17.84474377865812,34.01036250000544,45.899142499999925,0.15377777777777776,0.46882859682684996,0.14984472764355317,0.9574166948709271,0.3786882222432991,False
cifar10_gist512,20,78,query_adaptive_R25,25.0,0.14,1.6133838891983032,0.95,round(norm/delta),layer-wise cosine theorem,disabled: no norm-table or radial-layer candidate filter,"per-query, per-layer Eq. I_threshold with Binomial(K, theta/pi)",distance-table hash-bucket lookup with per-layer thresholds; union over L tables without intersecting sphere-layer masks or exact norm-table filter,0.8130976124576245,0.07994444444444444,0.1183155090079175,0.36892402036030925,0.6310600980111973,0.631548468105761,42.875,450.0,0.09527777777777777,19.03467261904762,17.84474377865812,28.925922874996957,45.899142499999925,0.09527777777777777,0.36893990198880267,0.27694020197665703,0.9736161964247254,0.3758795721195938,False
cifar10_gist512,20,80,query_adaptive_R25,25.0,0.14,1.6133838891983032,0.95,round(norm/delta),layer-wise cosine theorem,disabled: no norm-table or radial-layer candidate filter,"per-query, per-layer Eq. I_threshold with Binomial(K, theta/pi)",distance-table hash-bucket lookup with per-layer thresholds; union over L tables without intersecting sphere-layer masks or exact norm-table filter,0.8170246286858024,0.06961111111111111,0.10355561690089583,0.3302351813262138,0.669755238832576,0.6701393524971051,36.375,450.0,0.08083333333333334,19.070089285714285,17.84474377865812,29.391609425007914,45.899142499999925,0.08083333333333334,0.33024476116742396,0.2652994593718925,0.9776160733515892,0.36892998116829545,False
cifar10_gist512,20,82,query_adaptive_R25,25.0,0.14,1.6133838891983032,0.95,round(norm/delta),layer-wise cosine theorem,disabled: no norm-table or radial-layer candidate filter,"per-query, per-layer Eq. I_threshold with Binomial(K, theta/pi)",distance-table hash-bucket lookup with per-layer thresholds; union over L tables without intersecting sphere-layer masks or exact norm-table filter,0.7782932450772552,0.058777777777777776,0.08735893366358238,0.29245840620775787,0.7075365973382862,0.7078449201179762,29.75,450.0,0.06611111111111109,18.84940476190476,17.84474377865812,30.147463474996528,45.899142499999925,0.06611111111111109,0.2924634026617138,0.24640541477799294,0.9816928709885849,0.35033294033377016,False
cifar10_gist512,20,84,query_adaptive_R25,25.0,0.14,1.6133838891983032,0.95,round(norm/delta),layer-wise cosine theorem,disabled: no norm-table or radial-layer candidate filter,"per-query, per-layer Eq. I_threshold with Binomial(K, theta/pi)",distance-table hash-bucket lookup with per-layer thresholds; union over L tables without intersecting sphere-layer masks or exact norm-table filter,0.7312613553888525,0.05422222222222223,0.07838673451984515,0.25712993023673036,0.7428659729555905,0.7431076646523478,27.475,450.0,0.06105555555555555,18.913839285714285,17.84474377865812,30.849260450000315,45.899142499999925,0.06105555555555555,0.25713402704440946,0.2288626320915932,0.9830928279129872,0.3335586658805929,False
cifar10_gist512,20,86,query_adaptive_R25,25.0,0.14,1.6133838891983032,0.95,round(norm/delta),layer-wise cosine theorem,disabled: no norm-table or radial-layer candidate filter,"per-query, per-layer Eq. I_threshold with Binomial(K, theta/pi)",distance-table hash-bucket lookup with per-layer thresholds; union over L tables without intersecting sphere-layer masks or exact norm-table filter,0.6773800136911687,0.04716666666666667,0.0682258721379666,0.23687286808889368,0.7631228199637314,0.763321206211153,23.625,450.0,0.052500000000000005,18.97782738095238,17.84474377865812,30.63897074999886,45.899142499999925,0.052500000000000005,0.23687718003626856,0.23411923284609737,0.9854619857850527,0.3152678855585573,False
cifar10_gist512,20,88,query_adaptive_R25,25.0,0.14,1.6133838891983032,0.95,round(norm/delta),layer-wise cosine theorem,disabled: no norm-table or radial-layer candidate filter,"per-query, per-layer Eq. I_threshold with Binomial(K, theta/pi)",distance-table hash-bucket lookup with per-layer thresholds; union over L tables without intersecting sphere-layer masks or exact norm-table filter,0.6702281815843868,0.041833333333333333,0.06047064397470545,0.21847478325123,0.781522090997212,0.7817065238355049,20.4,450.0,0.04533333333333334,18.817559523809525,17.84474377865812,30.440112425004884,45.899142499999925,0.04533333333333334,0.21847790900278796,0.23909008411078403,0.9874465401064583,0.309879262336762,False
cifar10_gist512,20,90,query_adaptive_R25,25.0,0.14,1.6133838891983032,0.95,round(norm/delta),layer-wise cosine theorem,disabled: no norm-table or radial-layer candidate filter,"per-query, per-layer Eq. I_threshold with Binomial(K, theta/pi)",distance-table hash-bucket lookup with per-layer thresholds; union over L tables without intersecting sphere-layer masks or exact norm-table filter,0.5698507383411406,0.03188888888888889,0.04602607187526266,0.1448029378880265,0.8551953833022605,0.8553060955966074,15.05,450.0,0.03344444444444444,18.050744047619048,17.84474377865812,30.669005200005017,45.899142499999925,0.03344444444444444,0.14480461669773947,0.23336846325271077,0.9907387465001077,0.27728632977649564,False
cifar10_gist512,20,92,query_adaptive_R25,25.0,0.14,1.6133838891983032,0.95,round(norm/delta),layer-wise cosine theorem,disabled: no norm-table or radial-layer candidate filter,"per-query, per-layer Eq. I_threshold with Binomial(K, theta/pi)",distance-table hash-bucket lookup with per-layer thresholds; union over L tables without intersecting sphere-layer masks or exact norm-table filter,0.4772563927342965,0.029333333333333333,0.04244329694704318,0.14095686073395858,0.8590420623635111,0.8591487708644354,13.7,450.0,0.03044444444444445,17.88363095238095,17.84474377865812,31.099075974999835,45.899142499999925,0.03044444444444445,0.1409579376364889,0.2226180063339347,0.9915694901695332,0.2517904347820226,False
cifar10_gist512,20,94,query_adaptive_R25,25.0,0.14,1.6133838891983032,0.95,round(norm/delta),layer-wise cosine theorem,disabled: no norm-table or radial-layer candidate filter,"per-query, per-layer Eq. I_threshold with Binomial(K, theta/pi)",distance-table hash-bucket lookup with per-layer thresholds; union over L tables without intersecting sphere-layer masks or exact norm-table filter,0.4449807941503147,0.02833333333333334,0.04003392127075932,0.1335277864326779,0.8664711331860051,0.8665610607396663,13.3,450.0,0.029555555555555557,17.953422619047622,17.84474377865812,31.140176074997328,45.899142499999925,0.029555555555555557,0.1335288668139949,0.22159062926004314,0.9918156364419556,0.2426014994228755,False
cifar10_gist512,20,96,query_adaptive_R25,25.0,0.14,1.6133838891983032,0.95,round(norm/delta),layer-wise cosine theorem,disabled: no norm-table or radial-layer candidate filter,"per-query, per-layer Eq. I_threshold with Binomial(K, theta/pi)",distance-table hash-bucket lookup with per-layer thresholds; union over L tables without intersecting sphere-layer masks or exact norm-table filter,0.4493887330528284,0.026555555555555554,0.03797625718320951,0.12372538702217203,0.8762735544498599,0.8763502929451181,12.4,450.0,0.027555555555555555,17.838988095238097,17.84474377865812,31.400542649997476,45.899142499999925,0.027555555555555555,0.12372644555014012,0.21508225945123183,0.992369465554906,0.24226882169427152,False
cifar10_gist512,20,98,query_adaptive_R25,25.0,0.14,1.6133838891983032,0.95,round(norm/delta),layer-wise cosine theorem,disabled: no norm-table or radial-layer candidate filter,"per-query, per-layer Eq. I_threshold with Binomial(K, theta/pi)",distance-table hash-bucket lookup with per-layer thresholds; union over L tables without intersecting sphere-layer masks or exact norm-table filter,0.2622844827586207,0.021444444444444443,0.030957545687121373,0.08847833376887866,0.9115216690006708,0.911550168453239,9.725,450.0,0.021611111111111112,17.020535714285714,17.84474377865812,31.419021874999938,45.899142499999925,0.021611111111111112,0.08847833099932922,0.21462033521961266,0.9940155687517307,0.19189994642741245,False
cifar10_gist512,20,100,query_adaptive_R25,25.0,0.14,1.6133838891983032,0.95,round(norm/delta),layer-wise cosine theorem,disabled: no norm-table or radial-layer candidate filter,"per-query, per-layer Eq. I_threshold with Binomial(K, theta/pi)",distance-table hash-bucket lookup with per-layer thresholds; union over L tables without intersecting sphere-layer masks or exact norm-table filter,0.2123853211009174,0.02022222222222222,0.029521384088123343,0.08572466349978738,0.9142753351464854,0.9143005674539536,9.15,450.0,0.020333333333333335,16.93050595238095,17.84474377865812,33.00665412500052,45.899142499999925,0.020333333333333335,0.0857246648535146,0.17493437398056644,0.9943694040183378,0.17666802936249018,False
cifar10_gist512,20,102,query_adaptive_R25,25.0,0.14,1.6133838891983032,0.95,round(norm/delta),layer-wise cosine theorem,disabled: no norm-table or radial-layer candidate filter,"per-query, per-layer Eq. I_threshold with Binomial(K, theta/pi)",distance-table hash-bucket lookup with per-layer thresholds; union over L tables without intersecting sphere-layer masks or exact norm-table filter,0.21238151658767773,0.01916666666666667,0.02822058422774888,0.08485708569963318,0.915142912152205,0.9151681421294979,8.675,450.0,0.019277777777777776,16.826339285714287,17.84474377865812,32.41910520000033,45.899142499999925,0.019277777777777776,0.084857087847795,0.1896213040700706,0.9946617027168395,0.1767114857684857,False
cifar10_gist512,20,104,query_adaptive_R25,25.0,0.14,1.6133838891983032,0.95,round(norm/delta),layer-wise cosine theorem,disabled: no norm-table or radial-layer candidate filter,"per-query, per-layer Eq. I_threshold with Binomial(K, theta/pi)",distance-table hash-bucket lookup with per-layer thresholds; union over L tables without intersecting sphere-layer masks or exact norm-table filter,0.125,0.01661111111111111,0.024656603618913295,0.08106633432233609,0.918933676164427,0.9189536775904781,7.475,450.0,0.01661111111111111,15.991815476190476,17.84474377865812,32.63367797499939,45.899142499999925,0.01661111111111111,0.081066323835573,0.18425763951137708,0.9954001415341066,0.15278548517337695,False
cifar10_gist512,20,106,query_adaptive_R25,25.0,0.14,1.6133838891983032,0.95,round(norm/delta),layer-wise cosine theorem,disabled: no norm-table or radial-layer candidate filter,"per-query, per-layer Eq. I_threshold with Binomial(K, theta/pi)",distance-table hash-bucket lookup with per-layer thresholds; union over L tables without intersecting sphere-layer masks or exact norm-table filter,0.125,0.01572222222222222,0.02360823226279937,0.08033567609333025,0.9196643285780359,0.9196843279969468,7.075,450.0,0.01572222222222222,15.877380952380951,17.84474377865812,33.35978964999953,45.899142499999925,0.01572222222222222,0.08033567142196407,0.16610706352675353,0.9956462878065291,0.15131341880452592,False
cifar10_gist512,20,108,query_adaptive_R25,25.0,0.14,1.6133838891983032,0.95,round(norm/delta),layer-wise cosine theorem,disabled: no norm-table or radial-layer candidate filter,"per-query, per-layer Eq. I_threshold with Binomial(K, theta/pi)",distance-table hash-bucket lookup with per-layer thresholds; union over L tables without intersecting sphere-layer masks or exact norm-table filter,0.1,0.013555555555555553,0.021023970883664412,0.07253740525161578,0.9274625947483841,0.9274825730098222,6.1,450.0,0.013555555555555553,14.896130952380952,17.84474377865812,33.31099997499933,45.899142499999925,0.013555555555555553,0.0725374052516159,0.16732665650927359,0.9962462693455586,0.14373823845819098,False
cifar10_gist512,20,110,query_adaptive_R25,25.0,0.14,1.6133838891983032,0.95,round(norm/delta),layer-wise cosine theorem,disabled: no norm-table or radial-layer candidate filter,"per-query, per-layer Eq. I_threshold with Binomial(K, theta/pi)",distance-table hash-bucket lookup with per-layer thresholds; union over L tables without intersecting sphere-layer masks or exact norm-table filter,0.1,0.01227777777777778,0.019347832060368976,0.07236008621316306,0.9276399149308677,0.9276598931535428,5.525,450.0,0.01227777777777778,14.807142857142855,17.84474377865812,37.9890271249991,45.899142499999925,0.01227777777777778,0.07236008506913227,0.050390253793828776,0.9966001046121657,0.13702070881648162,False
cifar10_gist512,20,112,query_adaptive_R25,25.0,0.14,1.6133838891983032,0.95,round(norm/delta),layer-wise cosine theorem,disabled: no norm-table or radial-layer candidate filter,"per-query, per-layer Eq. I_threshold with Binomial(K, theta/pi)",distance-table hash-bucket lookup with per-layer thresholds; union over L tables without intersecting sphere-layer masks or exact norm-table filter,0.1,0.011722222222222222,0.018632284373439258,0.07232563646825131,0.9276743701415805,0.9276943483570033,5.275,450.0,0.011722222222222222,14.826934523809523,17.84474377865812,40.00488334999801,45.899142499999925,0.011722222222222222,0.0723256298584195,0.0,0.9967539460324297,0.1341272496895023,False
cifar10_gist512,20,114,query_adaptive_R25,25.0,0.14,1.6133838891983032,0.95,round(norm/delta),layer-wise cosine theorem,disabled: no norm-table or radial-layer candidate filter,"per-query, per-layer Eq. I_threshold with Binomial(K, theta/pi)",distance-table hash-bucket lookup with per-layer thresholds; union over L tables without intersecting sphere-layer masks or exact norm-table filter,0.05,0.009888888888888888,0.01613795487940592,0.0495666888213165,0.9504333103842487,0.9504333157557865,4.45,450.0,0.009888888888888888,13.839434523809524,17.84474377865812,34.39878962499563,45.899142499999925,0.009888888888888888,0.04956668961575128,0.14013523489008395,0.997261622719301,0.1273534304464486,False
cifar10_gist512,20,116,query_adaptive_R25,25.0,0.14,1.6133838891983032,0.95,round(norm/delta),layer-wise cosine theorem,disabled: no norm-table or radial-layer candidate filter,"per-query, per-layer Eq. I_threshold with Binomial(K, theta/pi)",distance-table hash-bucket lookup with per-layer thresholds; union over L tables without intersecting sphere-layer masks or exact norm-table filter,0.05,0.008944444444444446,0.014854801087106972,0.04948930064099985,0.9505107020919006,0.9505107074465464,4.025,450.0,0.008944444444444446,13.75,17.84474377865812,36.0070354749908,45.899142499999925,0.008944444444444446,0.04948929790809942,0.09993399655813295,0.9975231531337497,0.12468430663288017,False
cifar10_gist512,20,118,query_adaptive_R25,25.0,0.14,1.6133838891983032,0.95,round(norm/delta),layer-wise cosine theorem,disabled: no norm-table or radial-layer candidate filter,"per-query, per-layer Eq. I_threshold with Binomial(K, theta/pi)",distance-table hash-bucket lookup with per-layer thresholds; union over L tables without intersecting sphere-layer masks or exact norm-table filter,0.05,0.008388888888888888,0.01392896660162482,0.04927391528562987,0.9507260874472706,0.9507260927548262,3.775,450.0,0.008388888888888888,12.738541666666666,17.84474377865812,35.5242864499985,45.899142499999925,0.008388888888888888,0.04927391255272939,0.11200124896751473,0.9976769945540137,0.12484012243656803,False
cifar10_gist512,20,120,query_adaptive_R25,25.0,0.14,1.6133838891983032,0.95,round(norm/delta),layer-wise cosine theorem,disabled: no norm-table or radial-layer candidate filter,"per-query, per-layer Eq. I_threshold with Binomial(K, theta/pi)",distance-table hash-bucket lookup with per-layer thresholds; union over L tables without intersecting sphere-layer masks or exact norm-table filter,0.05,0.007555555555555556,0.012728988127986724,0.04919358446173033,0.9508064155382698,0.9508064208285809,3.4,450.0,0.007555555555555556,12.630803571428572,17.84474377865812,35.886778200000435,45.899142499999925,0.007555555555555556,0.049193584461730167,0.10294006144121848,0.9979077566844097,0.12378181347418613,False
cifar10_gist512,20,122,query_adaptive_R25,25.0,0.14,1.6133838891983032,0.95,round(norm/delta),layer-wise cosine theorem,disabled: no norm-table or radial-layer candidate filter,"per-query, per-layer Eq. I_threshold with Binomial(K, theta/pi)",distance-table hash-bucket lookup with per-layer thresholds; union over L tables without intersecting sphere-layer masks or exact norm-table filter,0.05,0.006666666666666666,0.011458333333323458,0.04906769787036229,0.9509323068010038,0.9509323120641134,3.0,450.0,0.006666666666666666,11.593303571428573,17.84474377865812,37.92118132499667,45.899142499999925,0.006666666666666666,0.049067693198996176,0.05208619174742446,0.9981539029568322,0.12059678321638431,False
cifar10_gist512,20,124,query_adaptive_R25,25.0,0.14,1.6133838891983032,0.95,round(norm/delta),layer-wise cosine theorem,disabled: no norm-table or radial-layer candidate filter,"per-query, per-layer Eq. I_threshold with Binomial(K, theta/pi)",distance-table hash-bucket lookup with per-layer thresholds; union over L tables without intersecting sphere-layer masks or exact norm-table filter,0.05,0.006388888888888888,0.010987122121566429,0.04848016572940954,0.9515198342705904,0.9515198394052622,2.875,450.0,0.006388888888888888,11.457440476190476,17.84474377865812,36.68702805000521,45.899142499999925,0.006388888888888888,0.04848016572940961,0.08293625733051824,0.9982308236669641,0.1219126101979928,False
cifar10_gist512,20,126,query_adaptive_R25,25.0,0.14,1.6133838891983032,0.95,round(norm/delta),layer-wise cosine theorem,disabled: no norm-table or radial-layer candidate filter,"per-query, per-layer Eq. I_threshold with Binomial(K, theta/pi)",distance-table hash-bucket lookup with per-layer thresholds; union over L tables without intersecting sphere-layer masks or exact norm-table filter,0.05,0.005277777777777778,0.009228579769368644,0.047228056270330186,0.952771948401036,0.9527719532622644,2.375,450.0,0.005277777777777778,10.363690476190476,17.84474377865812,36.77213855000048,45.899142499999925,0.005277777777777778,0.04722805159896404,0.08080875456415237,0.9985385065074921,0.1209437357426803,False
cifar10_gist512,20,128,query_adaptive_R25,25.0,0.14,1.6133838891983032,0.95,round(norm/delta),layer-wise cosine theorem,disabled: no norm-table or radial-layer candidate filter,"per-query, per-layer Eq. I_threshold with Binomial(K, theta/pi)",distance-table hash-bucket lookup with per-layer thresholds; union over L tables without intersecting sphere-layer masks or exact norm-table filter,0.05,0.004666666666666667,0.008280444761124096,0.04634128779218303,0.9536587147182981,0.9536587193898576,2.1,450.0,0.004666666666666667,9.202380952380953,17.84474377865812,37.50515619999959,45.899142499999925,0.004666666666666667,0.046341285281701894,0.062485550279664626,0.9987077320697825,0.11955987305402158,False
isolet,20,2,query_adaptive_R25,25.0,0.14,3.3612990379333496,0.95,round(norm/delta),layer-wise cosine theorem,disabled: no norm-table or radial-layer candidate filter,"per-query, per-layer Eq. I_threshold with Binomial(K, theta/pi)",distance-table hash-bucket lookup with per-layer thresholds; union over L tables without intersecting sphere-layer masks or exact norm-table filter,0.2909526022006643,0.7365723084503573,0.41295283158751106,0.9459967675669635,0.05399852215690715,0.054008145753375404,1158.8,450.025,2.5749876816949984,0.0,15.815579646800566,1.2025333249999548,50.815931041999995,2.5749876816949984,0.9460014778430929,0.9733272376281922,0.0829173457088912,0.45837281517068296,False
isolet,20,4,query_adaptive_R25,25.0,0.14,3.3612990379333496,0.95,round(norm/delta),layer-wise cosine theorem,disabled: no norm-table or radial-layer candidate filter,"per-query, per-layer Eq. I_threshold with Binomial(K, theta/pi)",distance-table hash-bucket lookup with per-layer thresholds; union over L tables without intersecting sphere-layer masks or exact norm-table filter,0.3354196274937961,0.6237969943335797,0.4317324664536499,0.9210705100254106,0.07892043611374376,0.07893612319224208,857.775,450.025,1.9060539541759056,0.0,15.815579646800566,1.5209614250002446,50.815931041999995,1.9060539541759056,0.9210795638862562,0.9662643505819521,0.3211582983701625,0.4713395660817353,False
isolet,20,6,query_adaptive_R25,25.0,0.14,3.3612990379333496,0.95,round(norm/delta),layer-wise cosine theorem,disabled: no norm-table or radial-layer candidate filter,"per-query, per-layer Eq. I_threshold with Binomial(K, theta/pi)",distance-table hash-bucket lookup with per-layer thresholds; union over L tables without intersecting sphere-layer masks or exact norm-table filter,0.3957400422733229,0.48097228381374724,0.42847763849249443,0.8647920844996815,0.13520132105202048,0.1352165005098467,560.65,450.025,1.245820891845282,0.0,15.815579646800566,2.2824761250006986,50.815931041999995,1.245820891845282,0.8647986789479796,0.9493735915372901,0.5563005064502997,0.47224398521603506,False
isolet,20,8,query_adaptive_R25,25.0,0.14,3.3612990379333496,0.95,round(norm/delta),layer-wise cosine theorem,disabled: no norm-table or radial-layer candidate filter,"per-query, per-layer Eq. I_threshold with Binomial(K, theta/pi)",distance-table hash-bucket lookup with per-layer thresholds; union over L tables without intersecting sphere-layer masks or exact norm-table filter,0.4431938048061612,0.3728189209164819,0.3914501464624977,0.7841298604174177,0.21586548422827817,0.21587906794504627,397.35,450.025,0.8829705592510472,0.0,15.815579646800566,3.325539574999681,50.815931041999995,0.8829705592510472,0.7841345157717219,0.926237947009067,0.6855297639304323,0.45587560643603153,False
isolet,20,10,query_adaptive_R25,25.0,0.14,3.3612990379333496,0.95,round(norm/delta),layer-wise cosine theorem,disabled: no norm-table or radial-layer candidate filter,"per-query, per-layer Eq. I_threshold with Binomial(K, theta/pi)",distance-table hash-bucket lookup with per-layer thresholds; union over L tables without intersecting sphere-layer masks or exact norm-table filter,0.5998677210882517,0.2778234786893324,0.3667375606286396,0.7089164415174837,0.2910814441534027,0.2910930706902752,212.375,450.025,0.47192916974624294,0.0,15.815579646800566,5.409944775000319,50.815931041999995,0.47192916974624294,0.7089185558465974,0.8800048460792614,0.8319222811414024,0.47497341658252323,False
isolet,20,12,query_adaptive_R25,25.0,0.14,3.3612990379333496,0.95,round(norm/delta),layer-wise cosine theorem,disabled: no norm-table or radial-layer candidate filter,"per-query, per-layer Eq. I_threshold with Binomial(K, theta/pi)",distance-table hash-bucket lookup with per-layer thresholds; union over L tables without intersecting sphere-layer masks or exact norm-table filter,0.49393821143014216,0.4497512934220252,0.4598195210994421,0.8428919884722397,0.1571040457191296,0.15711686757712107,421.65,450.025,0.9369605814239961,1.0,15.815579646800566,7.053044749999593,50.815931041999995,0.9369605814239961,0.8428959542808704,0.8435601054012593,0.6663012009390119,0.5056673339618106,False
isolet,20,14,query_adaptive_R25,25.0,0.14,3.3612990379333496,0.95,round(norm/delta),layer-wise cosine theorem,disabled: no norm-table or radial-layer candidate filter,"per-query, per-layer Eq. I_threshold with Binomial(K, theta/pi)",distance-table hash-bucket lookup with per-layer thresholds; union over L tables without intersecting sphere-layer masks or exact norm-table filter,0.5340927656078976,0.385040034491254,0.4210415453013009,0.8254055181769498,0.1745903394640947,0.17460346666379703,339.975,450.025,0.755480413895048,1.125,15.815579646800566,9.079079225000442,50.815931041999995,0.755480413895048,0.8254096605359054,0.7986216949760927,0.7309354183846999,0.49017236746751786,False
isolet,20,16,query_adaptive_R25,25.0,0.14,3.3612990379333496,0.95,round(norm/delta),layer-wise cosine theorem,disabled: no norm-table or radial-layer candidate filter,"per-query, per-layer Eq. I_threshold with Binomial(K, theta/pi)",distance-table hash-bucket lookup with per-layer thresholds; union over L tables without intersecting sphere-layer masks or exact norm-table filter,0.5118222404590057,0.4635290711998029,0.4723034583946685,0.8795447419311552,0.12045207757204937,0.1204659659064297,423.025,450.025,0.940018600640552,1.8050000000000002,15.815579646800566,10.925801050000139,50.815931041999995,0.940018600640552,0.8795479224279507,0.7576605246026644,0.6652120864551141,0.5135482732284807,False
isolet,20,18,query_adaptive_R25,25.0,0.14,3.3612990379333496,0.95,round(norm/delta),layer-wise cosine theorem,disabled: no norm-table or radial-layer candidate filter,"per-query, per-layer Eq. I_threshold with Binomial(K, theta/pi)",distance-table hash-bucket lookup with per-layer thresholds; union over L tables without intersecting sphere-layer masks or exact norm-table filter,0.566472874594351,0.3794269524513427,0.4306251091983551,0.8345572525800271,0.16544076873573207,0.16545323294702757,317.075,450.025,0.704590169992609,2.0,15.815579646800566,12.472595749999904,50.815931041999995,0.704590169992609,0.8345592312642679,0.7233518808309277,0.7490599943923217,0.49826733846162624,False
isolet,20,20,query_adaptive_R25,25.0,0.14,3.3612990379333496,0.95,round(norm/delta),layer-wise cosine theorem,disabled: no norm-table or radial-layer candidate filter,"per-query, per-layer Eq. I_threshold with Binomial(K, theta/pi)",distance-table hash-bucket lookup with per-layer thresholds; union over L tables without intersecting sphere-layer masks or exact norm-table filter,0.5865433026649226,0.34348965262379894,0.40103867520305253,0.8029630651677261,0.1970348157842173,0.19704736604408588,282.85,450.025,0.6285444690810544,2.0450000000000004,15.815579646800566,13.31930417500029,50.815931041999995,0.6285444690810544,0.8029651842157827,0.7045714843556418,0.7761436941455917,0.48571471877559,False
isolet,20,22,query_adaptive_R25,25.0,0.14,3.3612990379333496,0.95,round(norm/delta),layer-wise cosine theorem,disabled: no norm-table or radial-layer candidate filter,"per-query, per-layer Eq. I_threshold with Binomial(K, theta/pi)",distance-table hash-bucket lookup with per-layer thresholds; union over L tables without intersecting sphere-layer masks or exact norm-table filter,0.4936678178743904,0.49943040157674295,0.47896271847986255,0.9142641239461025,0.08573082764126672,0.08574662689606889,475.325,450.025,1.056260532150776,3.3599999999999994,15.815579646800566,14.473989574999813,50.815931041999995,1.056260532150776,0.9142691723587333,0.6789600117684813,0.6238124868193018,0.5122407556010895,False
isolet,20,24,query_adaptive_R25,25.0,0.14,3.3612990379333496,0.95,round(norm/delta),layer-wise cosine theorem,disabled: no norm-table or radial-layer candidate filter,"per-query, per-layer Eq. I_threshold with Binomial(K, theta/pi)",distance-table hash-bucket lookup with per-layer thresholds; union over L tables without intersecting sphere-layer masks or exact norm-table filter,0.4870092967798792,0.522030056664203,0.488315205252481,0.916153519390706,0.0838419869546361,0.08385689652414881,506.125,450.025,1.1246869918699187,3.85,15.815579646800566,15.440137549999555,50.815931041999995,1.1246869918699187,0.9161580130453639,0.6575303891397926,0.5994423821585806,0.5159909178722366,False
isolet,20,26,query_adaptive_R25,25.0,0.14,3.3612990379333496,0.95,round(norm/delta),layer-wise cosine theorem,disabled: no norm-table or radial-layer candidate filter,"per-query, per-layer Eq. I_threshold with Binomial(K, theta/pi)",distance-table hash-bucket lookup with per-layer thresholds; union over L tables without intersecting sphere-layer masks or exact norm-table filter,0.5098128592358556,0.47453646218280365,0.46631621234656195,0.8893660423314305,0.11062941131851525,0.11064423962930765,448.575,450.025,0.9968098053707809,4.065,15.815579646800566,15.847332249999901,50.815931041999995,0.9968098053707809,0.8893705886814848,0.6484986165923088,0.6449858814349392,0.5062215236490708,False
isolet,20,28,query_adaptive_R25,25.0,0.14,3.3612990379333496,0.95,round(norm/delta),layer-wise cosine theorem,disabled: no norm-table or radial-layer candidate filter,"per-query, per-layer Eq. I_threshold with Binomial(K, theta/pi)",distance-table hash-bucket lookup with per-layer thresholds; union over L tables without intersecting sphere-layer masks or exact norm-table filter,0.457185210569895,0.5894175905395418,0.5055347670281272,0.9417273372396441,0.058266162159503886,0.05828267303395148,603.725,450.025,1.3415764966740578,5.345000000000001,15.815579646800566,16.777310425000458,50.815931041999995,1.3415764966740578,0.9417338378404961,0.6278712573690138,0.52219711835882,0.5222011434415365,False
isolet,20,30,query_adaptive_R25,25.0,0.14,3.3612990379333496,0.95,round(norm/delta),layer-wise cosine theorem,disabled: no norm-table or radial-layer candidate filter,"per-query, per-layer Eq. I_threshold with Binomial(K, theta/pi)",distance-table hash-bucket lookup with per-layer thresholds; union over L tables without intersecting sphere-layer masks or exact norm-table filter,0.465894896813969,0.5821362404533137,0.5032664653106279,0.933206086845499,0.06678840680380467,0.06680420104870621,590.85,450.025,1.312957748213846,6.01,15.815579646800566,17.228905149999996,50.815931041999995,1.312957748213846,0.9332115931961953,0.6178546711024544,0.5323896944192632,0.5222827501725894,False
isolet,20,32,query_adaptive_R25,25.0,0.14,3.3612990379333496,0.95,round(norm/delta),layer-wise cosine theorem,disabled: no norm-table or radial-layer candidate filter,"per-query, per-layer Eq. I_threshold with Binomial(K, theta/pi)",distance-table hash-bucket lookup with per-layer thresholds; union over L tables without intersecting sphere-layer masks or exact norm-table filter,0.43132321506916266,0.6451320522296132,0.5091881730225485,0.9440485359832674,0.055943664985251364,0.05596043385769585,695.325,450.025,1.5451148066026115,7.185,15.815579646800566,17.985659425000833,50.815931041999995,1.5451148066026115,0.9440563350147486,0.6010695005534821,0.4497068867176599,0.5223538410820261,False
isolet,20,34,query_adaptive_R25,25.0,0.14,3.3612990379333496,0.95,round(norm/delta),layer-wise cosine theorem,disabled: no norm-table or radial-layer candidate filter,"per-query, per-layer Eq. I_threshold with Binomial(K, theta/pi)",distance-table hash-bucket lookup with per-layer thresholds; union over L tables without intersecting sphere-layer masks or exact norm-table filter,0.43112345234426674,0.6451846513919685,0.5099959186825361,0.9578308758046712,0.04216276077509523,0.0421793404240446,693.025,450.025,1.5399972899728998,8.01,15.815579646800566,19.049494750000306,50.815931041999995,1.5399972899728998,0.9578372392249048,0.5774731259362156,0.45152949183826596,0.5216022029535838,False
isolet,20,36,query_adaptive_R25,25.0,0.14,3.3612990379333496,0.95,round(norm/delta),layer-wise cosine theorem,disabled: no norm-table or radial-layer candidate filter,"per-query, per-layer Eq. I_threshold with Binomial(K, theta/pi)",distance-table hash-bucket lookup with per-layer thresholds; union over L tables without intersecting sphere-layer masks or exact norm-table filter,0.40635307705669665,0.6930684897758068,0.5095721587460711,0.9747073092502966,0.02528393447712405,0.02530066146989709,778.825,450.025,1.7306505296871149,9.09,15.815579646800566,23.48914075000259,50.815931041999995,1.7306505296871149,0.9747160655228759,0.47899966136673044,0.38362828191433385,0.5155184585290207,False
isolet,20,38,query_adaptive_R25,25.0,0.14,3.3612990379333496,0.95,round(norm/delta),layer-wise cosine theorem,disabled: no norm-table or radial-layer candidate filter,"per-query, per-layer Eq. I_threshold with Binomial(K, theta/pi)",distance-table hash-bucket lookup with per-layer thresholds; union over L tables without intersecting sphere-layer masks or exact norm-table filter,0.40056697165765104,0.706120596205962,0.509477582492545,0.9724396238817727,0.02755217281641874,0.027569033019525634,803.5,450.025,1.7854722838137476,10.01,15.815579646800566,36.06895835000081,50.815931041999995,1.7854722838137476,0.9724478271835812,0.19997331045420863,0.36410349733196545,0.5013980610942009,False
isolet,20,40,query_adaptive_R25,25.0,0.14,3.3612990379333496,0.95,round(norm/delta),layer-wise cosine theorem,disabled: no norm-table or radial-layer candidate filter,"per-query, per-layer Eq. I_threshold with Binomial(K, theta/pi)",distance-table hash-bucket lookup with per-layer thresholds; union over L tables without intersecting sphere-layer masks or exact norm-table filter,0.38168715046282875,0.7433404779502341,0.5033455527715404,0.9803252834827999,0.019663635200042613,0.01968074722141235,884.075,450.025,1.964518107908352,11.09,15.815579646800566,21.708800949998874,50.815931041999995,1.964518107908352,0.9803363647999573,0.5184884467827794,0.30033627204864544,0.5133859001173083,False
isolet,20,42,query_adaptive_R25,25.0,0.14,3.3612990379333496,0.95,round(norm/delta),layer-wise cosine theorem,disabled: no norm-table or radial-layer candidate filter,"per-query, per-layer Eq. I_threshold with Binomial(K, theta/pi)",distance-table hash-bucket lookup with per-layer thresholds; union over L tables without intersecting sphere-layer masks or exact norm-table filter,0.36724839382914765,0.7762298595713231,0.4974466789531754,0.9846021224532819,0.015385971946177029,0.01540318555081609,962.0,450.025,2.137680463168268,12.385,15.815579646800566,20.996568775000668,50.815931041999995,2.137680463168268,0.9846140280538229,0.534286095930909,0.23866444599915926,0.5105566503801905,False
isolet,20,44,query_adaptive_R25,25.0,0.14,3.3612990379333496,0.95,round(norm/delta),layer-wise cosine theorem,disabled: no norm-table or radial-layer candidate filter,"per-query, per-layer Eq. I_threshold with Binomial(K, theta/pi)",distance-table hash-bucket lookup with per-layer thresholds; union over L tables without intersecting sphere-layer masks or exact norm-table filter,0.35465334797674514,0.8023920916481891,0.490720167784653,0.9851328907744403,0.014854797678891998,0.014872012188630546,1026.55,450.025,2.281089554077359,14.01,15.815579646800566,21.2872113500012,50.815931041999995,2.281089554077359,0.985145202321108,0.5278395050739614,0.18758925419326622,0.5061643193038867,False
isolet,20,46,query_adaptive_R25,25.0,0.14,3.3612990379333496,0.95,round(norm/delta),layer-wise cosine theorem,disabled: no norm-table or radial-layer candidate filter,"per-query, per-layer Eq. I_threshold with Binomial(K, theta/pi)",distance-table hash-bucket lookup with per-layer thresholds; union over L tables without intersecting sphere-layer masks or exact norm-table filter,0.35112611535090543,0.8155587583148559,0.4894325470341544,0.9882243511895996,0.011762924785423352,0.011779701061232906,1056.425,450.025,2.347478442966248,15.110000000000003,15.815579646800566,22.409363525001424,50.815931041999995,2.347478442966248,0.9882370752145766,0.5029496349252156,0.16394483101001334,0.5045145747256565,False
isolet,20,48,query_adaptive_R25,25.0,0.14,3.3612990379333496,0.95,round(norm/delta),layer-wise cosine theorem,disabled: no norm-table or radial-layer candidate filter,"per-query, per-layer Eq. I_threshold with Binomial(K, theta/pi)",distance-table hash-bucket lookup with per-layer thresholds; union over L tables without intersecting sphere-layer masks or exact norm-table filter,0.34151005859678724,0.8406136979551615,0.4835181002193411,0.9922404005121009,0.007755786144066251,0.007763045075956004,1125.95,450.025,2.501972406996797,16.68,15.815579646800566,22.94582505000058,50.815931041999995,2.501972406996797,0.9922442138559338,0.491050662580378,0.10892175823483519,0.500206983167259,False
isolet,20,50,query_adaptive_R25,25.0,0.14,3.3612990379333496,0.95,round(norm/delta),layer-wise cosine theorem,disabled: no norm-table or radial-layer candidate filter,"per-query, per-layer Eq. I_threshold with Binomial(K, theta/pi)",distance-table hash-bucket lookup with per-layer thresholds; union over L tables without intersecting sphere-layer masks or exact norm-table filter,0.32305704937553187,0.8863891352549889,0.4706937261229475,0.9964469131400125,0.0035544347230001714,0.0035556797404397112,1263.6,450.025,2.80780327666913,19.189999999999998,15.815579646800566,23.686468650000236,50.815931041999995,2.80780327666913,0.9964455652769998,0.4746228344825646,0.0,0.49083549202479004,False
isolet,20,52,query_adaptive_R25,25.0,0.14,3.3612990379333496,0.95,round(norm/delta),layer-wise cosine theorem,disabled: no norm-table or radial-layer candidate filter,"per-query, per-layer Eq. I_threshold with Binomial(K, theta/pi)",distance-table hash-bucket lookup with per-layer thresholds; union over L tables without intersecting sphere-layer masks or exact norm-table filter,0.3340230770549969,0.8546120965755112,0.4776493723005517,0.9917822228173083,0.00821646005093708,0.00822084193840486,1174.975,450.025,2.610891968465139,18.81,15.815579646800566,23.802026124997866,50.815931041999995,2.610891968465139,0.9917835399490629,0.4720597146032066,0.07013002294006343,0.49495206173698675,False
isolet,20,54,query_adaptive_R25,25.0,0.14,3.3612990379333496,0.95,round(norm/delta),layer-wise cosine theorem,disabled: no norm-table or radial-layer candidate filter,"per-query, per-layer Eq. I_threshold with Binomial(K, theta/pi)",distance-table hash-bucket lookup with per-layer thresholds; union over L tables without intersecting sphere-layer masks or exact norm-table filter,0.35143779328229796,0.8282798718896279,0.4915065594490155,0.9865225743389289,0.013474185103325537,0.013481032986306924,1076.025,450.025,2.3910330130574033,18.505000000000003,15.815579646800566,24.540720900001034,50.815931041999995,2.3910330130574033,0.9865258148966745,0.4556751123727808,0.14843285748499346,0.5045837534672752,False
isolet,20,56,query_adaptive_R25,25.0,0.14,3.3612990379333496,0.95,round(norm/delta),layer-wise cosine theorem,disabled: no norm-table or radial-layer candidate filter,"per-query, per-layer Eq. I_threshold with Binomial(K, theta/pi)",distance-table hash-bucket lookup with per-layer thresholds; union over L tables without intersecting sphere-layer masks or exact norm-table filter,0.35551687287891975,0.8132790096082779,0.49332862814063916,0.9879542918699151,0.012037323753139258,0.012049761562723107,1039.35,450.025,2.309528332101503,19.044999999999998,15.815579646800566,24.489033424999818,50.815931041999995,2.309528332101503,0.9879626762468607,0.4568215652066815,0.17746077465894472,0.5054511461972516,False
isolet,20,58,query_adaptive_R25,25.0,0.14,3.3612990379333496,0.95,round(norm/delta),layer-wise cosine theorem,disabled: no norm-table or radial-layer candidate filter,"per-query, per-layer Eq. I_threshold with Binomial(K, theta/pi)",distance-table hash-bucket lookup with per-layer thresholds; union over L tables without intersecting sphere-layer masks or exact norm-table filter,0.3677814187989288,0.7896687607785169,0.5009561342056437,0.9771802276093172,0.022807399581747864,0.022824176454348633,972.6,450.025,2.1612090416358707,19.035,15.815579646800566,26.13164572499933,50.815931041999995,2.1612090416358707,0.9771926004182522,0.42038764139263884,0.23028473554611273,0.5087450474905799,False
isolet,20,60,query_adaptive_R25,25.0,0.14,3.3612990379333496,0.95,round(norm/delta),layer-wise cosine theorem,disabled: no norm-table or radial-layer candidate filter,"per-query, per-layer Eq. I_threshold with Binomial(K, theta/pi)",distance-table hash-bucket lookup with per-layer thresholds; union over L tables without intersecting sphere-layer masks or exact norm-table filter,0.37751545114847496,0.7746141906873614,0.5071335804663477,0.9721985499404354,0.02779045205390166,0.02780704270667762,928.0,450.025,2.062110002463661,19.025,15.815579646800566,25.248176024999225,50.815931041999995,2.062110002463661,0.9722095479460984,0.43998342047077466,0.2655788888066538,0.5140862235263849,False
isolet,20,62,query_adaptive_R25,25.0,0.14,3.3612990379333496,0.95,round(norm/delta),layer-wise cosine theorem,disabled: no norm-table or radial-layer candidate filter,"per-query, per-layer Eq. I_threshold with Binomial(K, theta/pi)",distance-table hash-bucket lookup with per-layer thresholds; union over L tables without intersecting sphere-layer masks or exact norm-table filter,0.38941264415227983,0.7479487558511948,0.5115793693693437,0.9702955787460429,0.029694376014006617,0.029710856933666197,870.275,450.025,1.9338424488790342,19.025,15.815579646800566,26.010093874999285,50.815931041999995,1.9338424488790342,0.9703056239859934,0.42308371936694766,0.3112614174404936,0.5156734569925356,False
isolet,20,64,query_adaptive_R25,25.0,0.14,3.3612990379333496,0.95,round(norm/delta),layer-wise cosine theorem,disabled: no norm-table or radial-layer candidate filter,"per-query, per-layer Eq. I_threshold with Binomial(K, theta/pi)",distance-table hash-bucket lookup with per-layer thresholds; union over L tables without intersecting sphere-layer masks or exact norm-table filter,0.40221369030127363,0.727560606060606,0.5167558064818147,0.9695025787068097,0.030488636393298164,0.030504999326186066,823.3,450.025,1.8294636610002464,19.025,15.815579646800566,25.97072072499884,50.815931041999995,1.8294636610002464,0.9695113636067019,0.4239570346023417,0.3484359548256809,0.5193495535717902,False
isolet,20,66,query_adaptive_R25,25.0,0.14,3.3612990379333496,0.95,round(norm/delta),layer-wise cosine theorem,disabled: no norm-table or radial-layer candidate filter,"per-query, per-layer Eq. I_threshold with Binomial(K, theta/pi)",distance-table hash-bucket lookup with per-layer thresholds; union over L tables without intersecting sphere-layer masks or exact norm-table filter,0.416699436881784,0.7032839369302784,0.5204577058261444,0.966461625066124,0.0335303888815686,0.033546535068077664,773.575,450.025,1.7189727765459473,19.025,15.815579646800566,26.168324899999718,50.815931041999995,1.7189727765459473,0.9664696111184314,0.41957407980690953,0.3877873172848676,0.5219134762109984,False
isolet,20,68,query_adaptive_R25,25.0,0.14,3.3612990379333496,0.95,round(norm/delta),layer-wise cosine theorem,disabled: no norm-table or radial-layer candidate filter,"per-query, per-layer Eq. I_threshold with Binomial(K, theta/pi)",distance-table hash-bucket lookup with per-layer thresholds; union over L tables without intersecting sphere-layer masks or exact norm-table filter,0.423971430913329,0.686119857107662,0.5200700848502653,0.951383325522184,0.04860852047352358,0.04862467163295174,746.0,450.025,1.6577043606799706,19.03,15.815579646800566,26.772854149999503,50.815931041999995,1.6577043606799706,0.9513914795264764,0.4061653328750504,0.4096080824271673,0.5208164265893098,False
isolet,20,70,query_adaptive_R25,25.0,0.14,3.3612990379333496,0.95,round(norm/delta),layer-wise cosine theorem,disabled: no norm-table or radial-layer candidate filter,"per-query, per-layer Eq. I_threshold with Binomial(K, theta/pi)",distance-table hash-bucket lookup with per-layer thresholds; union over L tables without intersecting sphere-layer masks or exact norm-table filter,0.4308637960783953,0.6726215816703622,0.5201232438845945,0.9472955197155709,0.052696890038083845,0.05271280722458207,722.9,450.025,1.6063744764720376,19.035,15.815579646800566,27.171877099999264,50.815931041999995,1.6063744764720376,0.9473031099619161,0.39731481363788757,0.42788923646471977,0.5205691441251639,False
isolet,20,72,query_adaptive_R25,25.0,0.14,3.3612990379333496,0.95,round(norm/delta),layer-wise cosine theorem,disabled: no norm-table or radial-layer candidate filter,"per-query, per-layer Eq. I_threshold with Binomial(K, theta/pi)",distance-table hash-bucket lookup with per-layer thresholds; union over L tables without intersecting sphere-layer masks or exact norm-table filter,0.4490648257724037,0.6448466371027346,0.5206123692400778,0.9367473014139822,0.06324591303362201,0.06326127954483016,673.275,450.025,1.4961070460704609,19.044999999999998,15.815579646800566,27.430703149999758,50.815931041999995,1.4961070460704609,0.936754086966378,0.39157392847173467,0.467161015694348,0.5219869929458334,False
isolet,20,74,query_adaptive_R25,25.0,0.14,3.3612990379333496,0.95,round(norm/delta),layer-wise cosine theorem,disabled: no norm-table or radial-layer candidate filter,"per-query, per-layer Eq. I_threshold with Binomial(K, theta/pi)",distance-table hash-bucket lookup with per-layer thresholds; union over L tables without intersecting sphere-layer masks or exact norm-table filter,0.4856594935194304,0.5931361172702636,0.517600672469609,0.9166036406189431,0.08339065593529357,0.08340585576252305,587.5,450.025,1.3055176151761518,18.314999999999998,15.815579646800566,28.156720775001176,50.815931041999995,1.3055176151761518,0.9166093440647064,0.3754705114712886,0.5350395000874582,0.5231366136440969,False
isolet,20,76,query_adaptive_R25,25.0,0.14,3.3612990379333496,0.95,round(norm/delta),layer-wise cosine theorem,disabled: no norm-table or radial-layer candidate filter,"per-query, per-layer Eq. I_threshold with Binomial(K, theta/pi)",distance-table hash-bucket lookup with per-layer thresholds; union over L tables without intersecting sphere-layer masks or exact norm-table filter,0.498915825436162,0.5693617886178861,0.5100201743173997,0.9134033962565228,0.08659139501888365,0.08660652173371905,559.8,450.025,1.2439684651391967,18.335,15.815579646800566,29.537046724999172,50.815931041999995,1.2439684651391967,0.9134086049811163,0.3448542239268766,0.556960248791039,0.5185152006000495,False
isolet,20,78,query_adaptive_R25,25.0,0.14,3.3612990379333496,0.95,round(norm/delta),layer-wise cosine theorem,disabled: no norm-table or radial-layer candidate filter,"per-query, per-layer Eq. I_threshold with Binomial(K, theta/pi)",distance-table hash-bucket lookup with per-layer thresholds; union over L tables without intersecting sphere-layer masks or exact norm-table filter,0.5426121717346332,0.5268079576250309,0.49894168391811844,0.8939311581042648,0.10606510160323945,0.10607890358629188,490.225,450.025,1.089359694506036,18.05,15.815579646800566,29.377284375000556,50.815931041999995,1.089359694506036,0.8939348983967605,0.3483978290053261,0.6120242099730246,0.5206069341588262,False
isolet,20,80,query_adaptive_R25,25.0,0.14,3.3612990379333496,0.95,round(norm/delta),layer-wise cosine theorem,disabled: no norm-table or radial-layer candidate filter,"per-query, per-layer Eq. I_threshold with Binomial(K, theta/pi)",distance-table hash-bucket lookup with per-layer thresholds; union over L tables without intersecting sphere-layer masks or exact norm-table filter,0.5615438177082778,0.5015898004434589,0.4877189067299491,0.8911318020882572,0.10886481325487354,0.10887828971146787,458.825,450.025,1.0195874599655088,18.065,15.815579646800566,29.38736974999898,50.815931041999995,1.0195874599655088,0.8911351867451265,0.34817413058036684,0.636873612750023,0.517581089697437,False
isolet,20,82,query_adaptive_R25,25.0,0.14,3.3612990379333496,0.95,round(norm/delta),layer-wise cosine theorem,disabled: no norm-table or radial-layer candidate filter,"per-query, per-layer Eq. I_threshold with Binomial(K, theta/pi)",distance-table hash-bucket lookup with per-layer thresholds; union over L tables without intersecting sphere-layer masks or exact norm-table filter,0.5935072232085835,0.4510979305247599,0.4584116682030787,0.8751500937777112,0.12484686860885486,0.12486012392798243,404.45,450.025,0.8987639812761763,17.384999999999998,15.815579646800566,29.749260350000384,50.815931041999995,0.8987639812761763,0.8751531313911451,0.3401472245664078,0.6799049318218721,0.5065932267149209,False
isolet,20,84,query_adaptive_R25,25.0,0.14,3.3612990379333496,0.95,round(norm/delta),layer-wise cosine theorem,disabled: no norm-table or radial-layer candidate filter,"per-query, per-layer Eq. I_threshold with Binomial(K, theta/pi)",distance-table hash-bucket lookup with per-layer thresholds; union over L tables without intersecting sphere-layer masks or exact norm-table filter,0.6034889408410526,0.43154483863020443,0.44480080795376936,0.8712606713764707,0.12873660490868208,0.12874978161641099,384.8,450.025,0.85510014781966,17.395,15.815579646800566,30.189907225000212,50.815931041999995,0.85510014781966,0.8712633950913179,0.3303734668314605,0.6954558195280486,0.5005029829460114,False
isolet,20,86,query_adaptive_R25,25.0,0.14,3.3612990379333496,0.95,round(norm/delta),layer-wise cosine theorem,disabled: no norm-table or radial-layer candidate filter,"per-query, per-layer Eq. I_threshold with Binomial(K, theta/pi)",distance-table hash-bucket lookup with per-layer thresholds; union over L tables without intersecting sphere-layer masks or exact norm-table filter,0.611686860673574,0.41854594727765465,0.4350961298057615,0.8602590516743358,0.13973850713674066,0.1397516461008712,371.45,450.025,0.8254347129834935,17.415,15.815579646800566,33.15463637500038,50.815931041999995,0.8254347129834935,0.8602614928632594,0.26461436105804725,0.7060211732630006,0.4936746827990261,False
isolet,20,88,query_adaptive_R25,25.0,0.14,3.3612990379333496,0.95,round(norm/delta),layer-wise cosine theorem,disabled: no norm-table or radial-layer candidate filter,"per-query, per-layer Eq. I_threshold with Binomial(K, theta/pi)",distance-table hash-bucket lookup with per-layer thresholds; union over L tables without intersecting sphere-layer masks or exact norm-table filter,0.6207430249357605,0.3953811283567381,0.41655511285759256,0.83999717498547,0.16000062299516113,0.16001319939923161,351.275,450.025,0.7806033505789604,17.130000000000003,15.815579646800566,30.958045900001352,50.815931041999995,0.7806033505789604,0.8399993770048388,0.31333578486376823,0.7219878767628682,0.48769090474275734,False
isolet,20,90,query_adaptive_R25,25.0,0.14,3.3612990379333496,0.95,round(norm/delta),layer-wise cosine theorem,disabled: no norm-table or radial-layer candidate filter,"per-query, per-layer Eq. I_threshold with Binomial(K, theta/pi)",distance-table hash-bucket lookup with per-layer thresholds; union over L tables without intersecting sphere-layer masks or exact norm-table filter,0.6500955963471278,0.350439886671594,0.38090755852447067,0.8222174107874876,0.1777808772219707,0.17779327507400522,306.1,450.025,0.6802176644493717,16.43,15.815579646800566,31.319453150000598,50.815931041999995,0.6802176644493717,0.8222191227780293,0.30531959978326006,0.7577402697327473,0.4744915232006829,False
isolet,20,92,query_adaptive_R25,25.0,0.14,3.3612990379333496,0.95,round(norm/delta),layer-wise cosine theorem,disabled: no norm-table or radial-layer candidate filter,"per-query, per-layer Eq. I_threshold with Binomial(K, theta/pi)",distance-table hash-bucket lookup with per-layer thresholds; union over L tables without intersecting sphere-layer masks or exact norm-table filter,0.661454232046558,0.33366284799211626,0.3713484751181545,0.8136115660800998,0.1863870064679164,0.18639857951822092,285.075,450.025,0.6334961813254496,16.169999999999998,15.815579646800566,32.501950024999715,50.815931041999995,0.6334961813254496,0.8136129935320836,0.27909125542344115,0.7743801403077782,0.47014381310297254,False
isolet,20,94,query_adaptive_R25,25.0,0.14,3.3612990379333496,0.95,round(norm/delta),layer-wise cosine theorem,disabled: no norm-table or radial-layer candidate filter,"per-query, per-layer Eq. I_threshold with Binomial(K, theta/pi)",distance-table hash-bucket lookup with per-layer thresholds; union over L tables without intersecting sphere-layer masks or exact norm-table filter,0.6722167437386634,0.315219881744272,0.35544789319267567,0.8054917512241776,0.19450689469365368,0.19451830853192092,267.275,450.025,0.5939421039664943,16.21,15.815579646800566,34.77183957499932,50.815931041999995,0.5939421039664943,0.8054931053063463,0.2287440231940212,0.7884673371166223,0.46154985385953357,False
isolet,20,96,query_adaptive_R25,25.0,0.14,3.3612990379333496,0.95,round(norm/delta),layer-wise cosine theorem,disabled: no norm-table or radial-layer candidate filter,"per-query, per-layer Eq. I_threshold with Binomial(K, theta/pi)",distance-table hash-bucket lookup with per-layer thresholds; union over L tables without intersecting sphere-layer masks or exact norm-table filter,0.6823171398409841,0.3020534614437053,0.3448090960443313,0.7800784813274422,0.21992024789614567,0.2199314548306627,253.575,450.025,0.5634979058881499,16.214999999999996,15.815579646800566,32.58824059999981,50.815931041999995,0.5634979058881499,0.7800797521038543,0.2771772893369677,0.7993100476196389,0.4605657031655006,False
isolet,20,98,query_adaptive_R25,25.0,0.14,3.3612990379333496,0.95,round(norm/delta),layer-wise cosine theorem,disabled: no norm-table or radial-layer candidate filter,"per-query, per-layer Eq. I_threshold with Binomial(K, theta/pi)",distance-table hash-bucket lookup with per-layer thresholds; union over L tables without intersecting sphere-layer masks or exact norm-table filter,0.7124768148712828,0.2631656812022666,0.31379514310686546,0.7405022824813521,0.2594967647397145,0.2595074603574391,211.275,450.025,0.4694990145355999,15.254999999999999,15.815579646800566,32.885407275000134,50.815931041999995,0.4694990145355999,0.7405032352602855,0.2705859908321181,0.8327877816666123,0.4505470018140574,False
isolet,20,100,query_adaptive_R25,25.0,0.14,3.3612990379333496,0.95,round(norm/delta),layer-wise cosine theorem,disabled: no norm-table or radial-layer candidate filter,"per-query, per-layer Eq. I_threshold with Binomial(K, theta/pi)",distance-table hash-bucket lookup with per-layer thresholds; union over L tables without intersecting sphere-layer masks or exact norm-table filter,0.7175749443491297,0.25788802660753884,0.30869964056911403,0.7279116208381526,0.2720875074643156,0.27209807693354504,205.325,450.025,0.4562769154964276,15.275,15.815579646800566,33.580060425000724,50.815931041999995,0.4562769154964276,0.7279124925356844,0.2551782528380012,0.837496836303395,0.4484192132105966,False
isolet,20,102,query_adaptive_R25,25.0,0.14,3.3612990379333496,0.95,round(norm/delta),layer-wise cosine theorem,disabled: no norm-table or radial-layer candidate filter,"per-query, per-layer Eq. I_threshold with Binomial(K, theta/pi)",distance-table hash-bucket lookup with per-layer thresholds; union over L tables without intersecting sphere-layer masks or exact norm-table filter,0.7277488452511258,0.2465549396403055,0.297853288718082,0.7238824461379727,0.2761167070534913,0.27612721636826737,195.675,450.025,0.43483271741808327,15.294999999999998,15.815579646800566,34.216942650001414,50.815931041999995,0.43483271741808327,0.7238832929465087,0.24105190149861333,0.8451341940401462,0.4443906117531318,False
isolet,20,104,query_adaptive_R25,25.0,0.14,3.3612990379333496,0.95,round(norm/delta),layer-wise cosine theorem,disabled: no norm-table or radial-layer candidate filter,"per-query, per-layer Eq. I_threshold with Binomial(K, theta/pi)",distance-table hash-bucket lookup with per-layer thresholds; union over L tables without intersecting sphere-layer masks or exact norm-table filter,0.7329802070682708,0.2095550628233555,0.26462062646011775,0.6594651461417289,0.3405342613579846,0.34053983695959344,158.75,450.025,0.35277728504557776,14.305000000000001,15.815579646800566,43.58960827500198,50.815931041999995,0.35277728504557776,0.6594657386420154,0.033161710176005665,0.8743582615004019,0.41734494839278824,False
isolet,20,106,query_adaptive_R25,25.0,0.14,3.3612990379333496,0.95,round(norm/delta),layer-wise cosine theorem,disabled: no norm-table or radial-layer candidate filter,"per-query, per-layer Eq. I_threshold with Binomial(K, theta/pi)",distance-table hash-bucket lookup with per-layer thresholds; union over L tables without intersecting sphere-layer masks or exact norm-table filter,0.7227048506224832,0.20016629711751666,0.25462086545294393,0.6272916149161981,0.37270786903053194,0.37271237515028743,149.4,450.025,0.33199963045084996,14.319999999999999,15.815579646800566,34.9199301750005,50.815931041999995,0.33199963045084996,0.6272921309694681,0.2254593030942018,0.8817582295705924,0.4192838779552997,False
isolet,20,108,query_adaptive_R25,25.0,0.14,3.3612990379333496,0.95,round(norm/delta),layer-wise cosine theorem,disabled: no norm-table or radial-layer candidate filter,"per-query, per-layer Eq. I_threshold with Binomial(K, theta/pi)",distance-table hash-bucket lookup with per-layer thresholds; union over L tables without intersecting sphere-layer masks or exact norm-table filter,0.6541889228421832,0.17038876570583888,0.2244133502459112,0.5630620913358017,0.43693758259136206,0.43694168172075987,121.425,450.025,0.26983321015028333,13.339999999999998,15.815579646800566,35.19299892499994,50.815931041999995,0.26983321015028333,0.5630624174086379,0.2194025080528652,0.9038988192682844,0.38604910205254617,False
isolet,20,110,query_adaptive_R25,25.0,0.14,3.3612990379333496,0.95,round(norm/delta),layer-wise cosine theorem,disabled: no norm-table or radial-layer candidate filter,"per-query, per-layer Eq. I_threshold with Binomial(K, theta/pi)",distance-table hash-bucket lookup with per-layer thresholds; union over L tables without intersecting sphere-layer masks or exact norm-table filter,0.6363621786259559,0.16438888888888886,0.21790448850574765,0.5563569246718736,0.4436427558775106,0.4436468029882876,116.5,450.025,0.2588888888888889,13.3,15.815579646800566,35.91420309999975,50.815931041999995,0.2588888888888889,0.5563572441224893,0.20340585566792913,0.9077966426494073,0.37740429490406,False
isolet,20,112,query_adaptive_R25,25.0,0.14,3.3612990379333496,0.95,round(norm/delta),layer-wise cosine theorem,disabled: no norm-table or radial-layer candidate filter,"per-query, per-layer Eq. I_threshold with Binomial(K, theta/pi)",distance-table hash-bucket lookup with per-layer thresholds; union over L tables without intersecting sphere-layer masks or exact norm-table filter,0.6488629675152389,0.154,0.20675437378639785,0.5173099512820689,0.4826897645397283,0.48269309589786846,107.175,450.025,0.2381666666666667,13.280000000000001,15.815579646800566,36.523892749999476,50.815931041999995,0.2381666666666667,0.5173102354602717,0.1898826486042131,0.9151768684630921,0.3740915919805688,False
isolet,20,114,query_adaptive_R25,25.0,0.14,3.3612990379333496,0.95,round(norm/delta),layer-wise cosine theorem,disabled: no norm-table or radial-layer candidate filter,"per-query, per-layer Eq. I_threshold with Binomial(K, theta/pi)",distance-table hash-bucket lookup with per-layer thresholds; union over L tables without intersecting sphere-layer masks or exact norm-table filter,0.6109945239054209,0.12666666666666665,0.17513112883807097,0.44642745912035836,0.553572364923978,0.5535751781642535,83.625,450.025,0.18583333333333332,12.275,15.815579646800566,36.375582199998036,50.815931041999995,0.18583333333333332,0.446427635076022,0.19317224729988391,0.9338154012150789,0.34875134522284884,False
isolet,20,116,query_adaptive_R25,25.0,0.14,3.3612990379333496,0.95,round(norm/delta),layer-wise cosine theorem,disabled: no norm-table or radial-layer candidate filter,"per-query, per-layer Eq. I_threshold with Binomial(K, theta/pi)",distance-table hash-bucket lookup with per-layer thresholds; union over L tables without intersecting sphere-layer masks or exact norm-table filter,0.5794103538978124,0.11699999999999999,0.16424704791504935,0.41180679544780946,0.588193041013119,0.5881947631018294,76.1,450.025,0.16911111111111113,12.225,15.815579646800566,36.7023936999999,50.815931041999995,0.16911111111111113,0.411806958986881,0.18592341244541177,0.9397710257993124,0.3348623284469222,False
isolet,20,118,query_adaptive_R25,25.0,0.14,3.3612990379333496,0.95,round(norm/delta),layer-wise cosine theorem,disabled: no norm-table or radial-layer candidate filter,"per-query, per-layer Eq. I_threshold with Binomial(K, theta/pi)",distance-table hash-bucket lookup with per-layer thresholds; union over L tables without intersecting sphere-layer masks or exact norm-table filter,0.5803944055575772,0.09483333333333333,0.13600985859644193,0.37814417454096405,0.6218557236293509,0.6218572666214653,59.725,450.025,0.13272222222222224,11.190000000000001,15.815579646800566,45.0846938250006,50.815931041999995,0.13272222222222224,0.37814427637064907,0.0,0.9527309397616811,0.3116834792076504,False
isolet,20,120,query_adaptive_R25,25.0,0.14,3.3612990379333496,0.95,round(norm/delta),layer-wise cosine theorem,disabled: no norm-table or radial-layer candidate filter,"per-query, per-layer Eq. I_threshold with Binomial(K, theta/pi)",distance-table hash-bucket lookup with per-layer thresholds; union over L tables without intersecting sphere-layer masks or exact norm-table filter,0.5795271459729406,0.09133333333333334,0.13049253634411412,0.3459769141153365,0.6540229998635327,0.6540242883787158,57.575,450.025,0.12794444444444444,11.125,15.815579646800566,43.967263550002045,50.815931041999995,0.12794444444444444,0.34597700013646726,0.02478513615587452,0.9544325467857478,0.31007001903337694,False
isolet,20,122,query_adaptive_R25,25.0,0.14,3.3612990379333496,0.95,round(norm/delta),layer-wise cosine theorem,disabled: no norm-table or radial-layer candidate filter,"per-query, per-layer Eq. I_threshold with Binomial(K, theta/pi)",distance-table hash-bucket lookup with per-layer thresholds; union over L tables without intersecting sphere-layer masks or exact norm-table filter,0.5757594220773524,0.07288888888888889,0.10630292649698234,0.31261843532271294,0.6873815037882306,0.6873824519245453,44.3,450.025,0.09844444444444445,10.059999999999999,15.815579646800566,41.1738395499988,50.815931041999995,0.09844444444444445,0.3126184962117694,0.08674461204465644,0.9649389808529506,0.30019923070303206,False
isolet,20,124,query_adaptive_R25,25.0,0.14,3.3612990379333496,0.95,round(norm/delta),layer-wise cosine theorem,disabled: no norm-table or radial-layer candidate filter,"per-query, per-layer Eq. I_threshold with Binomial(K, theta/pi)",distance-table hash-bucket lookup with per-layer thresholds; union over L tables without intersecting sphere-layer masks or exact norm-table filter,0.5584290059979289,0.07077777777777779,0.10325256040034474,0.29883538802876564,0.7011645578105582,0.7011654364671732,43.025,450.025,0.0956111111111111,9.99,15.815579646800566,38.73971247500023,50.815931041999995,0.0956111111111111,0.2988354421894418,0.1407347108672592,0.9659480733904785,0.29707163496645816,False
isolet,20,126,query_adaptive_R25,25.0,0.14,3.3612990379333496,0.95,round(norm/delta),layer-wise cosine theorem,disabled: no norm-table or radial-layer candidate filter,"per-query, per-layer Eq. I_threshold with Binomial(K, theta/pi)",distance-table hash-bucket lookup with per-layer thresholds; union over L tables without intersecting sphere-layer masks or exact norm-table filter,0.5279079816101792,0.05355555555555556,0.0825860023876844,0.2513149851577946,0.7486849644700542,0.7486856575638667,30.475,450.025,0.06772222222222221,8.885,15.815579646800566,44.39210089999861,50.815931041999995,0.06772222222222221,0.25131503552994583,0.015362041221580358,0.9758807097402634,0.2726271581622286,False
isolet,20,128,query_adaptive_R25,25.0,0.14,3.3612990379333496,0.95,round(norm/delta),layer-wise cosine theorem,disabled: no norm-table or radial-layer candidate filter,"per-query, per-layer Eq. I_threshold with Binomial(K, theta/pi)",distance-table hash-bucket lookup with per-layer thresholds; union over L tables without intersecting sphere-layer masks or exact norm-table filter,0.46407774533244367,0.03916666666666666,0.06378584795037419,0.21112016346780244,0.7888798083031718,0.7888803647873496,21.225,450.025,0.04716666666666667,7.815,15.815579646800566,39.32713332500413,50.815931041999995,0.04716666666666667,0.21112019169682816,0.12770543640253718,0.9832015771693877,0.2528415793194742,False
