dataset,L,K,radius_mode,radius_percentile,bandwidth_factor,delta,angle_alpha,sphere_layer_rule,theta_rule,norm_filter_rule,hamming_threshold_rule,lookup_rule,point_precision,point_recall,point_f1,kernel_weighted_recall,kde_abs_relative_error_vs_exact_r25,kde_abs_relative_error_vs_global,candidate_size,exact_r25_candidate_size,candidate_expansion_ratio,mean_hamming_threshold,mean_theta_deg,query_time_ms,build_time_s
amazon,2,10,query_adaptive_R25,25.0,0.14,7.007801055908203,0.95,round(norm/delta),layer-wise cosine theorem,disabled: no norm-table or radial-layer candidate filter,"per-query, per-layer Eq. I_threshold with Binomial(K, theta/pi)",distance-table hash-bucket lookup with per-layer thresholds; union over L tables without intersecting sphere-layer masks or exact norm-table filter,0.2375939192866637,0.5723350253807107,0.3355038778259064,0.5626986121853308,0.40797369313370224,0.42617914834214743,473.85,197.0,2.4053299492385785,3.875,50.32802359873031,1.0739854000021865,91.17533600000002
amazon,2,20,query_adaptive_R25,25.0,0.14,7.007801055908203,0.95,round(norm/delta),layer-wise cosine theorem,disabled: no norm-table or radial-layer candidate filter,"per-query, per-layer Eq. I_threshold with Binomial(K, theta/pi)",distance-table hash-bucket lookup with per-layer thresholds; union over L tables without intersecting sphere-layer masks or exact norm-table filter,0.24306226328177322,0.6406091370558376,0.35161276413106257,0.6361362210034059,0.3328617293468649,0.3540798340091648,514.6,197.0,2.612182741116751,8.53125,50.32802359873031,1.3880374500018888,91.17533600000002
amazon,2,30,query_adaptive_R25,25.0,0.14,7.007801055908203,0.95,round(norm/delta),layer-wise cosine theorem,disabled: no norm-table or radial-layer candidate filter,"per-query, per-layer Eq. I_threshold with Binomial(K, theta/pi)",distance-table hash-bucket lookup with per-layer thresholds; union over L tables without intersecting sphere-layer masks or exact norm-table filter,0.2375932170094583,0.7558375634517767,0.36110660047602516,0.7292910869001897,0.23376819922956163,0.2599565430797833,619.75,197.0,3.1459390862944163,14.33125,50.32802359873031,1.5774833750000994,91.17533600000002
amazon,2,40,query_adaptive_R25,25.0,0.14,7.007801055908203,0.95,round(norm/delta),layer-wise cosine theorem,disabled: no norm-table or radial-layer candidate filter,"per-query, per-layer Eq. I_threshold with Binomial(K, theta/pi)",distance-table hash-bucket lookup with per-layer thresholds; union over L tables without intersecting sphere-layer masks or exact norm-table filter,0.23805443766973303,0.893274111675127,0.37582207018228664,0.8681567947392578,0.09495320519542332,0.12417642384277439,736.4,197.0,3.7380710659898475,21.6875,50.32802359873031,1.7296562499993229,91.17533600000002
amazon,2,50,query_adaptive_R25,25.0,0.14,7.007801055908203,0.95,round(norm/delta),layer-wise cosine theorem,disabled: no norm-table or radial-layer candidate filter,"per-query, per-layer Eq. I_threshold with Binomial(K, theta/pi)",distance-table hash-bucket lookup with per-layer thresholds; union over L tables without intersecting sphere-layer masks or exact norm-table filter,0.24844315923727542,0.9857868020304569,0.3968611560726293,0.9805915397531425,0.04334279860697112,0.01759465943488961,781.5,197.0,3.967005076142132,31.44375,50.32802359873031,1.89080629999836,91.17533600000002
amazon,2,60,query_adaptive_R25,25.0,0.14,7.007801055908203,0.95,round(norm/delta),layer-wise cosine theorem,disabled: no norm-table or radial-layer candidate filter,"per-query, per-layer Eq. I_threshold with Binomial(K, theta/pi)",distance-table hash-bucket lookup with per-layer thresholds; union over L tables without intersecting sphere-layer masks or exact norm-table filter,0.2329318776889276,0.8513959390862944,0.36555867458168334,0.8095666488796232,0.15117098591215072,0.1789825572715757,713.95,197.0,3.6241116751269034,31.59375,50.32802359873031,2.0223167749961135,91.17533600000002
amazon,2,70,query_adaptive_R25,25.0,0.14,7.007801055908203,0.95,round(norm/delta),layer-wise cosine theorem,disabled: no norm-table or radial-layer candidate filter,"per-query, per-layer Eq. I_threshold with Binomial(K, theta/pi)",distance-table hash-bucket lookup with per-layer thresholds; union over L tables without intersecting sphere-layer masks or exact norm-table filter,0.2310259502108729,0.6458121827411167,0.33922325485852955,0.6166038339438478,0.35538848028302816,0.3722468075603272,532.525,197.0,2.703172588832487,32.58125,50.32802359873031,2.109764700003325,91.17533600000002
amazon,2,80,query_adaptive_R25,25.0,0.14,7.007801055908203,0.95,round(norm/delta),layer-wise cosine theorem,disabled: no norm-table or radial-layer candidate filter,"per-query, per-layer Eq. I_threshold with Binomial(K, theta/pi)",distance-table hash-bucket lookup with per-layer thresholds; union over L tables without intersecting sphere-layer masks or exact norm-table filter,0.24897985794083705,0.3813451776649746,0.29354312995004483,0.41603979103303024,0.5723375574557886,0.5777506936359325,268.4,197.0,1.3624365482233503,32.79375,50.32802359873031,2.2256374999969353,91.17533600000002
amazon,2,90,query_adaptive_R25,25.0,0.14,7.007801055908203,0.95,round(norm/delta),layer-wise cosine theorem,disabled: no norm-table or radial-layer candidate filter,"per-query, per-layer Eq. I_threshold with Binomial(K, theta/pi)",distance-table hash-bucket lookup with per-layer thresholds; union over L tables without intersecting sphere-layer masks or exact norm-table filter,0.28748018843327855,0.22715736040609139,0.23168688730703657,0.317977610604114,0.6783195068713571,0.6799651411286837,112.925,197.0,0.5732233502538071,33.00625,50.32802359873031,2.3421322500027486,91.17533600000002
amazon,2,100,query_adaptive_R25,25.0,0.14,7.007801055908203,0.95,round(norm/delta),layer-wise cosine theorem,disabled: no norm-table or radial-layer candidate filter,"per-query, per-layer Eq. I_threshold with Binomial(K, theta/pi)",distance-table hash-bucket lookup with per-layer thresholds; union over L tables without intersecting sphere-layer masks or exact norm-table filter,0.3335177572054133,0.11484771573604062,0.140648236897794,0.25128712414931104,0.7483338335165757,0.748593306462982,32.3,197.0,0.16395939086294414,31.31875,50.32802359873031,2.4429811999993944,91.17533600000002
amazon,3,10,query_adaptive_R25,25.0,0.14,7.007801055908203,0.95,round(norm/delta),layer-wise cosine theorem,disabled: no norm-table or radial-layer candidate filter,"per-query, per-layer Eq. I_threshold with Binomial(K, theta/pi)",distance-table hash-bucket lookup with per-layer thresholds; union over L tables without intersecting sphere-layer masks or exact norm-table filter,0.21579199516551392,0.49517766497461935,0.29705709765984567,0.4801443212983408,0.4995461208359863,0.50998973109178,419.575,197.0,2.1298223350253807,3.09375,50.32802359873031,0.7288343499993744,91.17533600000002
amazon,3,20,query_adaptive_R25,25.0,0.14,7.007801055908203,0.95,round(norm/delta),layer-wise cosine theorem,disabled: no norm-table or radial-layer candidate filter,"per-query, per-layer Eq. I_threshold with Binomial(K, theta/pi)",distance-table hash-bucket lookup with per-layer thresholds; union over L tables without intersecting sphere-layer masks or exact norm-table filter,0.2342056803078659,0.5790609137055838,0.33249817832314854,0.5725862906502149,0.3992607114507741,0.41574627143123344,475.6,197.0,2.414213197969543,7.75625,50.32802359873031,0.9566689000038764,91.17533600000002
amazon,3,30,query_adaptive_R25,25.0,0.14,7.007801055908203,0.95,round(norm/delta),layer-wise cosine theorem,disabled: no norm-table or radial-layer candidate filter,"per-query, per-layer Eq. I_threshold with Binomial(K, theta/pi)",distance-table hash-bucket lookup with per-layer thresholds; union over L tables without intersecting sphere-layer masks or exact norm-table filter,0.23284576686798242,0.7435279187817259,0.3543083754786019,0.7130172457978852,0.2495607105304432,0.27437037770516204,621.775,197.0,3.156218274111675,13.5375,50.32802359873031,1.042725124999322,91.17533600000002
amazon,3,40,query_adaptive_R25,25.0,0.14,7.007801055908203,0.95,round(norm/delta),layer-wise cosine theorem,disabled: no norm-table or radial-layer candidate filter,"per-query, per-layer Eq. I_threshold with Binomial(K, theta/pi)",distance-table hash-bucket lookup with per-layer thresholds; union over L tables without intersecting sphere-layer masks or exact norm-table filter,0.23680003431775432,0.8972081218274113,0.3745976952428952,0.8669242169656142,0.09563543399170418,0.12459955927801007,743.425,197.0,3.773730964467005,20.93125,50.32802359873031,1.1570510499979036,91.17533600000002
amazon,3,50,query_adaptive_R25,25.0,0.14,7.007801055908203,0.95,round(norm/delta),layer-wise cosine theorem,disabled: no norm-table or radial-layer candidate filter,"per-query, per-layer Eq. I_threshold with Binomial(K, theta/pi)",distance-table hash-bucket lookup with per-layer thresholds; union over L tables without intersecting sphere-layer masks or exact norm-table filter,0.24988193243215712,0.9941624365482233,0.399377960176536,0.992306169162568,0.04667307981988147,0.006908920023500502,783.7,197.0,3.978172588832488,31.44375,50.32802359873031,1.1966479249977624,91.17533600000002
amazon,3,60,query_adaptive_R25,25.0,0.14,7.007801055908203,0.95,round(norm/delta),layer-wise cosine theorem,disabled: no norm-table or radial-layer candidate filter,"per-query, per-layer Eq. I_threshold with Binomial(K, theta/pi)",distance-table hash-bucket lookup with per-layer thresholds; union over L tables without intersecting sphere-layer masks or exact norm-table filter,0.23290952249115748,0.8651015228426395,0.36682056025674015,0.829018492366383,0.12885653534175376,0.15936591734830552,726.2,197.0,3.686294416243655,30.78125,50.32802359873031,1.3291811250084606,91.17533600000002
amazon,3,70,query_adaptive_R25,25.0,0.14,7.007801055908203,0.95,round(norm/delta),layer-wise cosine theorem,disabled: no norm-table or radial-layer candidate filter,"per-query, per-layer Eq. I_threshold with Binomial(K, theta/pi)",distance-table hash-bucket lookup with per-layer thresholds; union over L tables without intersecting sphere-layer masks or exact norm-table filter,0.2290379445962564,0.6478426395939086,0.3372423215444022,0.6111670043917677,0.3607318480747501,0.3770926223012583,537.25,197.0,2.7271573604060917,31.43125,50.32802359873031,1.3760624499965957,91.17533600000002
amazon,3,80,query_adaptive_R25,25.0,0.14,7.007801055908203,0.95,round(norm/delta),layer-wise cosine theorem,disabled: no norm-table or radial-layer candidate filter,"per-query, per-layer Eq. I_threshold with Binomial(K, theta/pi)",distance-table hash-bucket lookup with per-layer thresholds; union over L tables without intersecting sphere-layer masks or exact norm-table filter,0.25485579258334623,0.3748730964467005,0.2954939419192451,0.40062369243707563,0.5887100760348546,0.5935913841184731,251.975,197.0,1.279060913705584,31.35625,50.32802359873031,1.415853025002889,91.17533600000002
amazon,3,90,query_adaptive_R25,25.0,0.14,7.007801055908203,0.95,round(norm/delta),layer-wise cosine theorem,disabled: no norm-table or radial-layer candidate filter,"per-query, per-layer Eq. I_threshold with Binomial(K, theta/pi)",distance-table hash-bucket lookup with per-layer thresholds; union over L tables without intersecting sphere-layer masks or exact norm-table filter,0.3026819680089901,0.2201776649746193,0.22644006903029706,0.3095992161293767,0.6878167618393856,0.6890339682341392,99.475,197.0,0.5049492385786802,31.4125,50.32802359873031,1.4592968000016526,91.17533600000002
amazon,3,100,query_adaptive_R25,25.0,0.14,7.007801055908203,0.95,round(norm/delta),layer-wise cosine theorem,disabled: no norm-table or radial-layer candidate filter,"per-query, per-layer Eq. I_threshold with Binomial(K, theta/pi)",distance-table hash-bucket lookup with per-layer thresholds; union over L tables without intersecting sphere-layer masks or exact norm-table filter,0.359287655490595,0.10824873096446701,0.13489727724177059,0.24162099154862515,0.75818095107943,0.7583997418137925,27.15,197.0,0.13781725888324875,29.425,50.32802359873031,1.4933260000077553,91.17533600000002
amazon,4,10,query_adaptive_R25,25.0,0.14,7.007801055908203,0.95,round(norm/delta),layer-wise cosine theorem,disabled: no norm-table or radial-layer candidate filter,"per-query, per-layer Eq. I_threshold with Binomial(K, theta/pi)",distance-table hash-bucket lookup with per-layer thresholds; union over L tables without intersecting sphere-layer masks or exact norm-table filter,0.2299482459887839,0.4918781725888325,0.31294911453098084,0.4785514704974604,0.49728783037045377,0.5090019896509672,419.25,197.0,2.128172588832487,2.875,50.32802359873031,0.7608312500025249,91.17533600000002
amazon,4,20,query_adaptive_R25,25.0,0.14,7.007801055908203,0.95,round(norm/delta),layer-wise cosine theorem,disabled: no norm-table or radial-layer candidate filter,"per-query, per-layer Eq. I_threshold with Binomial(K, theta/pi)",distance-table hash-bucket lookup with per-layer thresholds; union over L tables without intersecting sphere-layer masks or exact norm-table filter,0.23409451206999687,0.5840101522842639,0.33295877728585216,0.568003415456689,0.4072344261926668,0.42092844366105353,474.05,197.0,2.406345177664975,7.25,50.32802359873031,0.9528457500024956,91.17533600000002
amazon,4,30,query_adaptive_R25,25.0,0.14,7.007801055908203,0.95,round(norm/delta),layer-wise cosine theorem,disabled: no norm-table or radial-layer candidate filter,"per-query, per-layer Eq. I_threshold with Binomial(K, theta/pi)",distance-table hash-bucket lookup with per-layer thresholds; union over L tables without intersecting sphere-layer masks or exact norm-table filter,0.22795144827253377,0.7356598984771574,0.3474455600268226,0.6933623211350157,0.2714314255797022,0.29347865573133414,623.725,197.0,3.166116751269035,13.09375,50.32802359873031,1.0502979500003562,91.17533600000002
amazon,4,40,query_adaptive_R25,25.0,0.14,7.007801055908203,0.95,round(norm/delta),layer-wise cosine theorem,disabled: no norm-table or radial-layer candidate filter,"per-query, per-layer Eq. I_threshold with Binomial(K, theta/pi)",distance-table hash-bucket lookup with per-layer thresholds; union over L tables without intersecting sphere-layer masks or exact norm-table filter,0.23768766343501674,0.9091370558375635,0.3767747373046063,0.8785839827948235,0.08288578673620002,0.11305655980009328,751.4,197.0,3.8142131979695435,20.4875,50.32802359873031,1.1548063000006437,91.17533600000002
amazon,4,50,query_adaptive_R25,25.0,0.14,7.007801055908203,0.95,round(norm/delta),layer-wise cosine theorem,disabled: no norm-table or radial-layer candidate filter,"per-query, per-layer Eq. I_threshold with Binomial(K, theta/pi)",distance-table hash-bucket lookup with per-layer thresholds; union over L tables without intersecting sphere-layer masks or exact norm-table filter,0.2507318718929466,0.998730964467005,0.4008340408303555,0.9984880199011223,0.04995766699920758,0.0013692876003407223,784.7,197.0,3.9832487309644677,31.44375,50.32802359873031,1.227906300000825,91.17533600000002
amazon,4,60,query_adaptive_R25,25.0,0.14,7.007801055908203,0.95,round(norm/delta),layer-wise cosine theorem,disabled: no norm-table or radial-layer candidate filter,"per-query, per-layer Eq. I_threshold with Binomial(K, theta/pi)",distance-table hash-bucket lookup with per-layer thresholds; union over L tables without intersecting sphere-layer masks or exact norm-table filter,0.2325386054753134,0.8694162436548224,0.3667684860339165,0.8348282162434316,0.12250426379093313,0.1536702544088746,731.725,197.0,3.7143401015228426,30.25,50.32802359873031,1.3390792250035588,91.17533600000002
amazon,4,70,query_adaptive_R25,25.0,0.14,7.007801055908203,0.95,round(norm/delta),layer-wise cosine theorem,disabled: no norm-table or radial-layer candidate filter,"per-query, per-layer Eq. I_threshold with Binomial(K, theta/pi)",distance-table hash-bucket lookup with per-layer thresholds; union over L tables without intersecting sphere-layer masks or exact norm-table filter,0.2252391451343847,0.6465736040609137,0.3332164583503161,0.6090618614950744,0.3621201714108261,0.3778665981756964,547.05,197.0,2.7769035532994923,30.85,50.32802359873031,1.3820501000040508,91.17533600000002
amazon,4,80,query_adaptive_R25,25.0,0.14,7.007801055908203,0.95,round(norm/delta),layer-wise cosine theorem,disabled: no norm-table or radial-layer candidate filter,"per-query, per-layer Eq. I_threshold with Binomial(K, theta/pi)",distance-table hash-bucket lookup with per-layer thresholds; union over L tables without intersecting sphere-layer masks or exact norm-table filter,0.25449195560635623,0.383502538071066,0.2987482244604093,0.41021034981192717,0.5790061314963404,0.5837118891908224,262.3,197.0,1.331472081218274,30.58125,50.32802359873031,1.4502082749970668,91.17533600000002
amazon,4,90,query_adaptive_R25,25.0,0.14,7.007801055908203,0.95,round(norm/delta),layer-wise cosine theorem,disabled: no norm-table or radial-layer candidate filter,"per-query, per-layer Eq. I_threshold with Binomial(K, theta/pi)",distance-table hash-bucket lookup with per-layer thresholds; union over L tables without intersecting sphere-layer masks or exact norm-table filter,0.2998862279759035,0.22449238578680203,0.22895553996812978,0.31151097743543166,0.6855479038612928,0.6868341798046881,104.7,197.0,0.531472081218274,30.4125,50.32802359873031,1.507781199990177,91.17533600000002
amazon,4,100,query_adaptive_R25,25.0,0.14,7.007801055908203,0.95,round(norm/delta),layer-wise cosine theorem,disabled: no norm-table or radial-layer candidate filter,"per-query, per-layer Eq. I_threshold with Binomial(K, theta/pi)",distance-table hash-bucket lookup with per-layer thresholds; union over L tables without intersecting sphere-layer masks or exact norm-table filter,0.33665360186310156,0.11319796954314723,0.13731669258206539,0.23850831920204438,0.7611968358271665,0.7614526797708606,29.75,197.0,0.15101522842639595,28.16875,50.32802359873031,1.5483822749956744,91.17533600000002
amazon,5,10,query_adaptive_R25,25.0,0.14,7.007801055908203,0.95,round(norm/delta),layer-wise cosine theorem,disabled: no norm-table or radial-layer candidate filter,"per-query, per-layer Eq. I_threshold with Binomial(K, theta/pi)",distance-table hash-bucket lookup with per-layer thresholds; union over L tables without intersecting sphere-layer masks or exact norm-table filter,0.22849048646397682,0.5467005076142131,0.32198023205069715,0.5191439109360753,0.45347700913399425,0.4679107611973796,470.625,197.0,2.3889593908629445,2.64375,50.32802359873031,0.7941948500004514,91.17533600000002
amazon,5,20,query_adaptive_R25,25.0,0.14,7.007801055908203,0.95,round(norm/delta),layer-wise cosine theorem,disabled: no norm-table or radial-layer candidate filter,"per-query, per-layer Eq. I_threshold with Binomial(K, theta/pi)",distance-table hash-bucket lookup with per-layer thresholds; union over L tables without intersecting sphere-layer masks or exact norm-table filter,0.2235370743992689,0.5459390862944162,0.31527631037593756,0.5317090052721699,0.4445207297607013,0.45686999684877405,458.4,197.0,2.326903553299492,6.93125,50.32802359873031,0.9834572999963599,91.17533600000002
amazon,5,30,query_adaptive_R25,25.0,0.14,7.007801055908203,0.95,round(norm/delta),layer-wise cosine theorem,disabled: no norm-table or radial-layer candidate filter,"per-query, per-layer Eq. I_threshold with Binomial(K, theta/pi)",distance-table hash-bucket lookup with per-layer thresholds; union over L tables without intersecting sphere-layer masks or exact norm-table filter,0.22416743367635966,0.7309644670050761,0.34260177650803325,0.6818368927476888,0.2817400691723907,0.30397902438219215,631.45,197.0,3.205329949238579,12.825,50.32802359873031,1.0706875499991497,91.17533600000002
amazon,5,40,query_adaptive_R25,25.0,0.14,7.007801055908203,0.95,round(norm/delta),layer-wise cosine theorem,disabled: no norm-table or radial-layer candidate filter,"per-query, per-layer Eq. I_threshold with Binomial(K, theta/pi)",distance-table hash-bucket lookup with per-layer thresholds; union over L tables without intersecting sphere-layer masks or exact norm-table filter,0.23795740899324946,0.9154822335025381,0.3776625283440301,0.8851035237594612,0.07417297648553535,0.10653374108814202,755.975,197.0,3.8374365482233506,20.23125,50.32802359873031,1.1710749999991776,91.17533600000002
amazon,5,50,query_adaptive_R25,25.0,0.14,7.007801055908203,0.95,round(norm/delta),layer-wise cosine theorem,disabled: no norm-table or radial-layer candidate filter,"per-query, per-layer Eq. I_threshold with Binomial(K, theta/pi)",distance-table hash-bucket lookup with per-layer thresholds; union over L tables without intersecting sphere-layer masks or exact norm-table filter,0.25081191864727054,0.999238578680203,0.4009772847525673,0.9990314155678348,0.05052182735278997,0.0008571789102771477,784.85,197.0,3.9840101522842644,31.44375,50.32802359873031,1.2497645000010493,91.17533600000002
amazon,5,60,query_adaptive_R25,25.0,0.14,7.007801055908203,0.95,round(norm/delta),layer-wise cosine theorem,disabled: no norm-table or radial-layer candidate filter,"per-query, per-layer Eq. I_threshold with Binomial(K, theta/pi)",distance-table hash-bucket lookup with per-layer thresholds; union over L tables without intersecting sphere-layer masks or exact norm-table filter,0.23225952213851056,0.8779187817258883,0.36718346369214294,0.8395465758042453,0.11954265501173944,0.148292579611752,739.95,197.0,3.756091370558375,30.00625,50.32802359873031,1.324667575001115,91.17533600000002
amazon,5,70,query_adaptive_R25,25.0,0.14,7.007801055908203,0.95,round(norm/delta),layer-wise cosine theorem,disabled: no norm-table or radial-layer candidate filter,"per-query, per-layer Eq. I_threshold with Binomial(K, theta/pi)",distance-table hash-bucket lookup with per-layer thresholds; union over L tables without intersecting sphere-layer masks or exact norm-table filter,0.22104902612667793,0.65,0.3289946209810039,0.6084611345656137,0.36233919799256825,0.3779034103082717,558.975,197.0,2.83743654822335,30.3875,50.32802359873031,1.3904228249984385,91.17533600000002
amazon,5,80,query_adaptive_R25,25.0,0.14,7.007801055908203,0.95,round(norm/delta),layer-wise cosine theorem,disabled: no norm-table or radial-layer candidate filter,"per-query, per-layer Eq. I_threshold with Binomial(K, theta/pi)",distance-table hash-bucket lookup with per-layer thresholds; union over L tables without intersecting sphere-layer masks or exact norm-table filter,0.24788058331255095,0.38007614213197966,0.29296538295332486,0.4147663009307198,0.5745747604904377,0.579433613039965,262.475,197.0,1.3323604060913705,30.0625,50.32802359873031,1.435407350001583,91.17533600000002
amazon,5,90,query_adaptive_R25,25.0,0.14,7.007801055908203,0.95,round(norm/delta),layer-wise cosine theorem,disabled: no norm-table or radial-layer candidate filter,"per-query, per-layer Eq. I_threshold with Binomial(K, theta/pi)",distance-table hash-bucket lookup with per-layer thresholds; union over L tables without intersecting sphere-layer masks or exact norm-table filter,0.302800462344338,0.22284263959390863,0.22701092978574752,0.31476518337928405,0.6825649731976154,0.6837602085468459,99.325,197.0,0.5041878172588833,29.71875,50.32802359873031,1.4913406250016692,91.17533600000002
amazon,5,100,query_adaptive_R25,25.0,0.14,7.007801055908203,0.95,round(norm/delta),layer-wise cosine theorem,disabled: no norm-table or radial-layer candidate filter,"per-query, per-layer Eq. I_threshold with Binomial(K, theta/pi)",distance-table hash-bucket lookup with per-layer thresholds; union over L tables without intersecting sphere-layer masks or exact norm-table filter,0.3736687726937893,0.11142131979695431,0.1372005360367618,0.24875261659632503,0.7509974380017795,0.7512187066766494,28.675,197.0,0.14555837563451773,27.3625,50.32802359873031,1.494229175004591,91.17533600000002
amazon,6,10,query_adaptive_R25,25.0,0.14,7.007801055908203,0.95,round(norm/delta),layer-wise cosine theorem,disabled: no norm-table or radial-layer candidate filter,"per-query, per-layer Eq. I_threshold with Binomial(K, theta/pi)",distance-table hash-bucket lookup with per-layer thresholds; union over L tables without intersecting sphere-layer masks or exact norm-table filter,0.2148001414442496,0.4818527918781726,0.2925319756368471,0.4653266978189846,0.5185587080922873,0.5253957125599727,392.525,197.0,1.9925126903553299,2.2375,50.32802359873031,0.7850676499970177,91.17533600000002
amazon,6,20,query_adaptive_R25,25.0,0.14,7.007801055908203,0.95,round(norm/delta),layer-wise cosine theorem,disabled: no norm-table or radial-layer candidate filter,"per-query, per-layer Eq. I_threshold with Binomial(K, theta/pi)",distance-table hash-bucket lookup with per-layer thresholds; union over L tables without intersecting sphere-layer masks or exact norm-table filter,0.22773736562182795,0.5667512690355331,0.32378369892915615,0.5357694830488269,0.4382471894422192,0.452280866469675,474.75,197.0,2.4098984771573604,6.775,50.32802359873031,0.9873052499997925,91.17533600000002
amazon,6,30,query_adaptive_R25,25.0,0.14,7.007801055908203,0.95,round(norm/delta),layer-wise cosine theorem,disabled: no norm-table or radial-layer candidate filter,"per-query, per-layer Eq. I_threshold with Binomial(K, theta/pi)",distance-table hash-bucket lookup with per-layer thresholds; union over L tables without intersecting sphere-layer masks or exact norm-table filter,0.2271126856665333,0.7560913705583756,0.348971452921354,0.7076731118013218,0.25405740137547894,0.2780693701714876,647.2,197.0,3.2852791878172587,12.56875,50.32802359873031,1.074869850003779,91.17533600000002
amazon,6,40,query_adaptive_R25,25.0,0.14,7.007801055908203,0.95,round(norm/delta),layer-wise cosine theorem,disabled: no norm-table or radial-layer candidate filter,"per-query, per-layer Eq. I_threshold with Binomial(K, theta/pi)",distance-table hash-bucket lookup with per-layer thresholds; union over L tables without intersecting sphere-layer masks or exact norm-table filter,0.23961284398312915,0.927030456852792,0.3807266229132384,0.8980905537633254,0.07191947352935328,0.09370661431070752,760.225,197.0,3.8590101522842644,20.06875,50.32802359873031,1.1837771750009551,91.17533600000002
amazon,6,50,query_adaptive_R25,25.0,0.14,7.007801055908203,0.95,round(norm/delta),layer-wise cosine theorem,disabled: no norm-table or radial-layer candidate filter,"per-query, per-layer Eq. I_threshold with Binomial(K, theta/pi)",distance-table hash-bucket lookup with per-layer thresholds; union over L tables without intersecting sphere-layer masks or exact norm-table filter,0.25083580399758904,0.9993654822335024,0.40101802833065286,0.9991637597334442,0.05065417406074156,0.0007380747896136476,784.875,197.0,3.9841370558375635,31.44375,50.32802359873031,1.2609333249969268,91.17533600000002
amazon,6,60,query_adaptive_R25,25.0,0.14,7.007801055908203,0.95,round(norm/delta),layer-wise cosine theorem,disabled: no norm-table or radial-layer candidate filter,"per-query, per-layer Eq. I_threshold with Binomial(K, theta/pi)",distance-table hash-bucket lookup with per-layer thresholds; union over L tables without intersecting sphere-layer masks or exact norm-table filter,0.2335024832766493,0.8893401015228427,0.3697425516640908,0.8528822807041493,0.10820464899165316,0.13504858698750494,746.025,197.0,3.7869289340101524,29.8,50.32802359873031,1.3359550750024596,91.17533600000002
amazon,6,70,query_adaptive_R25,25.0,0.14,7.007801055908203,0.95,round(norm/delta),layer-wise cosine theorem,disabled: no norm-table or radial-layer candidate filter,"per-query, per-layer Eq. I_threshold with Binomial(K, theta/pi)",distance-table hash-bucket lookup with per-layer thresholds; union over L tables without intersecting sphere-layer masks or exact norm-table filter,0.22228189024626116,0.6571065989847715,0.3313500249543598,0.6212744466763901,0.34854098673176476,0.36500036152758913,564.575,197.0,2.865862944162436,30.1125,50.32802359873031,1.377949925000621,91.17533600000002
amazon,6,80,query_adaptive_R25,25.0,0.14,7.007801055908203,0.95,round(norm/delta),layer-wise cosine theorem,disabled: no norm-table or radial-layer candidate filter,"per-query, per-layer Eq. I_threshold with Binomial(K, theta/pi)",distance-table hash-bucket lookup with per-layer thresholds; union over L tables without intersecting sphere-layer masks or exact norm-table filter,0.25186104416066357,0.3848984771573604,0.2963731198945848,0.4172452930223744,0.5721819349608785,0.5770397530434159,264.45,197.0,1.3423857868020304,29.6625,50.32802359873031,1.4360917249973681,91.17533600000002
amazon,6,90,query_adaptive_R25,25.0,0.14,7.007801055908203,0.95,round(norm/delta),layer-wise cosine theorem,disabled: no norm-table or radial-layer candidate filter,"per-query, per-layer Eq. I_threshold with Binomial(K, theta/pi)",distance-table hash-bucket lookup with per-layer thresholds; union over L tables without intersecting sphere-layer masks or exact norm-table filter,0.3161638954397742,0.21789340101522842,0.22691329201252,0.31294984758711963,0.6844444057238347,0.685561615133083,92.65,197.0,0.47030456852791874,29.2,50.32802359873031,1.4825478249974822,91.17533600000002
amazon,6,100,query_adaptive_R25,25.0,0.14,7.007801055908203,0.95,round(norm/delta),layer-wise cosine theorem,disabled: no norm-table or radial-layer candidate filter,"per-query, per-layer Eq. I_threshold with Binomial(K, theta/pi)",distance-table hash-bucket lookup with per-layer thresholds; union over L tables without intersecting sphere-layer masks or exact norm-table filter,0.351820225259855,0.10520304568527919,0.13053550935956668,0.24506302091232826,0.7547633010476358,0.7549474771128015,25.725,197.0,0.13058375634517766,26.66875,50.32802359873031,1.5045593250050615,91.17533600000002
amazon,7,10,query_adaptive_R25,25.0,0.14,7.007801055908203,0.95,round(norm/delta),layer-wise cosine theorem,disabled: no norm-table or radial-layer candidate filter,"per-query, per-layer Eq. I_threshold with Binomial(K, theta/pi)",distance-table hash-bucket lookup with per-layer thresholds; union over L tables without intersecting sphere-layer masks or exact norm-table filter,0.21412791384051522,0.41078680203045687,0.2748686767668732,0.4156590915619935,0.5686604928411111,0.575318680718085,343.075,197.0,1.7414974619289338,2.06875,50.32802359873031,0.7904093499973897,91.17533600000002
amazon,7,20,query_adaptive_R25,25.0,0.14,7.007801055908203,0.95,round(norm/delta),layer-wise cosine theorem,disabled: no norm-table or radial-layer candidate filter,"per-query, per-layer Eq. I_threshold with Binomial(K, theta/pi)",distance-table hash-bucket lookup with per-layer thresholds; union over L tables without intersecting sphere-layer masks or exact norm-table filter,0.23495907234039937,0.6007614213197969,0.3369102856438156,0.5625125347810407,0.40887982849146737,0.42513539491413754,498.025,197.0,2.5280456852791877,6.61875,50.32802359873031,0.9913198249975608,91.17533600000002
amazon,7,30,query_adaptive_R25,25.0,0.14,7.007801055908203,0.95,round(norm/delta),layer-wise cosine theorem,disabled: no norm-table or radial-layer candidate filter,"per-query, per-layer Eq. I_threshold with Binomial(K, theta/pi)",distance-table hash-bucket lookup with per-layer thresholds; union over L tables without intersecting sphere-layer masks or exact norm-table filter,0.22893460202230803,0.7833756345177665,0.354002840424619,0.7327480446339343,0.2276406244168705,0.253747293216174,666.2,197.0,3.3817258883248735,12.4,50.32802359873031,1.0922563499988769,91.17533600000002
amazon,7,40,query_adaptive_R25,25.0,0.14,7.007801055908203,0.95,round(norm/delta),layer-wise cosine theorem,disabled: no norm-table or radial-layer candidate filter,"per-query, per-layer Eq. I_threshold with Binomial(K, theta/pi)",distance-table hash-bucket lookup with per-layer thresholds; union over L tables without intersecting sphere-layer masks or exact norm-table filter,0.24151947666684195,0.9407360406091371,0.3843169983893375,0.9146160200536573,0.055047869531576546,0.07857798213488366,766.075,197.0,3.8887055837563453,19.91875,50.32802359873031,1.1794645999941622,91.17533600000002
amazon,7,50,query_adaptive_R25,25.0,0.14,7.007801055908203,0.95,round(norm/delta),layer-wise cosine theorem,disabled: no norm-table or radial-layer candidate filter,"per-query, per-layer Eq. I_threshold with Binomial(K, theta/pi)",distance-table hash-bucket lookup with per-layer thresholds; union over L tables without intersecting sphere-layer masks or exact norm-table filter,0.2509076433121019,0.999746192893401,0.4011405087701886,0.9996686393883923,0.051159056687479575,0.0002895457186092625,784.95,197.0,3.9845177664974623,31.44375,50.32802359873031,1.2773489749989153,91.17533600000002
amazon,7,60,query_adaptive_R25,25.0,0.14,7.007801055908203,0.95,round(norm/delta),layer-wise cosine theorem,disabled: no norm-table or radial-layer candidate filter,"per-query, per-layer Eq. I_threshold with Binomial(K, theta/pi)",distance-table hash-bucket lookup with per-layer thresholds; union over L tables without intersecting sphere-layer masks or exact norm-table filter,0.23596499308023314,0.9052030456852792,0.3742315290625476,0.8720271268502557,0.09069218465422887,0.11741224888786413,752.45,197.0,3.8195431472081225,29.59375,50.32802359873031,1.3631208749956158,91.17533600000002
amazon,7,70,query_adaptive_R25,25.0,0.14,7.007801055908203,0.95,round(norm/delta),layer-wise cosine theorem,disabled: no norm-table or radial-layer candidate filter,"per-query, per-layer Eq. I_threshold with Binomial(K, theta/pi)",distance-table hash-bucket lookup with per-layer thresholds; union over L tables without intersecting sphere-layer masks or exact norm-table filter,0.2243938807600312,0.6814720812182742,0.3368510684464452,0.6469650925690654,0.32194584927667813,0.33992386102079525,581.4,197.0,2.951269035532995,29.9125,50.32802359873031,1.386159399994824,91.17533600000002
amazon,7,80,query_adaptive_R25,25.0,0.14,7.007801055908203,0.95,round(norm/delta),layer-wise cosine theorem,disabled: no norm-table or radial-layer candidate filter,"per-query, per-layer Eq. I_threshold with Binomial(K, theta/pi)",distance-table hash-bucket lookup with per-layer thresholds; union over L tables without intersecting sphere-layer masks or exact norm-table filter,0.24837421289509978,0.3846446700507614,0.2941412142018368,0.4271623642183896,0.5620134430619143,0.5669062407667251,264.1,197.0,1.3406091370558375,29.3625,50.32802359873031,1.4343156250006928,91.17533600000002
amazon,7,90,query_adaptive_R25,25.0,0.14,7.007801055908203,0.95,round(norm/delta),layer-wise cosine theorem,disabled: no norm-table or radial-layer candidate filter,"per-query, per-layer Eq. I_threshold with Binomial(K, theta/pi)",distance-table hash-bucket lookup with per-layer thresholds; union over L tables without intersecting sphere-layer masks or exact norm-table filter,0.3128945122498602,0.21941624365482237,0.2266837593451573,0.3164465801417705,0.681052882470174,0.6822845545944745,92.375,197.0,0.46890862944162437,28.85,50.32802359873031,1.4798616000064158,91.17533600000002
amazon,7,100,query_adaptive_R25,25.0,0.14,7.007801055908203,0.95,round(norm/delta),layer-wise cosine theorem,disabled: no norm-table or radial-layer candidate filter,"per-query, per-layer Eq. I_threshold with Binomial(K, theta/pi)",distance-table hash-bucket lookup with per-layer thresholds; union over L tables without intersecting sphere-layer masks or exact norm-table filter,0.30324193110135883,0.10012690355329949,0.12469931673239329,0.24214336769087516,0.7577056729940772,0.7578713091180671,24.0,197.0,0.1218274111675127,26.09375,50.32802359873031,1.5175197249959638,91.17533600000002
amazon,8,10,query_adaptive_R25,25.0,0.14,7.007801055908203,0.95,round(norm/delta),layer-wise cosine theorem,disabled: no norm-table or radial-layer candidate filter,"per-query, per-layer Eq. I_threshold with Binomial(K, theta/pi)",distance-table hash-bucket lookup with per-layer thresholds; union over L tables without intersecting sphere-layer masks or exact norm-table filter,0.2290353640200244,0.39885786802030454,0.2868549151124909,0.41509174947240507,0.5676690889074212,0.5751145091465222,329.525,197.0,1.6727157360406089,2.0,50.32802359873031,0.8100459749940114,91.17533600000002
amazon,8,20,query_adaptive_R25,25.0,0.14,7.007801055908203,0.95,round(norm/delta),layer-wise cosine theorem,disabled: no norm-table or radial-layer candidate filter,"per-query, per-layer Eq. I_threshold with Binomial(K, theta/pi)",distance-table hash-bucket lookup with per-layer thresholds; union over L tables without intersecting sphere-layer masks or exact norm-table filter,0.23633759874200058,0.6162436548223351,0.34066748167463967,0.5754236375639508,0.39640745082661544,0.4125247686103859,505.1,197.0,2.5639593908629443,6.44375,50.32802359873031,1.0094155999922805,91.17533600000002
amazon,8,30,query_adaptive_R25,25.0,0.14,7.007801055908203,0.95,round(norm/delta),layer-wise cosine theorem,disabled: no norm-table or radial-layer candidate filter,"per-query, per-layer Eq. I_threshold with Binomial(K, theta/pi)",distance-table hash-bucket lookup with per-layer thresholds; union over L tables without intersecting sphere-layer masks or exact norm-table filter,0.22800438827478228,0.7871827411167512,0.35317247622339976,0.7371311708946356,0.22397616801829115,0.24946271795335012,670.125,197.0,3.4016497461928936,12.275,50.32802359873031,1.115980174998299,91.17533600000002
amazon,8,40,query_adaptive_R25,25.0,0.14,7.007801055908203,0.95,round(norm/delta),layer-wise cosine theorem,disabled: no norm-table or radial-layer candidate filter,"per-query, per-layer Eq. I_threshold with Binomial(K, theta/pi)",distance-table hash-bucket lookup with per-layer thresholds; union over L tables without intersecting sphere-layer masks or exact norm-table filter,0.24237619335078314,0.9475888324873095,0.3859841882577764,0.9198213901404404,0.05175945180170818,0.07355386029225035,769.225,197.0,3.9046954314720814,19.83125,50.32802359873031,1.2075157500007094,91.17533600000002
amazon,8,50,query_adaptive_R25,25.0,0.14,7.007801055908203,0.95,round(norm/delta),layer-wise cosine theorem,disabled: no norm-table or radial-layer candidate filter,"per-query, per-layer Eq. I_threshold with Binomial(K, theta/pi)",distance-table hash-bucket lookup with per-layer thresholds; union over L tables without intersecting sphere-layer masks or exact norm-table filter,0.25095541401273885,1.0,0.4012219959263595,0.9999999978489328,0.05149041318254648,0.0,785.0,197.0,3.9847715736040614,31.44375,50.32802359873031,1.3127009750036223,91.17533600000002
amazon,8,60,query_adaptive_R25,25.0,0.14,7.007801055908203,0.95,round(norm/delta),layer-wise cosine theorem,disabled: no norm-table or radial-layer candidate filter,"per-query, per-layer Eq. I_threshold with Binomial(K, theta/pi)",distance-table hash-bucket lookup with per-layer thresholds; union over L tables without intersecting sphere-layer masks or exact norm-table filter,0.23636661729079908,0.9114213197969543,0.3752825542828087,0.8795738084630906,0.08514752240341543,0.11026624917940724,756.65,197.0,3.840862944162437,29.49375,50.32802359873031,1.3812281999989295,91.17533600000002
amazon,8,70,query_adaptive_R25,25.0,0.14,7.007801055908203,0.95,round(norm/delta),layer-wise cosine theorem,disabled: no norm-table or radial-layer candidate filter,"per-query, per-layer Eq. I_threshold with Binomial(K, theta/pi)",distance-table hash-bucket lookup with per-layer thresholds; union over L tables without intersecting sphere-layer masks or exact norm-table filter,0.22181263485865776,0.6869289340101522,0.33458794586153456,0.6468640594787534,0.32161644175783016,0.3395276167865058,591.825,197.0,3.004187817258883,29.73125,50.32802359873031,1.4082688249970943,91.17533600000002
amazon,8,80,query_adaptive_R25,25.0,0.14,7.007801055908203,0.95,round(norm/delta),layer-wise cosine theorem,disabled: no norm-table or radial-layer candidate filter,"per-query, per-layer Eq. I_threshold with Binomial(K, theta/pi)",distance-table hash-bucket lookup with per-layer thresholds; union over L tables without intersecting sphere-layer masks or exact norm-table filter,0.24525653519082663,0.38883248730964465,0.2932677448347201,0.43079898762597485,0.5582828305893306,0.5632668972204911,268.625,197.0,1.3635786802030456,29.1875,50.32802359873031,1.456954124995491,91.17533600000002
amazon,8,90,query_adaptive_R25,25.0,0.14,7.007801055908203,0.95,round(norm/delta),layer-wise cosine theorem,disabled: no norm-table or radial-layer candidate filter,"per-query, per-layer Eq. I_threshold with Binomial(K, theta/pi)",distance-table hash-bucket lookup with per-layer thresholds; union over L tables without intersecting sphere-layer masks or exact norm-table filter,0.31405463026779196,0.21408629441624366,0.2227752442321933,0.31757922451543275,0.6801620626991267,0.6813183666934807,89.5,197.0,0.45431472081218277,28.55,50.32802359873031,1.5047562749956,91.17533600000002
amazon,8,100,query_adaptive_R25,25.0,0.14,7.007801055908203,0.95,round(norm/delta),layer-wise cosine theorem,disabled: no norm-table or radial-layer candidate filter,"per-query, per-layer Eq. I_threshold with Binomial(K, theta/pi)",distance-table hash-bucket lookup with per-layer thresholds; union over L tables without intersecting sphere-layer masks or exact norm-table filter,0.33537032798536937,0.09733502538071066,0.12227825525401,0.2387289282246245,0.7611297660461429,0.7612976082944171,22.925,197.0,0.11637055837563452,25.725,50.32802359873031,1.5225176500010207,91.17533600000002
amazon,9,10,query_adaptive_R25,25.0,0.14,7.007801055908203,0.95,round(norm/delta),layer-wise cosine theorem,disabled: no norm-table or radial-layer candidate filter,"per-query, per-layer Eq. I_threshold with Binomial(K, theta/pi)",distance-table hash-bucket lookup with per-layer thresholds; union over L tables without intersecting sphere-layer masks or exact norm-table filter,0.23801318616026998,0.41027918781725886,0.29986486291377007,0.42538232256253367,0.5557739498839342,0.563799338827946,337.625,197.0,1.7138324873096447,1.9625,50.32802359873031,0.8203552000011882,91.17533600000002
amazon,9,20,query_adaptive_R25,25.0,0.14,7.007801055908203,0.95,round(norm/delta),layer-wise cosine theorem,disabled: no norm-table or radial-layer candidate filter,"per-query, per-layer Eq. I_threshold with Binomial(K, theta/pi)",distance-table hash-bucket lookup with per-layer thresholds; union over L tables without intersecting sphere-layer masks or exact norm-table filter,0.23504072806618756,0.6137055837563452,0.33869167638269704,0.5837961943405194,0.3901325999039643,0.40462972180131185,498.2,197.0,2.5289340101522844,6.33125,50.32802359873031,1.1068802500076913,91.17533600000002
amazon,9,30,query_adaptive_R25,25.0,0.14,7.007801055908203,0.95,round(norm/delta),layer-wise cosine theorem,disabled: no norm-table or radial-layer candidate filter,"per-query, per-layer Eq. I_threshold with Binomial(K, theta/pi)",distance-table hash-bucket lookup with per-layer thresholds; union over L tables without intersecting sphere-layer masks or exact norm-table filter,0.22863559097072325,0.7982233502538071,0.355024695641527,0.7515694793446466,0.20952503266776445,0.23473133325110376,678.525,197.0,3.4442893401015224,12.23125,50.32802359873031,1.1260343249972493,91.17533600000002
amazon,9,40,query_adaptive_R25,25.0,0.14,7.007801055908203,0.95,round(norm/delta),layer-wise cosine theorem,disabled: no norm-table or radial-layer candidate filter,"per-query, per-layer Eq. I_threshold with Binomial(K, theta/pi)",distance-table hash-bucket lookup with per-layer thresholds; union over L tables without intersecting sphere-layer masks or exact norm-table filter,0.24339601835406008,0.9527918781725887,0.3877107791972875,0.9262615996868322,0.04695238067219208,0.06725832097820564,770.4,197.0,3.9106598984771574,19.775,50.32802359873031,1.2199030999937577,91.17533600000002
amazon,9,50,query_adaptive_R25,25.0,0.14,7.007801055908203,0.95,round(norm/delta),layer-wise cosine theorem,disabled: no norm-table or radial-layer candidate filter,"per-query, per-layer Eq. I_threshold with Binomial(K, theta/pi)",distance-table hash-bucket lookup with per-layer thresholds; union over L tables without intersecting sphere-layer masks or exact norm-table filter,0.25095541401273885,1.0,0.4012219959263595,0.9999999978489328,0.05149041318254648,0.0,785.0,197.0,3.9847715736040614,31.44375,50.32802359873031,1.3431312999969691,91.17533600000002
amazon,9,60,query_adaptive_R25,25.0,0.14,7.007801055908203,0.95,round(norm/delta),layer-wise cosine theorem,disabled: no norm-table or radial-layer candidate filter,"per-query, per-layer Eq. I_threshold with Binomial(K, theta/pi)",distance-table hash-bucket lookup with per-layer thresholds; union over L tables without intersecting sphere-layer masks or exact norm-table filter,0.2366202468529281,0.9128172588832488,0.37572622214034834,0.8813256780652303,0.082914238234176,0.1084064258840983,757.125,197.0,3.8432741116751266,29.39375,50.32802359873031,1.399972849995379,91.17533600000002
amazon,9,70,query_adaptive_R25,25.0,0.14,7.007801055908203,0.95,round(norm/delta),layer-wise cosine theorem,disabled: no norm-table or radial-layer candidate filter,"per-query, per-layer Eq. I_threshold with Binomial(K, theta/pi)",distance-table hash-bucket lookup with per-layer thresholds; union over L tables without intersecting sphere-layer masks or exact norm-table filter,0.21990780027424278,0.6939086294416243,0.33321195767603473,0.6505524915351696,0.31745933450023406,0.3352824026832341,602.75,197.0,3.059644670050761,29.60625,50.32802359873031,1.4452405999989537,91.17533600000002
amazon,9,80,query_adaptive_R25,25.0,0.14,7.007801055908203,0.95,round(norm/delta),layer-wise cosine theorem,disabled: no norm-table or radial-layer candidate filter,"per-query, per-layer Eq. I_threshold with Binomial(K, theta/pi)",distance-table hash-bucket lookup with per-layer thresholds; union over L tables without intersecting sphere-layer masks or exact norm-table filter,0.24910676550372174,0.39086294416243655,0.2959145387388475,0.4360631270996044,0.5525193359451336,0.5575033879478489,271.75,197.0,1.3794416243654823,28.95,50.32802359873031,1.5297823249952103,91.17533600000002
amazon,9,90,query_adaptive_R25,25.0,0.14,7.007801055908203,0.95,round(norm/delta),layer-wise cosine theorem,disabled: no norm-table or radial-layer candidate filter,"per-query, per-layer Eq. I_threshold with Binomial(K, theta/pi)",distance-table hash-bucket lookup with per-layer thresholds; union over L tables without intersecting sphere-layer masks or exact norm-table filter,0.31012727158915177,0.2139593908629442,0.221533229223204,0.32117767550194853,0.6763569478175522,0.6775351643324984,91.8,197.0,0.4659898477157361,28.275,50.32802359873031,1.5489468750033097,91.17533600000002
amazon,9,100,query_adaptive_R25,25.0,0.14,7.007801055908203,0.95,round(norm/delta),layer-wise cosine theorem,disabled: no norm-table or radial-layer candidate filter,"per-query, per-layer Eq. I_threshold with Binomial(K, theta/pi)",distance-table hash-bucket lookup with per-layer thresholds; union over L tables without intersecting sphere-layer masks or exact norm-table filter,0.3453849697860653,0.09923857868020305,0.1235217579409511,0.23958874267285238,0.7602727326138794,0.7604402240833673,23.875,197.0,0.12119289340101522,25.3875,50.32802359873031,1.5601042249954844,91.17533600000002
amazon,10,10,query_adaptive_R25,25.0,0.14,7.007801055908203,0.95,round(norm/delta),layer-wise cosine theorem,disabled: no norm-table or radial-layer candidate filter,"per-query, per-layer Eq. I_threshold with Binomial(K, theta/pi)",distance-table hash-bucket lookup with per-layer thresholds; union over L tables without intersecting sphere-layer masks or exact norm-table filter,0.2390271893049143,0.4324873096446701,0.3066756562235231,0.4398427695915442,0.5398156291967506,0.5490083080597362,356.2,197.0,1.8081218274111677,1.9125,50.32802359873031,0.8599332750037547,91.17533600000002
amazon,10,20,query_adaptive_R25,25.0,0.14,7.007801055908203,0.95,round(norm/delta),layer-wise cosine theorem,disabled: no norm-table or radial-layer candidate filter,"per-query, per-layer Eq. I_threshold with Binomial(K, theta/pi)",distance-table hash-bucket lookup with per-layer thresholds; union over L tables without intersecting sphere-layer masks or exact norm-table filter,0.2240466601151337,0.5897208121827411,0.32309099615572157,0.5583198390939479,0.41805607637801356,0.4300942655558247,489.525,197.0,2.4848984771573606,6.175,50.32802359873031,1.056168824999304,91.17533600000002
amazon,10,30,query_adaptive_R25,25.0,0.14,7.007801055908203,0.95,round(norm/delta),layer-wise cosine theorem,disabled: no norm-table or radial-layer candidate filter,"per-query, per-layer Eq. I_threshold with Binomial(K, theta/pi)",distance-table hash-bucket lookup with per-layer thresholds; union over L tables without intersecting sphere-layer masks or exact norm-table filter,0.22556160586609106,0.7838832487309644,0.3498428122270948,0.7329870491302266,0.22983194776287258,0.2529233747705529,673.725,197.0,3.419923857868021,12.1125,50.32802359873031,1.1504302749941075,91.17533600000002
amazon,10,40,query_adaptive_R25,25.0,0.14,7.007801055908203,0.95,round(norm/delta),layer-wise cosine theorem,disabled: no norm-table or radial-layer candidate filter,"per-query, per-layer Eq. I_threshold with Binomial(K, theta/pi)",distance-table hash-bucket lookup with per-layer thresholds; union over L tables without intersecting sphere-layer masks or exact norm-table filter,0.24354343744729792,0.9539340101522843,0.38799748320825966,0.9269393014508616,0.04369902809099792,0.06664928332729565,770.95,197.0,3.9134517766497465,19.65625,50.32802359873031,1.2692697749955073,91.17533600000002
amazon,10,50,query_adaptive_R25,25.0,0.14,7.007801055908203,0.95,round(norm/delta),layer-wise cosine theorem,disabled: no norm-table or radial-layer candidate filter,"per-query, per-layer Eq. I_threshold with Binomial(K, theta/pi)",distance-table hash-bucket lookup with per-layer thresholds; union over L tables without intersecting sphere-layer masks or exact norm-table filter,0.25095541401273885,1.0,0.4012219959263595,0.9999999978489328,0.05149041318254648,0.0,785.0,197.0,3.9847715736040614,31.44375,50.32802359873031,1.3709000500014668,91.17533600000002
amazon,10,60,query_adaptive_R25,25.0,0.14,7.007801055908203,0.95,round(norm/delta),layer-wise cosine theorem,disabled: no norm-table or radial-layer candidate filter,"per-query, per-layer Eq. I_threshold with Binomial(K, theta/pi)",distance-table hash-bucket lookup with per-layer thresholds; union over L tables without intersecting sphere-layer masks or exact norm-table filter,0.23724549988088225,0.9167512690355331,0.3768548774869063,0.8855489987776768,0.07958887972795109,0.10451409912915255,758.625,197.0,3.850888324873096,29.325,50.32802359873031,1.4402021500004025,91.17533600000002
amazon,10,70,query_adaptive_R25,25.0,0.14,7.007801055908203,0.95,round(norm/delta),layer-wise cosine theorem,disabled: no norm-table or radial-layer candidate filter,"per-query, per-layer Eq. I_threshold with Binomial(K, theta/pi)",distance-table hash-bucket lookup with per-layer thresholds; union over L tables without intersecting sphere-layer masks or exact norm-table filter,0.21982410396421398,0.6916243654822335,0.33281530584099633,0.6404524997932478,0.3274794498945266,0.3451499119645641,602.125,197.0,3.056472081218274,29.45625,50.32802359873031,1.5034531000054585,91.17533600000002
amazon,10,80,query_adaptive_R25,25.0,0.14,7.007801055908203,0.95,round(norm/delta),layer-wise cosine theorem,disabled: no norm-table or radial-layer candidate filter,"per-query, per-layer Eq. I_threshold with Binomial(K, theta/pi)",distance-table hash-bucket lookup with per-layer thresholds; union over L tables without intersecting sphere-layer masks or exact norm-table filter,0.2470784753810002,0.41421319796954315,0.3038975551630723,0.44045254264030137,0.5472126953748988,0.5522419465479713,294.675,197.0,1.4958121827411166,28.83125,50.32802359873031,1.5646593749991666,91.17533600000002
amazon,10,90,query_adaptive_R25,25.0,0.14,7.007801055908203,0.95,round(norm/delta),layer-wise cosine theorem,disabled: no norm-table or radial-layer candidate filter,"per-query, per-layer Eq. I_threshold with Binomial(K, theta/pi)",distance-table hash-bucket lookup with per-layer thresholds; union over L tables without intersecting sphere-layer masks or exact norm-table filter,0.30517773475882237,0.25,0.25057143486272226,0.33377661442256024,0.6626538004332848,0.6640426698359329,113.35,197.0,0.5753807106598984,28.10625,50.32802359873031,1.5706884749988603,91.17533600000002
amazon,10,100,query_adaptive_R25,25.0,0.14,7.007801055908203,0.95,round(norm/delta),layer-wise cosine theorem,disabled: no norm-table or radial-layer candidate filter,"per-query, per-layer Eq. I_threshold with Binomial(K, theta/pi)",distance-table hash-bucket lookup with per-layer thresholds; union over L tables without intersecting sphere-layer masks or exact norm-table filter,0.4008900177367827,0.10393401015228428,0.12961017422140678,0.23621330207386282,0.7635726948589644,0.7637488510118263,26.3,197.0,0.133502538071066,25.0,50.32802359873031,1.6129155500010484,91.17533600000002
amazon,11,10,query_adaptive_R25,25.0,0.14,7.007801055908203,0.95,round(norm/delta),layer-wise cosine theorem,disabled: no norm-table or radial-layer candidate filter,"per-query, per-layer Eq. I_threshold with Binomial(K, theta/pi)",distance-table hash-bucket lookup with per-layer thresholds; union over L tables without intersecting sphere-layer masks or exact norm-table filter,0.2378948754878286,0.4560913705583756,0.3116753629983332,0.4611503134564828,0.5172694245207798,0.5274284089249834,377.45,197.0,1.9159898477157362,1.85,50.32802359873031,0.8591073250030945,91.17533600000002
amazon,11,20,query_adaptive_R25,25.0,0.14,7.007801055908203,0.95,round(norm/delta),layer-wise cosine theorem,disabled: no norm-table or radial-layer candidate filter,"per-query, per-layer Eq. I_threshold with Binomial(K, theta/pi)",distance-table hash-bucket lookup with per-layer thresholds; union over L tables without intersecting sphere-layer masks or exact norm-table filter,0.22162620076500872,0.5833756345177665,0.3191924522399274,0.5540951013726219,0.42219509592091137,0.4344743330703283,489.75,197.0,2.4860406091370555,6.11875,50.32802359873031,1.0614603750042306,91.17533600000002
amazon,11,30,query_adaptive_R25,25.0,0.14,7.007801055908203,0.95,round(norm/delta),layer-wise cosine theorem,disabled: no norm-table or radial-layer candidate filter,"per-query, per-layer Eq. I_threshold with Binomial(K, theta/pi)",distance-table hash-bucket lookup with per-layer thresholds; union over L tables without intersecting sphere-layer masks or exact norm-table filter,0.22463644551317596,0.7846446700507613,0.34883760915975903,0.7332729058786696,0.22907784970289016,0.25248676783675283,678.0,197.0,3.441624365482234,12.03125,50.32802359873031,1.1839823000045158,91.17533600000002
amazon,11,40,query_adaptive_R25,25.0,0.14,7.007801055908203,0.95,round(norm/delta),layer-wise cosine theorem,disabled: no norm-table or radial-layer candidate filter,"per-query, per-layer Eq. I_threshold with Binomial(K, theta/pi)",distance-table hash-bucket lookup with per-layer thresholds; union over L tables without intersecting sphere-layer masks or exact norm-table filter,0.243355274563371,0.9544416243654823,0.38779705178818313,0.9272315508189474,0.0477510267465103,0.06618883934903266,771.775,197.0,3.9176395939086293,19.6,50.32802359873031,1.2711467749994654,91.17533600000002
amazon,11,50,query_adaptive_R25,25.0,0.14,7.007801055908203,0.95,round(norm/delta),layer-wise cosine theorem,disabled: no norm-table or radial-layer candidate filter,"per-query, per-layer Eq. I_threshold with Binomial(K, theta/pi)",distance-table hash-bucket lookup with per-layer thresholds; union over L tables without intersecting sphere-layer masks or exact norm-table filter,0.25095541401273885,1.0,0.4012219959263595,0.9999999978489328,0.05149041318254648,0.0,785.0,197.0,3.9847715736040614,31.44375,50.32802359873031,1.4273187250012143,91.17533600000002
amazon,11,60,query_adaptive_R25,25.0,0.14,7.007801055908203,0.95,round(norm/delta),layer-wise cosine theorem,disabled: no norm-table or radial-layer candidate filter,"per-query, per-layer Eq. I_threshold with Binomial(K, theta/pi)",distance-table hash-bucket lookup with per-layer thresholds; union over L tables without intersecting sphere-layer masks or exact norm-table filter,0.2372958433082014,0.9181472081218274,0.37704558082899686,0.8863952052348096,0.07482656773341916,0.10365851615135258,759.725,197.0,3.856472081218274,29.25,50.32802359873031,1.4367833749957981,91.17533600000002
amazon,11,70,query_adaptive_R25,25.0,0.14,7.007801055908203,0.95,round(norm/delta),layer-wise cosine theorem,disabled: no norm-table or radial-layer candidate filter,"per-query, per-layer Eq. I_threshold with Binomial(K, theta/pi)",distance-table hash-bucket lookup with per-layer thresholds; union over L tables without intersecting sphere-layer masks or exact norm-table filter,0.2192442678244438,0.6986040609137055,0.33306816259202143,0.648679964388023,0.3181988742886748,0.33664448936233166,610.875,197.0,3.1008883248730963,29.3875,50.32802359873031,1.4681145249994643,91.17533600000002
amazon,11,80,query_adaptive_R25,25.0,0.14,7.007801055908203,0.95,round(norm/delta),layer-wise cosine theorem,disabled: no norm-table or radial-layer candidate filter,"per-query, per-layer Eq. I_threshold with Binomial(K, theta/pi)",distance-table hash-bucket lookup with per-layer thresholds; union over L tables without intersecting sphere-layer masks or exact norm-table filter,0.2400624088939783,0.4194162436548223,0.30099068110353555,0.444872810133916,0.5426402002059794,0.5477632353098671,304.55,197.0,1.5459390862944162,28.7125,50.32802359873031,1.5647551750021194,91.17533600000002
amazon,11,90,query_adaptive_R25,25.0,0.14,7.007801055908203,0.95,round(norm/delta),layer-wise cosine theorem,disabled: no norm-table or radial-layer candidate filter,"per-query, per-layer Eq. I_threshold with Binomial(K, theta/pi)",distance-table hash-bucket lookup with per-layer thresholds; union over L tables without intersecting sphere-layer masks or exact norm-table filter,0.29593719698657683,0.2534263959390863,0.2491114535553643,0.3351311322508991,0.6613035977958794,0.6626800138924616,115.75,197.0,0.5875634517766497,27.9375,50.32802359873031,1.5717270249965054,91.17533600000002
amazon,11,100,query_adaptive_R25,25.0,0.14,7.007801055908203,0.95,round(norm/delta),layer-wise cosine theorem,disabled: no norm-table or radial-layer candidate filter,"per-query, per-layer Eq. I_threshold with Binomial(K, theta/pi)",distance-table hash-bucket lookup with per-layer thresholds; union over L tables without intersecting sphere-layer masks or exact norm-table filter,0.37385797400933546,0.10634517766497462,0.13316158477272252,0.2402758537538367,0.7595525739855964,0.7597329493715835,26.725,197.0,0.13565989847715737,24.74375,50.32802359873031,1.5664708250028525,91.17533600000002
amazon,12,10,query_adaptive_R25,25.0,0.14,7.007801055908203,0.95,round(norm/delta),layer-wise cosine theorem,disabled: no norm-table or radial-layer candidate filter,"per-query, per-layer Eq. I_threshold with Binomial(K, theta/pi)",distance-table hash-bucket lookup with per-layer thresholds; union over L tables without intersecting sphere-layer masks or exact norm-table filter,0.23351467397659423,0.4751269035532995,0.31237220205163196,0.46453831771411364,0.5128456359696588,0.5232122861341704,402.025,197.0,2.0407360406091373,1.7875,50.32802359873031,0.830939550009191,91.17533600000002
amazon,12,20,query_adaptive_R25,25.0,0.14,7.007801055908203,0.95,round(norm/delta),layer-wise cosine theorem,disabled: no norm-table or radial-layer candidate filter,"per-query, per-layer Eq. I_threshold with Binomial(K, theta/pi)",distance-table hash-bucket lookup with per-layer thresholds; union over L tables without intersecting sphere-layer masks or exact norm-table filter,0.21582626354473633,0.5667512690355331,0.31086520764002923,0.5415269787947736,0.4345530547196164,0.445977235966608,491.225,197.0,2.4935279187817256,6.0375,50.32802359873031,1.079446950004126,91.17533600000002
amazon,12,30,query_adaptive_R25,25.0,0.14,7.007801055908203,0.95,round(norm/delta),layer-wise cosine theorem,disabled: no norm-table or radial-layer candidate filter,"per-query, per-layer Eq. I_threshold with Binomial(K, theta/pi)",distance-table hash-bucket lookup with per-layer thresholds; union over L tables without intersecting sphere-layer masks or exact norm-table filter,0.22349923551308884,0.7800761421319796,0.34700899992405027,0.7273502427448552,0.23518233718563905,0.25812125797321406,677.675,197.0,3.43997461928934,11.975,50.32802359873031,1.203677099989875,91.17533600000002
amazon,12,40,query_adaptive_R25,25.0,0.14,7.007801055908203,0.95,round(norm/delta),layer-wise cosine theorem,disabled: no norm-table or radial-layer candidate filter,"per-query, per-layer Eq. I_threshold with Binomial(K, theta/pi)",distance-table hash-bucket lookup with per-layer thresholds; union over L tables without intersecting sphere-layer masks or exact norm-table filter,0.24311853298289798,0.9536802030456851,0.3874337695078568,0.9235820835672858,0.051975204609199244,0.06968663420822077,771.9,197.0,3.918274111675127,19.53125,50.32802359873031,1.3129302749973704,91.17533600000002
amazon,12,50,query_adaptive_R25,25.0,0.14,7.007801055908203,0.95,round(norm/delta),layer-wise cosine theorem,disabled: no norm-table or radial-layer candidate filter,"per-query, per-layer Eq. I_threshold with Binomial(K, theta/pi)",distance-table hash-bucket lookup with per-layer thresholds; union over L tables without intersecting sphere-layer masks or exact norm-table filter,0.25095541401273885,1.0,0.4012219959263595,0.9999999978489328,0.05149041318254648,0.0,785.0,197.0,3.9847715736040614,31.44375,50.32802359873031,1.4266499249998787,91.17533600000002
amazon,12,60,query_adaptive_R25,25.0,0.14,7.007801055908203,0.95,round(norm/delta),layer-wise cosine theorem,disabled: no norm-table or radial-layer candidate filter,"per-query, per-layer Eq. I_threshold with Binomial(K, theta/pi)",distance-table hash-bucket lookup with per-layer thresholds; union over L tables without intersecting sphere-layer masks or exact norm-table filter,0.23693020493005293,0.9162436548223349,0.3764161476973433,0.8850678700164203,0.07649381799649417,0.10499223832973692,759.15,197.0,3.8535532994923853,29.19375,50.32802359873031,1.457274899999561,91.17533600000002
amazon,12,70,query_adaptive_R25,25.0,0.14,7.007801055908203,0.95,round(norm/delta),layer-wise cosine theorem,disabled: no norm-table or radial-layer candidate filter,"per-query, per-layer Eq. I_threshold with Binomial(K, theta/pi)",distance-table hash-bucket lookup with per-layer thresholds; union over L tables without intersecting sphere-layer masks or exact norm-table filter,0.2175805540464774,0.6975888324873096,0.33105718747199875,0.6419060644259231,0.32507962979036337,0.34308870012237996,614.5,197.0,3.1192893401015227,29.30625,50.32802359873031,1.506345875007753,91.17533600000002
amazon,12,80,query_adaptive_R25,25.0,0.14,7.007801055908203,0.95,round(norm/delta),layer-wise cosine theorem,disabled: no norm-table or radial-layer candidate filter,"per-query, per-layer Eq. I_threshold with Binomial(K, theta/pi)",distance-table hash-bucket lookup with per-layer thresholds; union over L tables without intersecting sphere-layer masks or exact norm-table filter,0.23697162729605217,0.4232233502538071,0.300111263434281,0.44279411362551346,0.5446294990494208,0.5495750430106457,311.2,197.0,1.5796954314720812,28.56875,50.32802359873031,1.5552020750021711,91.17533600000002
amazon,12,90,query_adaptive_R25,25.0,0.14,7.007801055908203,0.95,round(norm/delta),layer-wise cosine theorem,disabled: no norm-table or radial-layer candidate filter,"per-query, per-layer Eq. I_threshold with Binomial(K, theta/pi)",distance-table hash-bucket lookup with per-layer thresholds; union over L tables without intersecting sphere-layer masks or exact norm-table filter,0.2901094012293032,0.25799492385786804,0.25038596382687917,0.33169254936855197,0.6645001216348854,0.6658659099461508,121.8,197.0,0.6182741116751268,27.7375,50.32802359873031,1.6108457999990833,91.17533600000002
amazon,12,100,query_adaptive_R25,25.0,0.14,7.007801055908203,0.95,round(norm/delta),layer-wise cosine theorem,disabled: no norm-table or radial-layer candidate filter,"per-query, per-layer Eq. I_threshold with Binomial(K, theta/pi)",distance-table hash-bucket lookup with per-layer thresholds; union over L tables without intersecting sphere-layer masks or exact norm-table filter,0.37271390217013145,0.10507614213197969,0.131406631321357,0.23684925069540008,0.7629450401831571,0.7631230901434852,26.925,197.0,0.13667512690355327,24.50625,50.32802359873031,1.6014833500037184,91.17533600000002
amazon,13,10,query_adaptive_R25,25.0,0.14,7.007801055908203,0.95,round(norm/delta),layer-wise cosine theorem,disabled: no norm-table or radial-layer candidate filter,"per-query, per-layer Eq. I_threshold with Binomial(K, theta/pi)",distance-table hash-bucket lookup with per-layer thresholds; union over L tables without intersecting sphere-layer masks or exact norm-table filter,0.23571560266169272,0.4890862944162436,0.3176385822883751,0.4726204886344654,0.50360873631461,0.5147551051322755,413.7,197.0,2.1,1.725,50.32802359873031,0.9205979750035453,91.17533600000002
amazon,13,20,query_adaptive_R25,25.0,0.14,7.007801055908203,0.95,round(norm/delta),layer-wise cosine theorem,disabled: no norm-table or radial-layer candidate filter,"per-query, per-layer Eq. I_threshold with Binomial(K, theta/pi)",distance-table hash-bucket lookup with per-layer thresholds; union over L tables without intersecting sphere-layer masks or exact norm-table filter,0.2155837022659961,0.566751269035533,0.3107889822660529,0.5442462731037337,0.4312971978162192,0.44335327207043845,491.725,197.0,2.4960659898477155,5.9625,50.32802359873031,1.1090376250038503,91.17533600000002
amazon,13,30,query_adaptive_R25,25.0,0.14,7.007801055908203,0.95,round(norm/delta),layer-wise cosine theorem,disabled: no norm-table or radial-layer candidate filter,"per-query, per-layer Eq. I_threshold with Binomial(K, theta/pi)",distance-table hash-bucket lookup with per-layer thresholds; union over L tables without intersecting sphere-layer masks or exact norm-table filter,0.22383682907379066,0.7864213197969543,0.3481214794579981,0.7317003231509202,0.2287607172929035,0.2535531598268167,683.6,197.0,3.4700507614213194,11.9375,50.32802359873031,1.1936540999997192,91.17533600000002
amazon,13,40,query_adaptive_R25,25.0,0.14,7.007801055908203,0.95,round(norm/delta),layer-wise cosine theorem,disabled: no norm-table or radial-layer candidate filter,"per-query, per-layer Eq. I_threshold with Binomial(K, theta/pi)",distance-table hash-bucket lookup with per-layer thresholds; union over L tables without intersecting sphere-layer masks or exact norm-table filter,0.2439395174069352,0.959263959390863,0.3889407746487644,0.9328706084609906,0.04484133810325024,0.0609996593932711,773.9,197.0,3.9284263959390855,19.5125,50.32802359873031,1.2917875000013623,91.17533600000002
amazon,13,50,query_adaptive_R25,25.0,0.14,7.007801055908203,0.95,round(norm/delta),layer-wise cosine theorem,disabled: no norm-table or radial-layer candidate filter,"per-query, per-layer Eq. I_threshold with Binomial(K, theta/pi)",distance-table hash-bucket lookup with per-layer thresholds; union over L tables without intersecting sphere-layer masks or exact norm-table filter,0.25095541401273885,1.0,0.4012219959263595,0.9999999978489328,0.05149041318254648,0.0,785.0,197.0,3.9847715736040614,31.44375,50.32802359873031,1.419409274997463,91.17533600000002
amazon,13,60,query_adaptive_R25,25.0,0.14,7.007801055908203,0.95,round(norm/delta),layer-wise cosine theorem,disabled: no norm-table or radial-layer candidate filter,"per-query, per-layer Eq. I_threshold with Binomial(K, theta/pi)",distance-table hash-bucket lookup with per-layer thresholds; union over L tables without intersecting sphere-layer masks or exact norm-table filter,0.23805503097893288,0.9241116751269036,0.37851138244604815,0.8938647260062176,0.06963236749005355,0.09675911966571653,762.4,197.0,3.8700507614213193,29.1625,50.32802359873031,1.438116649998733,91.17533600000002
amazon,13,70,query_adaptive_R25,25.0,0.14,7.007801055908203,0.95,round(norm/delta),layer-wise cosine theorem,disabled: no norm-table or radial-layer candidate filter,"per-query, per-layer Eq. I_threshold with Binomial(K, theta/pi)",distance-table hash-bucket lookup with per-layer thresholds; union over L tables without intersecting sphere-layer masks or exact norm-table filter,0.21818678607519973,0.7064720812182741,0.3327735921505024,0.6496369325507654,0.31659028878193346,0.335367187859115,621.85,197.0,3.156598984771574,29.2625,50.32802359873031,1.480105099996365,91.17533600000002
amazon,13,80,query_adaptive_R25,25.0,0.14,7.007801055908203,0.95,round(norm/delta),layer-wise cosine theorem,disabled: no norm-table or radial-layer candidate filter,"per-query, per-layer Eq. I_threshold with Binomial(K, theta/pi)",distance-table hash-bucket lookup with per-layer thresholds; union over L tables without intersecting sphere-layer masks or exact norm-table filter,0.2357316711208214,0.42690355329949237,0.29990924120708795,0.4429429551239033,0.5441903685781369,0.549269514491264,314.875,197.0,1.5983502538071064,28.4875,50.32802359873031,1.5245751750015302,91.17533600000002
amazon,13,90,query_adaptive_R25,25.0,0.14,7.007801055908203,0.95,round(norm/delta),layer-wise cosine theorem,disabled: no norm-table or radial-layer candidate filter,"per-query, per-layer Eq. I_threshold with Binomial(K, theta/pi)",distance-table hash-bucket lookup with per-layer thresholds; union over L tables without intersecting sphere-layer masks or exact norm-table filter,0.2887989093967126,0.25494923857868024,0.24851800753012948,0.33161525496172517,0.6646281989977767,0.6659814203644672,120.65,197.0,0.6124365482233503,27.61875,50.32802359873031,1.566760475002127,91.17533600000002
amazon,13,100,query_adaptive_R25,25.0,0.14,7.007801055908203,0.95,round(norm/delta),layer-wise cosine theorem,disabled: no norm-table or radial-layer candidate filter,"per-query, per-layer Eq. I_threshold with Binomial(K, theta/pi)",distance-table hash-bucket lookup with per-layer thresholds; union over L tables without intersecting sphere-layer masks or exact norm-table filter,0.3975779754071544,0.10304568527918781,0.12867237713378532,0.2366984424462622,0.7631195518686387,0.763295863134783,26.025,197.0,0.13210659898477156,24.25,50.32802359873031,1.5651740499961875,91.17533600000002
amazon,14,10,query_adaptive_R25,25.0,0.14,7.007801055908203,0.95,round(norm/delta),layer-wise cosine theorem,disabled: no norm-table or radial-layer candidate filter,"per-query, per-layer Eq. I_threshold with Binomial(K, theta/pi)",distance-table hash-bucket lookup with per-layer thresholds; union over L tables without intersecting sphere-layer masks or exact norm-table filter,0.23907536998106363,0.5034263959390863,0.3238572333037319,0.48400091629289077,0.4911851771449937,0.5028961632945483,423.975,197.0,2.1521573604060915,1.65,50.32802359873031,0.9192375999973024,91.17533600000002
amazon,14,20,query_adaptive_R25,25.0,0.14,7.007801055908203,0.95,round(norm/delta),layer-wise cosine theorem,disabled: no norm-table or radial-layer candidate filter,"per-query, per-layer Eq. I_threshold with Binomial(K, theta/pi)",distance-table hash-bucket lookup with per-layer thresholds; union over L tables without intersecting sphere-layer masks or exact norm-table filter,0.21502098225122807,0.5761421319796953,0.31174203082558677,0.549239871262503,0.4256068290244624,0.438006230920287,502.675,197.0,2.551649746192893,5.93125,50.32802359873031,1.1192041250026818,91.17533600000002
amazon,14,30,query_adaptive_R25,25.0,0.14,7.007801055908203,0.95,round(norm/delta),layer-wise cosine theorem,disabled: no norm-table or radial-layer candidate filter,"per-query, per-layer Eq. I_threshold with Binomial(K, theta/pi)",distance-table hash-bucket lookup with per-layer thresholds; union over L tables without intersecting sphere-layer masks or exact norm-table filter,0.22506311780501048,0.7918781725888324,0.35017727807496807,0.7410810970557339,0.2191924049099998,0.24415491606040943,685.55,197.0,3.4799492385786808,11.8875,50.32802359873031,1.205401999997946,91.17533600000002
amazon,14,40,query_adaptive_R25,25.0,0.14,7.007801055908203,0.95,round(norm/delta),layer-wise cosine theorem,disabled: no norm-table or radial-layer candidate filter,"per-query, per-layer Eq. I_threshold with Binomial(K, theta/pi)",distance-table hash-bucket lookup with per-layer thresholds; union over L tables without intersecting sphere-layer masks or exact norm-table filter,0.24411535557501485,0.9605329949238579,0.38927104573616067,0.9365737342464211,0.04332377737175815,0.05749414028577586,774.4,197.0,3.9309644670050767,19.44375,50.32802359873031,1.3347718000019881,91.17533600000002
amazon,14,50,query_adaptive_R25,25.0,0.14,7.007801055908203,0.95,round(norm/delta),layer-wise cosine theorem,disabled: no norm-table or radial-layer candidate filter,"per-query, per-layer Eq. I_threshold with Binomial(K, theta/pi)",distance-table hash-bucket lookup with per-layer thresholds; union over L tables without intersecting sphere-layer masks or exact norm-table filter,0.25095541401273885,1.0,0.4012219959263595,0.9999999978489328,0.05149041318254648,0.0,785.0,197.0,3.9847715736040614,31.44375,50.32802359873031,1.457118825007342,91.17533600000002
amazon,14,60,query_adaptive_R25,25.0,0.14,7.007801055908203,0.95,round(norm/delta),layer-wise cosine theorem,disabled: no norm-table or radial-layer candidate filter,"per-query, per-layer Eq. I_threshold with Binomial(K, theta/pi)",distance-table hash-bucket lookup with per-layer thresholds; union over L tables without intersecting sphere-layer masks or exact norm-table filter,0.23802352633521684,0.9248730964467005,0.3785380382147006,0.8924924681904536,0.07190919807787324,0.09801249629577502,763.175,197.0,3.873984771573604,29.13125,50.32802359873031,1.4891280499981008,91.17533600000002
amazon,14,70,query_adaptive_R25,25.0,0.14,7.007801055908203,0.95,round(norm/delta),layer-wise cosine theorem,disabled: no norm-table or radial-layer candidate filter,"per-query, per-layer Eq. I_threshold with Binomial(K, theta/pi)",distance-table hash-bucket lookup with per-layer thresholds; union over L tables without intersecting sphere-layer masks or exact norm-table filter,0.21723620866871313,0.7068527918781726,0.3316942323444939,0.6489710205249042,0.31717850475908416,0.3360278646250248,624.675,197.0,3.1709390862944162,29.2,50.32802359873031,1.5076906499984943,91.17533600000002
amazon,14,80,query_adaptive_R25,25.0,0.14,7.007801055908203,0.95,round(norm/delta),layer-wise cosine theorem,disabled: no norm-table or radial-layer candidate filter,"per-query, per-layer Eq. I_threshold with Binomial(K, theta/pi)",distance-table hash-bucket lookup with per-layer thresholds; union over L tables without intersecting sphere-layer masks or exact norm-table filter,0.23330097088728374,0.4290609137055837,0.2982787374392052,0.44120551243553907,0.5458039660383441,0.5508555061968935,318.15,197.0,1.6149746192893404,28.40625,50.32802359873031,1.5908041000031403,91.17533600000002
amazon,14,90,query_adaptive_R25,25.0,0.14,7.007801055908203,0.95,round(norm/delta),layer-wise cosine theorem,disabled: no norm-table or radial-layer candidate filter,"per-query, per-layer Eq. I_threshold with Binomial(K, theta/pi)",distance-table hash-bucket lookup with per-layer thresholds; union over L tables without intersecting sphere-layer masks or exact norm-table filter,0.2865029719494412,0.2540609137055837,0.24842207617160156,0.33346086316634016,0.6627691551079324,0.6640956165284658,119.975,197.0,0.6090101522842639,27.4875,50.32802359873031,1.6050812750009413,91.17533600000002
amazon,14,100,query_adaptive_R25,25.0,0.14,7.007801055908203,0.95,round(norm/delta),layer-wise cosine theorem,disabled: no norm-table or radial-layer candidate filter,"per-query, per-layer Eq. I_threshold with Binomial(K, theta/pi)",distance-table hash-bucket lookup with per-layer thresholds; union over L tables without intersecting sphere-layer masks or exact norm-table filter,0.3984969208865425,0.09923857868020305,0.12496380710638832,0.23525451647734705,0.7645715804135793,0.7647456421579271,24.65,197.0,0.1251269035532995,24.01875,50.32802359873031,1.5997927500052356,91.17533600000002
amazon,15,10,query_adaptive_R25,25.0,0.14,7.007801055908203,0.95,round(norm/delta),layer-wise cosine theorem,disabled: no norm-table or radial-layer candidate filter,"per-query, per-layer Eq. I_threshold with Binomial(K, theta/pi)",distance-table hash-bucket lookup with per-layer thresholds; union over L tables without intersecting sphere-layer masks or exact norm-table filter,0.23701169671887817,0.5083756345177666,0.3224456947383695,0.4878272421788804,0.48840640166513083,0.4995807566398989,423.775,197.0,2.1511421319796957,1.50625,50.32802359873031,0.9408344000021884,91.17533600000002
amazon,15,20,query_adaptive_R25,25.0,0.14,7.007801055908203,0.95,round(norm/delta),layer-wise cosine theorem,disabled: no norm-table or radial-layer candidate filter,"per-query, per-layer Eq. I_threshold with Binomial(K, theta/pi)",distance-table hash-bucket lookup with per-layer thresholds; union over L tables without intersecting sphere-layer masks or exact norm-table filter,0.2145737406236242,0.5800761421319798,0.3118921073236117,0.5536597967734646,0.42021908716612283,0.43325730106274635,509.775,197.0,2.5876903553299493,5.9125,50.32802359873031,1.1286271249957736,91.17533600000002
amazon,15,30,query_adaptive_R25,25.0,0.14,7.007801055908203,0.95,round(norm/delta),layer-wise cosine theorem,disabled: no norm-table or radial-layer candidate filter,"per-query, per-layer Eq. I_threshold with Binomial(K, theta/pi)",distance-table hash-bucket lookup with per-layer thresholds; union over L tables without intersecting sphere-layer masks or exact norm-table filter,0.22579581795388598,0.8027918781725887,0.3521774460415622,0.7524194488179482,0.20689309076303708,0.23296342508110685,693.5,197.0,3.5203045685279184,11.875,50.32802359873031,1.2164583499966852,91.17533600000002
amazon,15,40,query_adaptive_R25,25.0,0.14,7.007801055908203,0.95,round(norm/delta),layer-wise cosine theorem,disabled: no norm-table or radial-layer candidate filter,"per-query, per-layer Eq. I_threshold with Binomial(K, theta/pi)",distance-table hash-bucket lookup with per-layer thresholds; union over L tables without intersecting sphere-layer masks or exact norm-table filter,0.2452006825672389,0.9667512690355331,0.3911649711918293,0.9469500960764885,0.038332227069762234,0.04808234903213652,776.1,197.0,3.939593908629442,19.425,50.32802359873031,1.3524875000001657,91.17533600000002
amazon,15,50,query_adaptive_R25,25.0,0.14,7.007801055908203,0.95,round(norm/delta),layer-wise cosine theorem,disabled: no norm-table or radial-layer candidate filter,"per-query, per-layer Eq. I_threshold with Binomial(K, theta/pi)",distance-table hash-bucket lookup with per-layer thresholds; union over L tables without intersecting sphere-layer masks or exact norm-table filter,0.25095541401273885,1.0,0.4012219959263595,0.9999999978489328,0.05149041318254648,0.0,785.0,197.0,3.9847715736040614,31.44375,50.32802359873031,1.4754229999937252,91.17533600000002
amazon,15,60,query_adaptive_R25,25.0,0.14,7.007801055908203,0.95,round(norm/delta),layer-wise cosine theorem,disabled: no norm-table or radial-layer candidate filter,"per-query, per-layer Eq. I_threshold with Binomial(K, theta/pi)",distance-table hash-bucket lookup with per-layer thresholds; union over L tables without intersecting sphere-layer masks or exact norm-table filter,0.23910006028663303,0.9315989847715735,0.3804767513263786,0.9005335399615035,0.06545560213532525,0.09062563182891188,765.7,197.0,3.8868020304568534,29.11875,50.32802359873031,1.4790272249982195,91.17533600000002
amazon,15,70,query_adaptive_R25,25.0,0.14,7.007801055908203,0.95,round(norm/delta),layer-wise cosine theorem,disabled: no norm-table or radial-layer candidate filter,"per-query, per-layer Eq. I_threshold with Binomial(K, theta/pi)",distance-table hash-bucket lookup with per-layer thresholds; union over L tables without intersecting sphere-layer masks or exact norm-table filter,0.21857428668085083,0.7147208121827411,0.33419992267432563,0.6579460363727309,0.3075149483569768,0.32710849766645456,629.3,197.0,3.1944162436548225,29.1375,50.32802359873031,1.5166791749990693,91.17533600000002
amazon,15,80,query_adaptive_R25,25.0,0.14,7.007801055908203,0.95,round(norm/delta),layer-wise cosine theorem,disabled: no norm-table or radial-layer candidate filter,"per-query, per-layer Eq. I_threshold with Binomial(K, theta/pi)",distance-table hash-bucket lookup with per-layer thresholds; union over L tables without intersecting sphere-layer masks or exact norm-table filter,0.23414050360061928,0.4370558375634518,0.30105326521411035,0.448174997478845,0.5384076090929689,0.5441365257994727,324.625,197.0,1.6478426395939088,28.35625,50.32802359873031,1.5589156749996391,91.17533600000002
amazon,15,90,query_adaptive_R25,25.0,0.14,7.007801055908203,0.95,round(norm/delta),layer-wise cosine theorem,disabled: no norm-table or radial-layer candidate filter,"per-query, per-layer Eq. I_threshold with Binomial(K, theta/pi)",distance-table hash-bucket lookup with per-layer thresholds; union over L tables without intersecting sphere-layer masks or exact norm-table filter,0.28869932519255015,0.25444162436548223,0.2502381939940137,0.33379464931462194,0.6623769590582779,0.6637372976339752,118.725,197.0,0.6026649746192894,27.38125,50.32802359873031,1.593705250002131,91.17533600000002
amazon,15,100,query_adaptive_R25,25.0,0.14,7.007801055908203,0.95,round(norm/delta),layer-wise cosine theorem,disabled: no norm-table or radial-layer candidate filter,"per-query, per-layer Eq. I_threshold with Binomial(K, theta/pi)",distance-table hash-bucket lookup with per-layer thresholds; union over L tables without intersecting sphere-layer masks or exact norm-table filter,0.40135160481976406,0.0964467005076142,0.12229428484553193,0.23422759664012055,0.7656072952734703,0.765780082619884,23.75,197.0,0.12055837563451777,23.8625,50.32802359873031,1.6010114499977135,91.17533600000002
amazon,16,10,query_adaptive_R25,25.0,0.14,7.007801055908203,0.95,round(norm/delta),layer-wise cosine theorem,disabled: no norm-table or radial-layer candidate filter,"per-query, per-layer Eq. I_threshold with Binomial(K, theta/pi)",distance-table hash-bucket lookup with per-layer thresholds; union over L tables without intersecting sphere-layer masks or exact norm-table filter,0.22929915716331212,0.49225888324873096,0.310364263451561,0.4730148286646891,0.5087644260812365,0.5172610160146321,396.6,197.0,2.0131979695431474,1.4,50.32802359873031,0.9564323000020636,91.17533600000002
amazon,16,20,query_adaptive_R25,25.0,0.14,7.007801055908203,0.95,round(norm/delta),layer-wise cosine theorem,disabled: no norm-table or radial-layer candidate filter,"per-query, per-layer Eq. I_threshold with Binomial(K, theta/pi)",distance-table hash-bucket lookup with per-layer thresholds; union over L tables without intersecting sphere-layer masks or exact norm-table filter,0.2148865360643626,0.5874365482233502,0.31358104512732315,0.5593850803439702,0.4135568140834488,0.426920136878915,517.9,197.0,2.6289340101522845,5.8875,50.32802359873031,1.1406144999980938,91.17533600000002
amazon,16,30,query_adaptive_R25,25.0,0.14,7.007801055908203,0.95,round(norm/delta),layer-wise cosine theorem,disabled: no norm-table or radial-layer candidate filter,"per-query, per-layer Eq. I_threshold with Binomial(K, theta/pi)",distance-table hash-bucket lookup with per-layer thresholds; union over L tables without intersecting sphere-layer masks or exact norm-table filter,0.2255051375788101,0.8074873096446702,0.35228782999044356,0.7628338173461782,0.19603325241168407,0.22249935855321618,698.375,197.0,3.5450507614213196,11.83125,50.32802359873031,1.251545900008466,91.17533600000002
amazon,16,40,query_adaptive_R25,25.0,0.14,7.007801055908203,0.95,round(norm/delta),layer-wise cosine theorem,disabled: no norm-table or radial-layer candidate filter,"per-query, per-layer Eq. I_threshold with Binomial(K, theta/pi)",distance-table hash-bucket lookup with per-layer thresholds; union over L tables without intersecting sphere-layer masks or exact norm-table filter,0.24590820399407343,0.9706852791878173,0.3923898597260157,0.9542766612722072,0.034228085902016245,0.04132961701984101,777.125,197.0,3.9447969543147208,19.40625,50.32802359873031,1.3713624250002,91.17533600000002
amazon,16,50,query_adaptive_R25,25.0,0.14,7.007801055908203,0.95,round(norm/delta),layer-wise cosine theorem,disabled: no norm-table or radial-layer candidate filter,"per-query, per-layer Eq. I_threshold with Binomial(K, theta/pi)",distance-table hash-bucket lookup with per-layer thresholds; union over L tables without intersecting sphere-layer masks or exact norm-table filter,0.25095541401273885,1.0,0.4012219959263595,0.9999999978489328,0.05149041318254648,0.0,785.0,197.0,3.9847715736040614,31.44375,50.32802359873031,1.505078199997456,91.17533600000002
amazon,16,60,query_adaptive_R25,25.0,0.14,7.007801055908203,0.95,round(norm/delta),layer-wise cosine theorem,disabled: no norm-table or radial-layer candidate filter,"per-query, per-layer Eq. I_threshold with Binomial(K, theta/pi)",distance-table hash-bucket lookup with per-layer thresholds; union over L tables without intersecting sphere-layer masks or exact norm-table filter,0.23952214053220727,0.9341370558375637,0.3812244350598923,0.903893610498107,0.06269997879436513,0.08735229016881436,766.475,197.0,3.890736040609137,29.1,50.32802359873031,1.5303801749979584,91.17533600000002
amazon,16,70,query_adaptive_R25,25.0,0.14,7.007801055908203,0.95,round(norm/delta),layer-wise cosine theorem,disabled: no norm-table or radial-layer candidate filter,"per-query, per-layer Eq. I_threshold with Binomial(K, theta/pi)",distance-table hash-bucket lookup with per-layer thresholds; union over L tables without intersecting sphere-layer masks or exact norm-table filter,0.21938917554271914,0.7214467005076142,0.3359172494424823,0.6675584274983297,0.29725677913320536,0.3173386453984078,633.9,197.0,3.217766497461929,29.10625,50.32802359873031,1.538133399996866,91.17533600000002
amazon,16,80,query_adaptive_R25,25.0,0.14,7.007801055908203,0.95,round(norm/delta),layer-wise cosine theorem,disabled: no norm-table or radial-layer candidate filter,"per-query, per-layer Eq. I_threshold with Binomial(K, theta/pi)",distance-table hash-bucket lookup with per-layer thresholds; union over L tables without intersecting sphere-layer masks or exact norm-table filter,0.23291284450238575,0.44098984771573607,0.30112952590253617,0.45185968377658875,0.5346248698366866,0.540389077723521,329.025,197.0,1.6701776649746194,28.30625,50.32802359873031,1.5816260999969245,91.17533600000002
amazon,16,90,query_adaptive_R25,25.0,0.14,7.007801055908203,0.95,round(norm/delta),layer-wise cosine theorem,disabled: no norm-table or radial-layer candidate filter,"per-query, per-layer Eq. I_threshold with Binomial(K, theta/pi)",distance-table hash-bucket lookup with per-layer thresholds; union over L tables without intersecting sphere-layer masks or exact norm-table filter,0.28829101061959045,0.25076142131979695,0.24779477740173209,0.3312712013662,0.6649175379063671,0.6663014639991885,117.075,197.0,0.5942893401015228,27.26875,50.32802359873031,1.620910375002893,91.17533600000002
amazon,16,100,query_adaptive_R25,25.0,0.14,7.007801055908203,0.95,round(norm/delta),layer-wise cosine theorem,disabled: no norm-table or radial-layer candidate filter,"per-query, per-layer Eq. I_threshold with Binomial(K, theta/pi)",distance-table hash-bucket lookup with per-layer thresholds; union over L tables without intersecting sphere-layer masks or exact norm-table filter,0.3866572229549444,0.0965736040609137,0.12160361895113032,0.2338578413965961,0.7660080776928524,0.7661671178374487,23.5,197.0,0.11928934010152285,23.7125,50.32802359873031,1.596152050002786,91.17533600000002
amazon,17,10,query_adaptive_R25,25.0,0.14,7.007801055908203,0.95,round(norm/delta),layer-wise cosine theorem,disabled: no norm-table or radial-layer candidate filter,"per-query, per-layer Eq. I_threshold with Binomial(K, theta/pi)",distance-table hash-bucket lookup with per-layer thresholds; union over L tables without intersecting sphere-layer masks or exact norm-table filter,0.22351558679216824,0.47626903553299493,0.2999277529431475,0.4729341328646489,0.513071291574858,0.5196396812901914,366.5,197.0,1.8604060913705585,1.30625,50.32802359873031,0.9700385500011066,91.17533600000002
amazon,17,20,query_adaptive_R25,25.0,0.14,7.007801055908203,0.95,round(norm/delta),layer-wise cosine theorem,disabled: no norm-table or radial-layer candidate filter,"per-query, per-layer Eq. I_threshold with Binomial(K, theta/pi)",distance-table hash-bucket lookup with per-layer thresholds; union over L tables without intersecting sphere-layer masks or exact norm-table filter,0.217677239374115,0.6012690355329949,0.3187616942071092,0.5737875852169253,0.39799842042307,0.4121730401350595,526.6,197.0,2.673096446700508,5.85625,50.32802359873031,1.171197875009966,91.17533600000002
amazon,17,30,query_adaptive_R25,25.0,0.14,7.007801055908203,0.95,round(norm/delta),layer-wise cosine theorem,disabled: no norm-table or radial-layer candidate filter,"per-query, per-layer Eq. I_threshold with Binomial(K, theta/pi)",distance-table hash-bucket lookup with per-layer thresholds; union over L tables without intersecting sphere-layer masks or exact norm-table filter,0.22692603695405628,0.8187817258883248,0.3551249014242734,0.7712463186357336,0.18792512212268833,0.21419388629655942,704.3,197.0,3.5751269035532998,11.81875,50.32802359873031,1.2656364500060135,91.17533600000002
amazon,17,40,query_adaptive_R25,25.0,0.14,7.007801055908203,0.95,round(norm/delta),layer-wise cosine theorem,disabled: no norm-table or radial-layer candidate filter,"per-query, per-layer Eq. I_threshold with Binomial(K, theta/pi)",distance-table hash-bucket lookup with per-layer thresholds; union over L tables without intersecting sphere-layer masks or exact norm-table filter,0.24644128815821867,0.973730964467005,0.3933187228990482,0.9594733255805561,0.032706894074937855,0.0365306186204485,777.925,197.0,3.948857868020305,19.39375,50.32802359873031,1.3769479750024516,91.17533600000002
amazon,17,50,query_adaptive_R25,25.0,0.14,7.007801055908203,0.95,round(norm/delta),layer-wise cosine theorem,disabled: no norm-table or radial-layer candidate filter,"per-query, per-layer Eq. I_threshold with Binomial(K, theta/pi)",distance-table hash-bucket lookup with per-layer thresholds; union over L tables without intersecting sphere-layer masks or exact norm-table filter,0.25095541401273885,1.0,0.4012219959263595,0.9999999978489328,0.05149041318254648,0.0,785.0,197.0,3.9847715736040614,31.44375,50.32802359873031,1.5169437500020422,91.17533600000002
amazon,17,60,query_adaptive_R25,25.0,0.14,7.007801055908203,0.95,round(norm/delta),layer-wise cosine theorem,disabled: no norm-table or radial-layer candidate filter,"per-query, per-layer Eq. I_threshold with Binomial(K, theta/pi)",distance-table hash-bucket lookup with per-layer thresholds; union over L tables without intersecting sphere-layer masks or exact norm-table filter,0.24022026303592367,0.9387055837563452,0.3824958234324859,0.9090467660012024,0.059066091265437236,0.08250268682170256,768.2,197.0,3.8994923857868016,29.0875,50.32802359873031,1.5121739250034238,91.17533600000002
amazon,17,70,query_adaptive_R25,25.0,0.14,7.007801055908203,0.95,round(norm/delta),layer-wise cosine theorem,disabled: no norm-table or radial-layer candidate filter,"per-query, per-layer Eq. I_threshold with Binomial(K, theta/pi)",distance-table hash-bucket lookup with per-layer thresholds; union over L tables without intersecting sphere-layer masks or exact norm-table filter,0.21956468437503088,0.7271573604060914,0.336732292921047,0.6737308657695587,0.29055538158870087,0.31102461888782473,638.675,197.0,3.2420050761421324,29.0625,50.32802359873031,1.556611600000224,91.17533600000002
amazon,17,80,query_adaptive_R25,25.0,0.14,7.007801055908203,0.95,round(norm/delta),layer-wise cosine theorem,disabled: no norm-table or radial-layer candidate filter,"per-query, per-layer Eq. I_threshold with Binomial(K, theta/pi)",distance-table hash-bucket lookup with per-layer thresholds; union over L tables without intersecting sphere-layer masks or exact norm-table filter,0.2325581202509129,0.4461928934010152,0.30217441703952214,0.4537707366379826,0.5324675468145543,0.5383729130256838,334.5,197.0,1.6979695431472082,28.2875,50.32802359873031,1.5911374500021225,91.17533600000002
amazon,17,90,query_adaptive_R25,25.0,0.14,7.007801055908203,0.95,round(norm/delta),layer-wise cosine theorem,disabled: no norm-table or radial-layer candidate filter,"per-query, per-layer Eq. I_threshold with Binomial(K, theta/pi)",distance-table hash-bucket lookup with per-layer thresholds; union over L tables without intersecting sphere-layer masks or exact norm-table filter,0.2892747494080548,0.2534263959390863,0.24963207635565582,0.3328638271332661,0.663333451036238,0.6647616892092083,117.925,197.0,0.5986040609137055,27.19375,50.32802359873031,1.6152333999997381,91.17533600000002
amazon,17,100,query_adaptive_R25,25.0,0.14,7.007801055908203,0.95,round(norm/delta),layer-wise cosine theorem,disabled: no norm-table or radial-layer candidate filter,"per-query, per-layer Eq. I_threshold with Binomial(K, theta/pi)",distance-table hash-bucket lookup with per-layer thresholds; union over L tables without intersecting sphere-layer masks or exact norm-table filter,0.3934216477045914,0.09441624365482233,0.11999270868673736,0.23315531427296957,0.7667410811337702,0.7668897120572367,22.525,197.0,0.11434010152284264,23.5625,50.32802359873031,1.6033166500051266,91.17533600000002
amazon,18,10,query_adaptive_R25,25.0,0.14,7.007801055908203,0.95,round(norm/delta),layer-wise cosine theorem,disabled: no norm-table or radial-layer candidate filter,"per-query, per-layer Eq. I_threshold with Binomial(K, theta/pi)",distance-table hash-bucket lookup with per-layer thresholds; union over L tables without intersecting sphere-layer masks or exact norm-table filter,0.21766386856081738,0.44200507614213197,0.28360120933803745,0.4383978406023658,0.5494407736075477,0.5545279167891681,337.175,197.0,1.711548223350254,1.23125,50.32802359873031,0.9748103500015759,91.17533600000002
amazon,18,20,query_adaptive_R25,25.0,0.14,7.007801055908203,0.95,round(norm/delta),layer-wise cosine theorem,disabled: no norm-table or radial-layer candidate filter,"per-query, per-layer Eq. I_threshold with Binomial(K, theta/pi)",distance-table hash-bucket lookup with per-layer thresholds; union over L tables without intersecting sphere-layer masks or exact norm-table filter,0.2166489225868335,0.6093908629441624,0.31882438555294373,0.5804091066224226,0.3907002722045199,0.4054654267441654,536.625,197.0,2.723984771573604,5.825,50.32802359873031,1.185309300001336,91.17533600000002
amazon,18,30,query_adaptive_R25,25.0,0.14,7.007801055908203,0.95,round(norm/delta),layer-wise cosine theorem,disabled: no norm-table or radial-layer candidate filter,"per-query, per-layer Eq. I_threshold with Binomial(K, theta/pi)",distance-table hash-bucket lookup with per-layer thresholds; union over L tables without intersecting sphere-layer masks or exact norm-table filter,0.22659020922066975,0.8223350253807107,0.35506752853073165,0.7698054155109724,0.18898869041529423,0.2153715774115339,708.875,197.0,3.5983502538071064,11.8,50.32802359873031,1.2851875000038149,91.17533600000002
amazon,18,40,query_adaptive_R25,25.0,0.14,7.007801055908203,0.95,round(norm/delta),layer-wise cosine theorem,disabled: no norm-table or radial-layer candidate filter,"per-query, per-layer Eq. I_threshold with Binomial(K, theta/pi)",distance-table hash-bucket lookup with per-layer thresholds; union over L tables without intersecting sphere-layer masks or exact norm-table filter,0.2464377015174959,0.9741116751269037,0.3933461928855337,0.9597135865693742,0.03478861699664142,0.036289189237010036,778.25,197.0,3.9505076142131976,19.35625,50.32802359873031,1.420808250003347,91.17533600000002
amazon,18,50,query_adaptive_R25,25.0,0.14,7.007801055908203,0.95,round(norm/delta),layer-wise cosine theorem,disabled: no norm-table or radial-layer candidate filter,"per-query, per-layer Eq. I_threshold with Binomial(K, theta/pi)",distance-table hash-bucket lookup with per-layer thresholds; union over L tables without intersecting sphere-layer masks or exact norm-table filter,0.25095541401273885,1.0,0.4012219959263595,0.9999999978489328,0.05149041318254648,0.0,785.0,197.0,3.9847715736040614,31.44375,50.32802359873031,1.548541599996156,91.17533600000002
amazon,18,60,query_adaptive_R25,25.0,0.14,7.007801055908203,0.95,round(norm/delta),layer-wise cosine theorem,disabled: no norm-table or radial-layer candidate filter,"per-query, per-layer Eq. I_threshold with Binomial(K, theta/pi)",distance-table hash-bucket lookup with per-layer thresholds; union over L tables without intersecting sphere-layer masks or exact norm-table filter,0.24081152922683535,0.9425126903553298,0.3835661387603257,0.9125271627823469,0.05768393940444869,0.07927395500065984,769.55,197.0,3.9063451776649742,29.075,50.32802359873031,1.5433927500055233,91.17533600000002
amazon,18,70,query_adaptive_R25,25.0,0.14,7.007801055908203,0.95,round(norm/delta),layer-wise cosine theorem,disabled: no norm-table or radial-layer candidate filter,"per-query, per-layer Eq. I_threshold with Binomial(K, theta/pi)",distance-table hash-bucket lookup with per-layer thresholds; union over L tables without intersecting sphere-layer masks or exact norm-table filter,0.21911140437266435,0.7312182741116751,0.33661962165732656,0.6779706465487838,0.28608174208585907,0.30687291880609513,643.6,197.0,3.2670050761421323,29.0375,50.32802359873031,1.562320774998227,91.17533600000002
amazon,18,80,query_adaptive_R25,25.0,0.14,7.007801055908203,0.95,round(norm/delta),layer-wise cosine theorem,disabled: no norm-table or radial-layer candidate filter,"per-query, per-layer Eq. I_threshold with Binomial(K, theta/pi)",distance-table hash-bucket lookup with per-layer thresholds; union over L tables without intersecting sphere-layer masks or exact norm-table filter,0.23306614617348664,0.44225888324873097,0.30123513697865906,0.4520091560873299,0.5345110298672903,0.5403020156859661,329.65,197.0,1.6733502538071066,28.21875,50.32802359873031,1.6207925999950135,91.17533600000002
amazon,18,90,query_adaptive_R25,25.0,0.14,7.007801055908203,0.95,round(norm/delta),layer-wise cosine theorem,disabled: no norm-table or radial-layer candidate filter,"per-query, per-layer Eq. I_threshold with Binomial(K, theta/pi)",distance-table hash-bucket lookup with per-layer thresholds; union over L tables without intersecting sphere-layer masks or exact norm-table filter,0.288488120313955,0.2554568527918782,0.2503778618204291,0.33454350533835264,0.6616634121348818,0.6631039363749957,118.8,197.0,0.6030456852791878,27.1375,50.32802359873031,1.6371655499980875,91.17533600000002
amazon,18,100,query_adaptive_R25,25.0,0.14,7.007801055908203,0.95,round(norm/delta),layer-wise cosine theorem,disabled: no norm-table or radial-layer candidate filter,"per-query, per-layer Eq. I_threshold with Binomial(K, theta/pi)",distance-table hash-bucket lookup with per-layer thresholds; union over L tables without intersecting sphere-layer masks or exact norm-table filter,0.39350881921583214,0.09378172588832487,0.11869054669251486,0.23321960512675224,0.7666908431258252,0.7668383553653091,22.375,197.0,0.11357868020304566,23.4125,50.32802359873031,1.6190749500040624,91.17533600000002
amazon,19,10,query_adaptive_R25,25.0,0.14,7.007801055908203,0.95,round(norm/delta),layer-wise cosine theorem,disabled: no norm-table or radial-layer candidate filter,"per-query, per-layer Eq. I_threshold with Binomial(K, theta/pi)",distance-table hash-bucket lookup with per-layer thresholds; union over L tables without intersecting sphere-layer masks or exact norm-table filter,0.21537483236545246,0.40494923857868026,0.26990185554983864,0.4164626766680947,0.5726841752233705,0.5770742011719866,306.35,197.0,1.5550761421319799,1.15625,50.32802359873031,0.9810957999988544,91.17533600000002
amazon,19,20,query_adaptive_R25,25.0,0.14,7.007801055908203,0.95,round(norm/delta),layer-wise cosine theorem,disabled: no norm-table or radial-layer candidate filter,"per-query, per-layer Eq. I_threshold with Binomial(K, theta/pi)",distance-table hash-bucket lookup with per-layer thresholds; union over L tables without intersecting sphere-layer masks or exact norm-table filter,0.21988613905725757,0.6171319796954314,0.32365136069521305,0.58588061744916,0.38437362895006455,0.39979740584194634,539.05,197.0,2.7362944162436547,5.8,50.32802359873031,1.2137988750012596,91.17533600000002
amazon,19,30,query_adaptive_R25,25.0,0.14,7.007801055908203,0.95,round(norm/delta),layer-wise cosine theorem,disabled: no norm-table or radial-layer candidate filter,"per-query, per-layer Eq. I_threshold with Binomial(K, theta/pi)",distance-table hash-bucket lookup with per-layer thresholds; union over L tables without intersecting sphere-layer masks or exact norm-table filter,0.2273564917920583,0.8279187817258883,0.35656836209312603,0.7733109631207373,0.1842612188599146,0.21204927458366712,711.875,197.0,3.6135786802030454,11.7625,50.32802359873031,1.29805625000472,91.17533600000002
amazon,19,40,query_adaptive_R25,25.0,0.14,7.007801055908203,0.95,round(norm/delta),layer-wise cosine theorem,disabled: no norm-table or radial-layer candidate filter,"per-query, per-layer Eq. I_threshold with Binomial(K, theta/pi)",distance-table hash-bucket lookup with per-layer thresholds; union over L tables without intersecting sphere-layer masks or exact norm-table filter,0.2464781113849142,0.9746192893401016,0.39343966668540487,0.9606078357052479,0.03509675970543719,0.0354059637207089,778.55,197.0,3.9520304568527918,19.34375,50.32802359873031,1.4570665749985778,91.17533600000002
amazon,19,50,query_adaptive_R25,25.0,0.14,7.007801055908203,0.95,round(norm/delta),layer-wise cosine theorem,disabled: no norm-table or radial-layer candidate filter,"per-query, per-layer Eq. I_threshold with Binomial(K, theta/pi)",distance-table hash-bucket lookup with per-layer thresholds; union over L tables without intersecting sphere-layer masks or exact norm-table filter,0.25095541401273885,1.0,0.4012219959263595,0.9999999978489328,0.05149041318254648,0.0,785.0,197.0,3.9847715736040614,31.44375,50.32802359873031,1.574381299995764,91.17533600000002
amazon,19,60,query_adaptive_R25,25.0,0.14,7.007801055908203,0.95,round(norm/delta),layer-wise cosine theorem,disabled: no norm-table or radial-layer candidate filter,"per-query, per-layer Eq. I_threshold with Binomial(K, theta/pi)",distance-table hash-bucket lookup with per-layer thresholds; union over L tables without intersecting sphere-layer masks or exact norm-table filter,0.2407537533391025,0.9425126903553298,0.38349190759848045,0.9118336925288342,0.05860281631155062,0.07966389759076722,769.725,197.0,3.907233502538071,29.0125,50.32802359873031,1.6177364999990118,91.17533600000002
amazon,19,70,query_adaptive_R25,25.0,0.14,7.007801055908203,0.95,round(norm/delta),layer-wise cosine theorem,disabled: no norm-table or radial-layer candidate filter,"per-query, per-layer Eq. I_threshold with Binomial(K, theta/pi)",distance-table hash-bucket lookup with per-layer thresholds; union over L tables without intersecting sphere-layer masks or exact norm-table filter,0.21953418434669797,0.7380710659898477,0.3378755031057268,0.684389040617605,0.2791303471842694,0.3003458842173428,649.075,197.0,3.294796954314721,29.00625,50.32802359873031,1.6022917499967093,91.17533600000002
amazon,19,80,query_adaptive_R25,25.0,0.14,7.007801055908203,0.95,round(norm/delta),layer-wise cosine theorem,disabled: no norm-table or radial-layer candidate filter,"per-query, per-layer Eq. I_threshold with Binomial(K, theta/pi)",distance-table hash-bucket lookup with per-layer thresholds; union over L tables without intersecting sphere-layer masks or exact norm-table filter,0.2309922189312763,0.4403553299492386,0.2991514223938661,0.4507730814389738,0.5353590296731323,0.54125096386092,332.625,197.0,1.6884517766497464,28.175,50.32802359873031,1.642324949997942,91.17533600000002
amazon,19,90,query_adaptive_R25,25.0,0.14,7.007801055908203,0.95,round(norm/delta),layer-wise cosine theorem,disabled: no norm-table or radial-layer candidate filter,"per-query, per-layer Eq. I_threshold with Binomial(K, theta/pi)",distance-table hash-bucket lookup with per-layer thresholds; union over L tables without intersecting sphere-layer masks or exact norm-table filter,0.2934190369188361,0.2609137055837564,0.2537992071443442,0.33524971824263294,0.6609100391269471,0.6623754651798774,121.25,197.0,0.6154822335025381,27.1,50.32802359873031,1.6745188000044209,91.17533600000002
amazon,19,100,query_adaptive_R25,25.0,0.14,7.007801055908203,0.95,round(norm/delta),layer-wise cosine theorem,disabled: no norm-table or radial-layer candidate filter,"per-query, per-layer Eq. I_threshold with Binomial(K, theta/pi)",distance-table hash-bucket lookup with per-layer thresholds; union over L tables without intersecting sphere-layer masks or exact norm-table filter,0.36714319929407124,0.09606598984771574,0.12102761059498231,0.23435786390777036,0.7655295762137949,0.7656794483006446,23.025,197.0,0.11687817258883249,23.2375,50.32802359873031,1.6499854000002756,91.17533600000002
amazon,20,10,query_adaptive_R25,25.0,0.14,7.007801055908203,0.95,round(norm/delta),layer-wise cosine theorem,disabled: no norm-table or radial-layer candidate filter,"per-query, per-layer Eq. I_threshold with Binomial(K, theta/pi)",distance-table hash-bucket lookup with per-layer thresholds; union over L tables without intersecting sphere-layer masks or exact norm-table filter,0.2126268330392505,0.39187817258883245,0.26357733787604803,0.40432915589929025,0.584861692887405,0.5892612259426568,297.6,197.0,1.5106598984771573,1.11875,50.32802359873031,1.0126719000055573,91.17533600000002
amazon,20,20,query_adaptive_R25,25.0,0.14,7.007801055908203,0.95,round(norm/delta),layer-wise cosine theorem,disabled: no norm-table or radial-layer candidate filter,"per-query, per-layer Eq. I_threshold with Binomial(K, theta/pi)",distance-table hash-bucket lookup with per-layer thresholds; union over L tables without intersecting sphere-layer masks or exact norm-table filter,0.22014785920107874,0.6288071065989846,0.3255848513193187,0.592545361678926,0.37697564707021347,0.3930169850457951,549.525,197.0,2.789467005076142,5.7875,50.32802359873031,1.2385229749966697,91.17533600000002
amazon,20,30,query_adaptive_R25,25.0,0.14,7.007801055908203,0.95,round(norm/delta),layer-wise cosine theorem,disabled: no norm-table or radial-layer candidate filter,"per-query, per-layer Eq. I_threshold with Binomial(K, theta/pi)",distance-table hash-bucket lookup with per-layer thresholds; union over L tables without intersecting sphere-layer masks or exact norm-table filter,0.22847318147558293,0.8347715736040608,0.3585971488141656,0.780709017993203,0.1767041436986462,0.20492990660698615,714.825,197.0,3.6285532994923857,11.7375,50.32802359873031,1.3159072999968657,91.17533600000002
amazon,20,40,query_adaptive_R25,25.0,0.14,7.007801055908203,0.95,round(norm/delta),layer-wise cosine theorem,disabled: no norm-table or radial-layer candidate filter,"per-query, per-layer Eq. I_threshold with Binomial(K, theta/pi)",distance-table hash-bucket lookup with per-layer thresholds; union over L tables without intersecting sphere-layer masks or exact norm-table filter,0.24684843700010184,0.976522842639594,0.39406718201013297,0.9632191375729071,0.03493049264903795,0.03308823530925923,778.925,197.0,3.9539340101522837,19.3375,50.32802359873031,1.4480406250029887,91.17533600000002
amazon,20,50,query_adaptive_R25,25.0,0.14,7.007801055908203,0.95,round(norm/delta),layer-wise cosine theorem,disabled: no norm-table or radial-layer candidate filter,"per-query, per-layer Eq. I_threshold with Binomial(K, theta/pi)",distance-table hash-bucket lookup with per-layer thresholds; union over L tables without intersecting sphere-layer masks or exact norm-table filter,0.25095541401273885,1.0,0.4012219959263595,0.9999999978489328,0.05149041318254648,0.0,785.0,197.0,3.9847715736040614,31.44375,50.32802359873031,1.6006750750051424,91.17533600000002
amazon,20,60,query_adaptive_R25,25.0,0.14,7.007801055908203,0.95,round(norm/delta),layer-wise cosine theorem,disabled: no norm-table or radial-layer candidate filter,"per-query, per-layer Eq. I_threshold with Binomial(K, theta/pi)",distance-table hash-bucket lookup with per-layer thresholds; union over L tables without intersecting sphere-layer masks or exact norm-table filter,0.24133585773860816,0.9455583756345177,0.38448673282194046,0.917060648244463,0.05464785775911559,0.074950276201603,770.5,197.0,3.911167512690355,29.00625,50.32802359873031,1.6075196499954814,91.17533600000002
amazon,20,70,query_adaptive_R25,25.0,0.14,7.007801055908203,0.95,round(norm/delta),layer-wise cosine theorem,disabled: no norm-table or radial-layer candidate filter,"per-query, per-layer Eq. I_threshold with Binomial(K, theta/pi)",distance-table hash-bucket lookup with per-layer thresholds; union over L tables without intersecting sphere-layer masks or exact norm-table filter,0.22001802807603674,0.7441624365482233,0.33909533691723126,0.6895337950394593,0.2737012389347333,0.2954263175563011,653.675,197.0,3.3181472081218275,28.99375,50.32802359873031,1.624796874996548,91.17533600000002
amazon,20,80,query_adaptive_R25,25.0,0.14,7.007801055908203,0.95,round(norm/delta),layer-wise cosine theorem,disabled: no norm-table or radial-layer candidate filter,"per-query, per-layer Eq. I_threshold with Binomial(K, theta/pi)",distance-table hash-bucket lookup with per-layer thresholds; union over L tables without intersecting sphere-layer masks or exact norm-table filter,0.2294866783179818,0.44593908629441625,0.2992895996723954,0.4532542217222527,0.5325716271986345,0.5386742284831565,340.125,197.0,1.726522842639594,28.14375,50.32802359873031,1.6592291000037562,91.17533600000002
amazon,20,90,query_adaptive_R25,25.0,0.14,7.007801055908203,0.95,round(norm/delta),layer-wise cosine theorem,disabled: no norm-table or radial-layer candidate filter,"per-query, per-layer Eq. I_threshold with Binomial(K, theta/pi)",distance-table hash-bucket lookup with per-layer thresholds; union over L tables without intersecting sphere-layer masks or exact norm-table filter,0.2891248623689712,0.2629441624365482,0.2532284916513783,0.33868937545668587,0.6573935398412033,0.6588806853318537,124.075,197.0,0.6298223350253808,27.0375,50.32802359873031,1.6885780249992877,91.17533600000002
amazon,20,100,query_adaptive_R25,25.0,0.14,7.007801055908203,0.95,round(norm/delta),layer-wise cosine theorem,disabled: no norm-table or radial-layer candidate filter,"per-query, per-layer Eq. I_threshold with Binomial(K, theta/pi)",distance-table hash-bucket lookup with per-layer thresholds; union over L tables without intersecting sphere-layer masks or exact norm-table filter,0.3782026307770606,0.09543147208121827,0.12106323525115963,0.2395486033700558,0.760349137141529,0.7605056999331279,22.425,197.0,0.11383248730964465,23.09375,50.32802359873031,1.6756958750022477,91.17533600000002
