dataset,L,K,radius_mode,radius_percentile,bandwidth_factor,delta,angle_alpha,sphere_layer_rule,theta_rule,norm_filter_rule,hamming_threshold_rule,lookup_rule,point_precision,point_recall,point_f1,kernel_weighted_recall,kde_abs_relative_error_vs_exact_r25,kde_abs_relative_error_vs_global,candidate_size,exact_r25_candidate_size,candidate_expansion_ratio,mean_hamming_threshold,mean_theta_deg,query_time_ms,build_time_s,candidate_to_true_ratio,kde_quality,recall_feasible,speed_quality,expansion_quality,optimal_score
amazon,2,10,query_adaptive_R25,25.0,0.14,7.007801055908203,0.95,round(norm/delta),layer-wise cosine theorem,disabled: no norm-table or radial-layer candidate filter,"per-query, per-layer Eq. I_threshold with Binomial(K, theta/pi)",distance-table hash-bucket lookup with per-layer thresholds; union over L tables without intersecting sphere-layer masks or exact norm-table filter,0.2375939192866637,0.5723350253807107,0.3355038778259064,0.5626986121853308,0.4079736931337022,0.4261791483421474,473.85,197.0,2.4053299492385785,3.875,50.32802359873031,1.0739854000021865,91.17533600000002,2.4053299492385785,0.5920263068662979,False,0.5603791793393855,0.39636942675159237,0.3787662151165834
amazon,2,20,query_adaptive_R25,25.0,0.14,7.007801055908203,0.95,round(norm/delta),layer-wise cosine theorem,disabled: no norm-table or radial-layer candidate filter,"per-query, per-layer Eq. I_threshold with Binomial(K, theta/pi)",distance-table hash-bucket lookup with per-layer thresholds; union over L tables without intersecting sphere-layer masks or exact norm-table filter,0.2430622632817732,0.6406091370558376,0.3516127641310625,0.6361362210034059,0.3328617293468649,0.3540798340091648,514.6,197.0,2.612182741116751,8.53125,50.32802359873031,1.3880374500018888,91.17533600000002,2.612182741116751,0.667138270653135,False,0.43182638900281634,0.34445859872611473,0.3852119699365407
amazon,2,30,query_adaptive_R25,25.0,0.14,7.007801055908203,0.95,round(norm/delta),layer-wise cosine theorem,disabled: no norm-table or radial-layer candidate filter,"per-query, per-layer Eq. I_threshold with Binomial(K, theta/pi)",distance-table hash-bucket lookup with per-layer thresholds; union over L tables without intersecting sphere-layer masks or exact norm-table filter,0.2375932170094583,0.7558375634517767,0.3611066004760251,0.7292910869001897,0.2337681992295616,0.2599565430797833,619.75,197.0,3.1459390862944163,14.33125,50.32802359873031,1.5774833750000994,91.17533600000002,3.1459390862944163,0.7662318007704384,False,0.35427936367234825,0.2105095541401274,0.3862435284139652
amazon,2,40,query_adaptive_R25,25.0,0.14,7.007801055908203,0.95,round(norm/delta),layer-wise cosine theorem,disabled: no norm-table or radial-layer candidate filter,"per-query, per-layer Eq. I_threshold with Binomial(K, theta/pi)",distance-table hash-bucket lookup with per-layer thresholds; union over L tables without intersecting sphere-layer masks or exact norm-table filter,0.238054437669733,0.893274111675127,0.3758220701822866,0.8681567947392578,0.0949532051954233,0.1241764238427743,736.4,197.0,3.738071065989848,21.6875,50.32802359873031,1.7296562499993229,91.17533600000002,3.738071065989848,0.9050467948045767,False,0.2919895372098027,0.06191082802547765,0.39359225738057074
amazon,2,50,query_adaptive_R25,25.0,0.14,7.007801055908203,0.95,round(norm/delta),layer-wise cosine theorem,disabled: no norm-table or radial-layer candidate filter,"per-query, per-layer Eq. I_threshold with Binomial(K, theta/pi)",distance-table hash-bucket lookup with per-layer thresholds; union over L tables without intersecting sphere-layer masks or exact norm-table filter,0.2484431592372754,0.9857868020304568,0.3968611560726293,0.9805915397531424,0.0433427986069711,0.0175946594348896,781.5,197.0,3.967005076142132,31.44375,50.32802359873031,1.89080629999836,91.17533600000002,3.967005076142132,0.9566572013930289,True,0.22602503040185962,0.004458598726114649,0.4101395961698407
amazon,2,60,query_adaptive_R25,25.0,0.14,7.007801055908203,0.95,round(norm/delta),layer-wise cosine theorem,disabled: no norm-table or radial-layer candidate filter,"per-query, per-layer Eq. I_threshold with Binomial(K, theta/pi)",distance-table hash-bucket lookup with per-layer thresholds; union over L tables without intersecting sphere-layer masks or exact norm-table filter,0.2329318776889276,0.8513959390862944,0.3655586745816833,0.8095666488796232,0.1511709859121507,0.1789825572715757,713.95,197.0,3.624111675126904,31.59375,50.32802359873031,2.022316774996113,91.17533600000002,3.624111675126904,0.8488290140878493,False,0.17219306681663604,0.09050955414012729,0.37864377980493086
amazon,2,70,query_adaptive_R25,25.0,0.14,7.007801055908203,0.95,round(norm/delta),layer-wise cosine theorem,disabled: no norm-table or radial-layer candidate filter,"per-query, per-layer Eq. I_threshold with Binomial(K, theta/pi)",distance-table hash-bucket lookup with per-layer thresholds; union over L tables without intersecting sphere-layer masks or exact norm-table filter,0.2310259502108729,0.6458121827411167,0.3392232548585295,0.6166038339438478,0.3553884802830281,0.3722468075603272,532.525,197.0,2.703172588832487,32.58125,50.32802359873031,2.109764700003325,91.17533600000002,2.703172588832487,0.644611519716972,False,0.1363974884440995,0.32162420382165613,0.3607105682968803
amazon,2,80,query_adaptive_R25,25.0,0.14,7.007801055908203,0.95,round(norm/delta),layer-wise cosine theorem,disabled: no norm-table or radial-layer candidate filter,"per-query, per-layer Eq. I_threshold with Binomial(K, theta/pi)",distance-table hash-bucket lookup with per-layer thresholds; union over L tables without intersecting sphere-layer masks or exact norm-table filter,0.248979857940837,0.3813451776649746,0.2935431299500448,0.4160397910330302,0.5723375574557886,0.5777506936359325,268.4,197.0,1.3624365482233505,32.79375,50.32802359873031,2.2256374999969357,91.17533600000002,1.3624365482233505,0.4276624425442114,False,0.08896658721831863,0.6580891719745223,0.34441580065781413
amazon,2,90,query_adaptive_R25,25.0,0.14,7.007801055908203,0.95,round(norm/delta),layer-wise cosine theorem,disabled: no norm-table or radial-layer candidate filter,"per-query, per-layer Eq. I_threshold with Binomial(K, theta/pi)",distance-table hash-bucket lookup with per-layer thresholds; union over L tables without intersecting sphere-layer masks or exact norm-table filter,0.2874801884332785,0.2271573604060913,0.2316868873070365,0.317977610604114,0.6783195068713571,0.6799651411286837,112.925,197.0,0.5732233502538071,33.00625,50.32802359873031,2.3421322500027486,91.17533600000002,0.5732233502538071,0.3216804931286429,False,0.0412810995011631,0.8561464968152867,0.3288779592443518
amazon,2,100,query_adaptive_R25,25.0,0.14,7.007801055908203,0.95,round(norm/delta),layer-wise cosine theorem,disabled: no norm-table or radial-layer candidate filter,"per-query, per-layer Eq. I_threshold with Binomial(K, theta/pi)",distance-table hash-bucket lookup with per-layer thresholds; union over L tables without intersecting sphere-layer masks or exact norm-table filter,0.3335177572054133,0.1148477157360406,0.140648236897794,0.251287124149311,0.7483338335165757,0.748593306462982,32.3,197.0,0.1639593908629441,31.31875,50.32802359873031,2.4429811999993944,91.17533600000002,0.1639593908629441,0.2516661664834243,False,0.0,0.9588535031847134,0.29940389084049635
amazon,3,10,query_adaptive_R25,25.0,0.14,7.007801055908203,0.95,round(norm/delta),layer-wise cosine theorem,disabled: no norm-table or radial-layer candidate filter,"per-query, per-layer Eq. I_threshold with Binomial(K, theta/pi)",distance-table hash-bucket lookup with per-layer thresholds; union over L tables without intersecting sphere-layer masks or exact norm-table filter,0.2157919951655139,0.4951776649746193,0.2970570976598456,0.4801443212983408,0.4995461208359863,0.50998973109178,419.575,197.0,2.1298223350253807,3.09375,50.32802359873031,0.7288343499993744,91.17533600000002,2.1298223350253807,0.5004538791640136,False,0.7016619080001292,0.4655095541401274,0.3618630444882739
amazon,3,20,query_adaptive_R25,25.0,0.14,7.007801055908203,0.95,round(norm/delta),layer-wise cosine theorem,disabled: no norm-table or radial-layer candidate filter,"per-query, per-layer Eq. I_threshold with Binomial(K, theta/pi)",distance-table hash-bucket lookup with per-layer thresholds; union over L tables without intersecting sphere-layer masks or exact norm-table filter,0.2342056803078659,0.5790609137055838,0.3324981783231485,0.5725862906502149,0.3992607114507741,0.4157462714312334,475.6,197.0,2.414213197969543,7.75625,50.32802359873031,0.9566689000038764,91.17533600000002,2.414213197969543,0.600739288549226,False,0.6084010388601788,0.394140127388535,0.38027903628247445
amazon,3,30,query_adaptive_R25,25.0,0.14,7.007801055908203,0.95,round(norm/delta),layer-wise cosine theorem,disabled: no norm-table or radial-layer candidate filter,"per-query, per-layer Eq. I_threshold with Binomial(K, theta/pi)",distance-table hash-bucket lookup with per-layer thresholds; union over L tables without intersecting sphere-layer masks or exact norm-table filter,0.2328457668679824,0.7435279187817259,0.3543083754786019,0.7130172457978852,0.2495607105304432,0.274370377705162,621.775,197.0,3.156218274111675,13.5375,50.32802359873031,1.042725124999322,91.17533600000002,3.156218274111675,0.7504392894695568,False,0.5731751333167933,0.20792993630573253,0.390773204002551
amazon,3,40,query_adaptive_R25,25.0,0.14,7.007801055908203,0.95,round(norm/delta),layer-wise cosine theorem,disabled: no norm-table or radial-layer candidate filter,"per-query, per-layer Eq. I_threshold with Binomial(K, theta/pi)",distance-table hash-bucket lookup with per-layer thresholds; union over L tables without intersecting sphere-layer masks or exact norm-table filter,0.2368000343177543,0.8972081218274113,0.3745976952428952,0.8669242169656142,0.0956354339917041,0.12459955927801,743.425,197.0,3.773730964467005,20.93125,50.32802359873031,1.1570510499979036,91.17533600000002,3.773730964467005,0.904364566008296,False,0.5263774236174268,0.05296178343949054,0.4040139649767291
amazon,3,50,query_adaptive_R25,25.0,0.14,7.007801055908203,0.95,round(norm/delta),layer-wise cosine theorem,disabled: no norm-table or radial-layer candidate filter,"per-query, per-layer Eq. I_threshold with Binomial(K, theta/pi)",distance-table hash-bucket lookup with per-layer thresholds; union over L tables without intersecting sphere-layer masks or exact norm-table filter,0.2498819324321571,0.9941624365482232,0.399377960176536,0.992306169162568,0.0466730798198814,0.0069089200235005,783.7,197.0,3.978172588832488,31.44375,50.32802359873031,1.1966479249977624,91.17533600000002,3.978172588832488,0.9533269201801186,True,0.5101689996639929,0.0016560509554138791,0.42684211410598316
amazon,3,60,query_adaptive_R25,25.0,0.14,7.007801055908203,0.95,round(norm/delta),layer-wise cosine theorem,disabled: no norm-table or radial-layer candidate filter,"per-query, per-layer Eq. I_threshold with Binomial(K, theta/pi)",distance-table hash-bucket lookup with per-layer thresholds; union over L tables without intersecting sphere-layer masks or exact norm-table filter,0.2329095224911574,0.8651015228426395,0.3668205602567401,0.829018492366383,0.1288565353417537,0.1593659173483055,726.2,197.0,3.686294416243655,30.78125,50.32802359873031,1.3291811250084606,91.17533600000002,3.686294416243655,0.8711434646582463,False,0.45591839797670564,0.07490445859872608,0.39366646996982047
amazon,3,70,query_adaptive_R25,25.0,0.14,7.007801055908203,0.95,round(norm/delta),layer-wise cosine theorem,disabled: no norm-table or radial-layer candidate filter,"per-query, per-layer Eq. I_threshold with Binomial(K, theta/pi)",distance-table hash-bucket lookup with per-layer thresholds; union over L tables without intersecting sphere-layer masks or exact norm-table filter,0.2290379445962564,0.6478426395939086,0.3372423215444022,0.6111670043917677,0.3607318480747501,0.3770926223012583,537.25,197.0,2.727157360406092,31.43125,50.32802359873031,1.3760624499965957,91.17533600000002,2.727157360406092,0.6392681519252499,False,0.43672818685754244,0.31560509554140115,0.37404000028247386
amazon,3,80,query_adaptive_R25,25.0,0.14,7.007801055908203,0.95,round(norm/delta),layer-wise cosine theorem,disabled: no norm-table or radial-layer candidate filter,"per-query, per-layer Eq. I_threshold with Binomial(K, theta/pi)",distance-table hash-bucket lookup with per-layer thresholds; union over L tables without intersecting sphere-layer masks or exact norm-table filter,0.2548557925833462,0.3748730964467005,0.2954939419192451,0.4006236924370756,0.5887100760348546,0.5935913841184731,251.975,197.0,1.279060913705584,31.35625,50.32802359873031,1.415853025002889,91.17533600000002,1.279060913705584,0.4112899239651454,False,0.4204404745303648,0.6790127388535032,0.36498538166145617
amazon,3,90,query_adaptive_R25,25.0,0.14,7.007801055908203,0.95,round(norm/delta),layer-wise cosine theorem,disabled: no norm-table or radial-layer candidate filter,"per-query, per-layer Eq. I_threshold with Binomial(K, theta/pi)",distance-table hash-bucket lookup with per-layer thresholds; union over L tables without intersecting sphere-layer masks or exact norm-table filter,0.3026819680089901,0.2201776649746193,0.226440069030297,0.3095992161293767,0.6878167618393856,0.6890339682341392,99.475,197.0,0.5049492385786802,31.4125,50.32802359873031,1.4592968000016526,91.17533600000002,0.5049492385786802,0.31218323816061444,False,0.40265737615909025,0.87328025477707,0.3500849561822903
amazon,3,100,query_adaptive_R25,25.0,0.14,7.007801055908203,0.95,round(norm/delta),layer-wise cosine theorem,disabled: no norm-table or radial-layer candidate filter,"per-query, per-layer Eq. I_threshold with Binomial(K, theta/pi)",distance-table hash-bucket lookup with per-layer thresholds; union over L tables without intersecting sphere-layer masks or exact norm-table filter,0.359287655490595,0.108248730964467,0.1348972772417705,0.2416209915486251,0.75818095107943,0.7583997418137925,27.15,197.0,0.1378172588832487,29.425,50.32802359873031,1.4933260000077553,91.17533600000002,0.1378172588832487,0.24181904892057005,False,0.38872800166938437,0.9654140127388535,0.322934209094459
amazon,4,10,query_adaptive_R25,25.0,0.14,7.007801055908203,0.95,round(norm/delta),layer-wise cosine theorem,disabled: no norm-table or radial-layer candidate filter,"per-query, per-layer Eq. I_threshold with Binomial(K, theta/pi)",distance-table hash-bucket lookup with per-layer thresholds; union over L tables without intersecting sphere-layer masks or exact norm-table filter,0.2299482459887839,0.4918781725888325,0.3129491145309808,0.4785514704974604,0.4972878303704537,0.5090019896509672,419.25,197.0,2.128172588832487,2.875,50.32802359873031,0.7608312500025249,91.17533600000002,2.128172588832487,0.5027121696295462,False,0.688564426937582,0.46592356687898095,0.369711642479532
amazon,4,20,query_adaptive_R25,25.0,0.14,7.007801055908203,0.95,round(norm/delta),layer-wise cosine theorem,disabled: no norm-table or radial-layer candidate filter,"per-query, per-layer Eq. I_threshold with Binomial(K, theta/pi)",distance-table hash-bucket lookup with per-layer thresholds; union over L tables without intersecting sphere-layer masks or exact norm-table filter,0.2340945120699968,0.5840101522842639,0.3329587772858521,0.568003415456689,0.4072344261926668,0.4209284436610535,474.05,197.0,2.406345177664975,7.25,50.32802359873031,0.9528457500024956,91.17533600000002,2.406345177664975,0.5927655738073332,False,0.6099659915505156,0.39611464968152854,0.38177672755415526
amazon,4,30,query_adaptive_R25,25.0,0.14,7.007801055908203,0.95,round(norm/delta),layer-wise cosine theorem,disabled: no norm-table or radial-layer candidate filter,"per-query, per-layer Eq. I_threshold with Binomial(K, theta/pi)",distance-table hash-bucket lookup with per-layer thresholds; union over L tables without intersecting sphere-layer masks or exact norm-table filter,0.2279514482725337,0.7356598984771574,0.3474455600268226,0.6933623211350157,0.2714314255797022,0.2934786557313341,623.725,197.0,3.166116751269035,13.09375,50.32802359873031,1.0502979500003562,91.17533600000002,3.166116751269035,0.7285685744202979,False,0.5700753038948411,0.20544585987261155,0.3850464319485866
amazon,4,40,query_adaptive_R25,25.0,0.14,7.007801055908203,0.95,round(norm/delta),layer-wise cosine theorem,disabled: no norm-table or radial-layer candidate filter,"per-query, per-layer Eq. I_threshold with Binomial(K, theta/pi)",distance-table hash-bucket lookup with per-layer thresholds; union over L tables without intersecting sphere-layer masks or exact norm-table filter,0.2376876634350167,0.9091370558375635,0.3767747373046063,0.8785839827948235,0.0828857867362,0.1130565598000932,751.4,197.0,3.814213197969544,20.4875,50.32802359873031,1.1548063000006437,91.17533600000002,3.814213197969544,0.9171142132637999,True,0.5272962804621952,0.04280254777070047,0.40590568127159393
amazon,4,50,query_adaptive_R25,25.0,0.14,7.007801055908203,0.95,round(norm/delta),layer-wise cosine theorem,disabled: no norm-table or radial-layer candidate filter,"per-query, per-layer Eq. I_threshold with Binomial(K, theta/pi)",distance-table hash-bucket lookup with per-layer thresholds; union over L tables without intersecting sphere-layer masks or exact norm-table filter,0.2507318718929466,0.998730964467005,0.4008340408303555,0.9984880199011223,0.0499576669992075,0.0013692876003407,784.7,197.0,3.983248730964468,31.44375,50.32802359873031,1.227906300000825,91.17533600000002,3.983248730964468,0.9500423330007925,True,0.49737382342478553,0.00038216560509529707,0.4276470911692657
amazon,4,60,query_adaptive_R25,25.0,0.14,7.007801055908203,0.95,round(norm/delta),layer-wise cosine theorem,disabled: no norm-table or radial-layer candidate filter,"per-query, per-layer Eq. I_threshold with Binomial(K, theta/pi)",distance-table hash-bucket lookup with per-layer thresholds; union over L tables without intersecting sphere-layer masks or exact norm-table filter,0.2325386054753134,0.8694162436548224,0.3667684860339165,0.8348282162434316,0.1225042637909331,0.1536702544088746,731.725,197.0,3.7143401015228426,30.25,50.32802359873031,1.3390792250035588,91.17533600000002,3.7143401015228426,0.877495736209067,False,0.4518667499349194,0.06786624203821656,0.39316014401414207
amazon,4,70,query_adaptive_R25,25.0,0.14,7.007801055908203,0.95,round(norm/delta),layer-wise cosine theorem,disabled: no norm-table or radial-layer candidate filter,"per-query, per-layer Eq. I_threshold with Binomial(K, theta/pi)",distance-table hash-bucket lookup with per-layer thresholds; union over L tables without intersecting sphere-layer masks or exact norm-table filter,0.2252391451343847,0.6465736040609137,0.3332164583503161,0.6090618614950744,0.3621201714108261,0.3778665981756964,547.05,197.0,2.7769035532994923,30.85,50.32802359873031,1.3820501000040508,91.17533600000002,2.7769035532994923,0.6378798285891739,False,0.4342772265278204,0.30312101910828027,0.36943228171102266
amazon,4,80,query_adaptive_R25,25.0,0.14,7.007801055908203,0.95,round(norm/delta),layer-wise cosine theorem,disabled: no norm-table or radial-layer candidate filter,"per-query, per-layer Eq. I_threshold with Binomial(K, theta/pi)",distance-table hash-bucket lookup with per-layer thresholds; union over L tables without intersecting sphere-layer masks or exact norm-table filter,0.2544919556063562,0.383502538071066,0.2987482244604093,0.4102103498119271,0.5790061314963404,0.5837118891908224,262.3,197.0,1.331472081218274,30.58125,50.32802359873031,1.4502082749970668,91.17533600000002,1.331472081218274,0.4209938685036596,False,0.4063776360630912,0.665859872611465,0.3650832377718198
amazon,4,90,query_adaptive_R25,25.0,0.14,7.007801055908203,0.95,round(norm/delta),layer-wise cosine theorem,disabled: no norm-table or radial-layer candidate filter,"per-query, per-layer Eq. I_threshold with Binomial(K, theta/pi)",distance-table hash-bucket lookup with per-layer thresholds; union over L tables without intersecting sphere-layer masks or exact norm-table filter,0.2998862279759035,0.224492385786802,0.2289555399681297,0.3115109774354316,0.6855479038612928,0.6868341798046881,104.7,197.0,0.531472081218274,30.4125,50.32802359873031,1.507781199990177,91.17533600000002,0.531472081218274,0.31445209613870717,False,0.38281096883162646,0.8666242038216561,0.3491386521550114
amazon,4,100,query_adaptive_R25,25.0,0.14,7.007801055908203,0.95,round(norm/delta),layer-wise cosine theorem,disabled: no norm-table or radial-layer candidate filter,"per-query, per-layer Eq. I_threshold with Binomial(K, theta/pi)",distance-table hash-bucket lookup with per-layer thresholds; union over L tables without intersecting sphere-layer masks or exact norm-table filter,0.3366536018631015,0.1131979695431472,0.1373166925820653,0.2385083192020443,0.7611968358271665,0.7614526797708606,29.75,197.0,0.1510152284263959,28.16875,50.32802359873031,1.5483822749956744,91.17533600000002,0.1510152284263959,0.23880316417283354,False,0.3661914897273634,0.9621019108280255,0.31748869788869966
amazon,5,10,query_adaptive_R25,25.0,0.14,7.007801055908203,0.95,round(norm/delta),layer-wise cosine theorem,disabled: no norm-table or radial-layer candidate filter,"per-query, per-layer Eq. I_threshold with Binomial(K, theta/pi)",distance-table hash-bucket lookup with per-layer thresholds; union over L tables without intersecting sphere-layer masks or exact norm-table filter,0.2284904864639768,0.5467005076142131,0.3219802320506971,0.5191439109360753,0.4534770091339942,0.4679107611973796,470.625,197.0,2.3889593908629445,2.64375,50.32802359873031,0.7941948500004514,91.17533600000002,2.3889593908629445,0.5465229908660059,False,0.6749075064512784,0.4004777070063693,0.37297283573010015
amazon,5,20,query_adaptive_R25,25.0,0.14,7.007801055908203,0.95,round(norm/delta),layer-wise cosine theorem,disabled: no norm-table or radial-layer candidate filter,"per-query, per-layer Eq. I_threshold with Binomial(K, theta/pi)",distance-table hash-bucket lookup with per-layer thresholds; union over L tables without intersecting sphere-layer masks or exact norm-table filter,0.2235370743992689,0.5459390862944162,0.3152763103759375,0.5317090052721699,0.4445207297607013,0.456869996848774,458.4,197.0,2.326903553299492,6.93125,50.32802359873031,0.98345729999636,91.17533600000002,2.326903553299492,0.5554792702392988,False,0.5974355840329005,0.4160509554140128,0.36769821700402555
amazon,5,30,query_adaptive_R25,25.0,0.14,7.007801055908203,0.95,round(norm/delta),layer-wise cosine theorem,disabled: no norm-table or radial-layer candidate filter,"per-query, per-layer Eq. I_threshold with Binomial(K, theta/pi)",distance-table hash-bucket lookup with per-layer thresholds; union over L tables without intersecting sphere-layer masks or exact norm-table filter,0.2241674336763596,0.7309644670050761,0.3426017765080332,0.6818368927476888,0.2817400691723907,0.3039790243821921,631.45,197.0,3.205329949238579,12.825,50.32802359873031,1.0706875499991495,91.17533600000002,3.205329949238579,0.7182599308276093,False,0.5617291078623876,0.19560509554140115,0.3795725933222463
amazon,5,40,query_adaptive_R25,25.0,0.14,7.007801055908203,0.95,round(norm/delta),layer-wise cosine theorem,disabled: no norm-table or radial-layer candidate filter,"per-query, per-layer Eq. I_threshold with Binomial(K, theta/pi)",distance-table hash-bucket lookup with per-layer thresholds; union over L tables without intersecting sphere-layer masks or exact norm-table filter,0.2379574089932494,0.915482233502538,0.3776625283440301,0.8851035237594612,0.0741729764855353,0.106533741088142,755.975,197.0,3.837436548223351,20.23125,50.32802359873031,1.1710749999991776,91.17533600000002,3.837436548223351,0.9258270235144647,True,0.5206369168950347,0.03697452229299347,0.40634570805793124
amazon,5,50,query_adaptive_R25,25.0,0.14,7.007801055908203,0.95,round(norm/delta),layer-wise cosine theorem,disabled: no norm-table or radial-layer candidate filter,"per-query, per-layer Eq. I_threshold with Binomial(K, theta/pi)",distance-table hash-bucket lookup with per-layer thresholds; union over L tables without intersecting sphere-layer masks or exact norm-table filter,0.2508119186472705,0.999238578680203,0.4009772847525673,0.9990314155678348,0.0505218273527899,0.0008571789102771,784.85,197.0,3.984010152284264,31.44375,50.32802359873031,1.249764500001049,91.17533600000002,3.984010152284264,0.9494781726472101,True,0.48842647663381167,0.00019108280254775956,0.42734273131332956
amazon,5,60,query_adaptive_R25,25.0,0.14,7.007801055908203,0.95,round(norm/delta),layer-wise cosine theorem,disabled: no norm-table or radial-layer candidate filter,"per-query, per-layer Eq. I_threshold with Binomial(K, theta/pi)",distance-table hash-bucket lookup with per-layer thresholds; union over L tables without intersecting sphere-layer masks or exact norm-table filter,0.2322595221385105,0.8779187817258883,0.3671834636921429,0.8395465758042453,0.1195426550117394,0.148292579611752,739.95,197.0,3.756091370558375,30.00625,50.32802359873031,1.324667575001115,91.17533600000002,3.756091370558375,0.8804573449882606,False,0.4577659562007913,0.057388535031847265,0.393659427236872
amazon,5,70,query_adaptive_R25,25.0,0.14,7.007801055908203,0.95,round(norm/delta),layer-wise cosine theorem,disabled: no norm-table or radial-layer candidate filter,"per-query, per-layer Eq. I_threshold with Binomial(K, theta/pi)",distance-table hash-bucket lookup with per-layer thresholds; union over L tables without intersecting sphere-layer masks or exact norm-table filter,0.2210490261266779,0.65,0.3289946209810039,0.6084611345656137,0.3623391979925682,0.3779034103082717,558.975,197.0,2.83743654822335,30.3875,50.32802359873031,1.3904228249984385,91.17533600000002,2.83743654822335,0.6376608020074318,False,0.43084996929211605,0.2879299363057325,0.36514236278548656
amazon,5,80,query_adaptive_R25,25.0,0.14,7.007801055908203,0.95,round(norm/delta),layer-wise cosine theorem,disabled: no norm-table or radial-layer candidate filter,"per-query, per-layer Eq. I_threshold with Binomial(K, theta/pi)",distance-table hash-bucket lookup with per-layer thresholds; union over L tables without intersecting sphere-layer masks or exact norm-table filter,0.2478805833125509,0.3800761421319796,0.2929653829533248,0.4147663009307198,0.5745747604904377,0.579433613039965,262.475,197.0,1.3323604060913703,30.0625,50.32802359873031,1.435407350001583,91.17533600000002,1.3323604060913703,0.42542523950956235,False,0.4124361865732169,0.6656369426751594,0.36099060901813207
amazon,5,90,query_adaptive_R25,25.0,0.14,7.007801055908203,0.95,round(norm/delta),layer-wise cosine theorem,disabled: no norm-table or radial-layer candidate filter,"per-query, per-layer Eq. I_threshold with Binomial(K, theta/pi)",distance-table hash-bucket lookup with per-layer thresholds; union over L tables without intersecting sphere-layer masks or exact norm-table filter,0.302800462344338,0.2228426395939086,0.2270109297857475,0.314765183379284,0.6825649731976154,0.6837602085468459,99.325,197.0,0.5041878172588833,29.71875,50.32802359873031,1.4913406250016692,91.17533600000002,0.5041878172588833,0.31743502680238456,False,0.38954068700895494,0.8734713375796178,0.3502202039172682
amazon,5,100,query_adaptive_R25,25.0,0.14,7.007801055908203,0.95,round(norm/delta),layer-wise cosine theorem,disabled: no norm-table or radial-layer candidate filter,"per-query, per-layer Eq. I_threshold with Binomial(K, theta/pi)",distance-table hash-bucket lookup with per-layer thresholds; union over L tables without intersecting sphere-layer masks or exact norm-table filter,0.3736687726937893,0.1114213197969543,0.1372005360367618,0.248752616596325,0.7509974380017795,0.7512187066766494,28.675,197.0,0.1455583756345177,27.3625,50.32802359873031,1.494229175004591,91.17533600000002,0.1455583756345177,0.24900256199822046,False,0.3883582996852528,0.9634713375796179,0.32766026036691015
amazon,6,10,query_adaptive_R25,25.0,0.14,7.007801055908203,0.95,round(norm/delta),layer-wise cosine theorem,disabled: no norm-table or radial-layer candidate filter,"per-query, per-layer Eq. I_threshold with Binomial(K, theta/pi)",distance-table hash-bucket lookup with per-layer thresholds; union over L tables without intersecting sphere-layer masks or exact norm-table filter,0.2148001414442496,0.4818527918781726,0.2925319756368471,0.4653266978189846,0.5185587080922873,0.5253957125599727,392.525,197.0,1.9925126903553296,2.2375,50.32802359873031,0.7850676499970177,91.17533600000002,1.9925126903553296,0.4814412919077127,False,0.6786435974221937,0.4999681528662421,0.3613841880106394
amazon,6,20,query_adaptive_R25,25.0,0.14,7.007801055908203,0.95,round(norm/delta),layer-wise cosine theorem,disabled: no norm-table or radial-layer candidate filter,"per-query, per-layer Eq. I_threshold with Binomial(K, theta/pi)",distance-table hash-bucket lookup with per-layer thresholds; union over L tables without intersecting sphere-layer masks or exact norm-table filter,0.2277373656218279,0.5667512690355331,0.3237836989291561,0.5357694830488269,0.4382471894422192,0.452280866469675,474.75,197.0,2.4098984771573604,6.775,50.32802359873031,0.9873052499997924,91.17533600000002,2.4098984771573604,0.5617528105577808,False,0.5958604798104721,0.3952229299363057,0.37268535331873764
amazon,6,30,query_adaptive_R25,25.0,0.14,7.007801055908203,0.95,round(norm/delta),layer-wise cosine theorem,disabled: no norm-table or radial-layer candidate filter,"per-query, per-layer Eq. I_threshold with Binomial(K, theta/pi)",distance-table hash-bucket lookup with per-layer thresholds; union over L tables without intersecting sphere-layer masks or exact norm-table filter,0.2271126856665333,0.7560913705583756,0.348971452921354,0.7076731118013218,0.2540574013754789,0.2780693701714876,647.2,197.0,3.2852791878172587,12.56875,50.32802359873031,1.074869850003779,91.17533600000002,3.2852791878172587,0.7459425986245212,False,0.5600171421687381,0.1755414012738854,0.3844685213503021
amazon,6,40,query_adaptive_R25,25.0,0.14,7.007801055908203,0.95,round(norm/delta),layer-wise cosine theorem,disabled: no norm-table or radial-layer candidate filter,"per-query, per-layer Eq. I_threshold with Binomial(K, theta/pi)",distance-table hash-bucket lookup with per-layer thresholds; union over L tables without intersecting sphere-layer masks or exact norm-table filter,0.2396128439831291,0.927030456852792,0.3807266229132384,0.8980905537633254,0.0719194735293532,0.0937066143107075,760.225,197.0,3.859010152284264,20.06875,50.32802359873031,1.1837771750009551,91.17533600000002,3.859010152284264,0.9280805264706468,True,0.5154374601813356,0.03156050955414014,0.40906956982816195
amazon,6,50,query_adaptive_R25,25.0,0.14,7.007801055908203,0.95,round(norm/delta),layer-wise cosine theorem,disabled: no norm-table or radial-layer candidate filter,"per-query, per-layer Eq. I_threshold with Binomial(K, theta/pi)",distance-table hash-bucket lookup with per-layer thresholds; union over L tables without intersecting sphere-layer masks or exact norm-table filter,0.250835803997589,0.9993654822335024,0.4010180283306528,0.9991637597334442,0.0506541740607415,0.0007380747896136,784.875,197.0,3.984137055837564,31.44375,50.32802359873031,1.2609333249969268,91.17533600000002,3.984137055837564,0.9493458259392585,True,0.48385467518242087,0.00015923566878972562,0.4271549764712657
amazon,6,60,query_adaptive_R25,25.0,0.14,7.007801055908203,0.95,round(norm/delta),layer-wise cosine theorem,disabled: no norm-table or radial-layer candidate filter,"per-query, per-layer Eq. I_threshold with Binomial(K, theta/pi)",distance-table hash-bucket lookup with per-layer thresholds; union over L tables without intersecting sphere-layer masks or exact norm-table filter,0.2335024832766493,0.8893401015228427,0.3697425516640908,0.8528822807041493,0.1082046489916531,0.1350485869875049,746.025,197.0,3.786928934010152,29.8,50.32802359873031,1.3359550750024596,91.17533600000002,3.786928934010152,0.891795351008347,False,0.4531455768047701,0.04964968152866256,0.3957582652757005
amazon,6,70,query_adaptive_R25,25.0,0.14,7.007801055908203,0.95,round(norm/delta),layer-wise cosine theorem,disabled: no norm-table or radial-layer candidate filter,"per-query, per-layer Eq. I_threshold with Binomial(K, theta/pi)",distance-table hash-bucket lookup with per-layer thresholds; union over L tables without intersecting sphere-layer masks or exact norm-table filter,0.2222818902462611,0.6571065989847715,0.3313500249543598,0.6212744466763901,0.3485409867317647,0.3650003615275891,564.575,197.0,2.865862944162436,30.1125,50.32802359873031,1.377949925000621,91.17533600000002,2.865862944162436,0.6514590132682353,False,0.43595557550710473,0.2807961783439492,0.3668815066194931
amazon,6,80,query_adaptive_R25,25.0,0.14,7.007801055908203,0.95,round(norm/delta),layer-wise cosine theorem,disabled: no norm-table or radial-layer candidate filter,"per-query, per-layer Eq. I_threshold with Binomial(K, theta/pi)",distance-table hash-bucket lookup with per-layer thresholds; union over L tables without intersecting sphere-layer masks or exact norm-table filter,0.2518610441606635,0.3848984771573604,0.2963731198945848,0.4172452930223744,0.5721819349608785,0.5770397530434159,264.45,197.0,1.3423857868020304,29.6625,50.32802359873031,1.436091724997368,91.17533600000002,1.3423857868020304,0.42781806503912145,False,0.41215604729265876,0.6631210191082804,0.36375150366561765
amazon,6,90,query_adaptive_R25,25.0,0.14,7.007801055908203,0.95,round(norm/delta),layer-wise cosine theorem,disabled: no norm-table or radial-layer candidate filter,"per-query, per-layer Eq. I_threshold with Binomial(K, theta/pi)",distance-table hash-bucket lookup with per-layer thresholds; union over L tables without intersecting sphere-layer masks or exact norm-table filter,0.3161638954397742,0.2178934010152284,0.22691329201252,0.3129498475871196,0.6844444057238347,0.685561615133083,92.65,197.0,0.4703045685279187,29.2,50.32802359873031,1.4825478249974822,91.17533600000002,0.4703045685279187,0.3155555942761653,False,0.39313989604265087,0.8819745222929937,0.3539924794134528
amazon,6,100,query_adaptive_R25,25.0,0.14,7.007801055908203,0.95,round(norm/delta),layer-wise cosine theorem,disabled: no norm-table or radial-layer candidate filter,"per-query, per-layer Eq. I_threshold with Binomial(K, theta/pi)",distance-table hash-bucket lookup with per-layer thresholds; union over L tables without intersecting sphere-layer masks or exact norm-table filter,0.351820225259855,0.1052030456852791,0.1305355093595666,0.2450630209123282,0.7547633010476358,0.7549474771128015,25.725,197.0,0.1305837563451776,26.66875,50.32802359873031,1.5045593250050615,91.17533600000002,0.1305837563451776,0.24523669895236422,False,0.3841297980494347,0.9672292993630573,0.31897397853479825
amazon,7,10,query_adaptive_R25,25.0,0.14,7.007801055908203,0.95,round(norm/delta),layer-wise cosine theorem,disabled: no norm-table or radial-layer candidate filter,"per-query, per-layer Eq. I_threshold with Binomial(K, theta/pi)",distance-table hash-bucket lookup with per-layer thresholds; union over L tables without intersecting sphere-layer masks or exact norm-table filter,0.2141279138405152,0.4107868020304568,0.2748686767668732,0.4156590915619935,0.5686604928411111,0.575318680718085,343.075,197.0,1.7414974619289338,2.06875,50.32802359873031,0.7904093499973897,91.17533600000002,1.7414974619289338,0.4313395071588889,False,0.6764570476442531,0.5629617834394904,0.350160495632762
amazon,7,20,query_adaptive_R25,25.0,0.14,7.007801055908203,0.95,round(norm/delta),layer-wise cosine theorem,disabled: no norm-table or radial-layer candidate filter,"per-query, per-layer Eq. I_threshold with Binomial(K, theta/pi)",distance-table hash-bucket lookup with per-layer thresholds; union over L tables without intersecting sphere-layer masks or exact norm-table filter,0.2349590723403993,0.6007614213197969,0.3369102856438156,0.5625125347810407,0.4088798284914673,0.4251353949141375,498.025,197.0,2.528045685279188,6.61875,50.32802359873031,0.9913198249975608,91.17533600000002,2.528045685279188,0.5911201715085327,False,0.5942171699897623,0.36557324840764327,0.3813574980850293
amazon,7,30,query_adaptive_R25,25.0,0.14,7.007801055908203,0.95,round(norm/delta),layer-wise cosine theorem,disabled: no norm-table or radial-layer candidate filter,"per-query, per-layer Eq. I_threshold with Binomial(K, theta/pi)",distance-table hash-bucket lookup with per-layer thresholds; union over L tables without intersecting sphere-layer masks or exact norm-table filter,0.228934602022308,0.7833756345177665,0.354002840424619,0.7327480446339343,0.2276406244168705,0.253747293216174,666.2,197.0,3.381725888324873,12.4,50.32802359873031,1.0922563499988769,91.17533600000002,3.381725888324873,0.7723593755831295,False,0.5529002228919536,0.15133757961783445,0.38815541964501976
amazon,7,40,query_adaptive_R25,25.0,0.14,7.007801055908203,0.95,round(norm/delta),layer-wise cosine theorem,disabled: no norm-table or radial-layer candidate filter,"per-query, per-layer Eq. I_threshold with Binomial(K, theta/pi)",distance-table hash-bucket lookup with per-layer thresholds; union over L tables without intersecting sphere-layer masks or exact norm-table filter,0.2415194766668419,0.9407360406091372,0.3843169983893375,0.9146160200536572,0.0550478695315765,0.0785779821348836,766.075,197.0,3.888705583756345,19.91875,50.32802359873031,1.1794645999941622,91.17533600000002,3.888705583756345,0.9449521304684235,True,0.5172027521151392,0.02410828025477718,0.41251440636877956
amazon,7,50,query_adaptive_R25,25.0,0.14,7.007801055908203,0.95,round(norm/delta),layer-wise cosine theorem,disabled: no norm-table or radial-layer candidate filter,"per-query, per-layer Eq. I_threshold with Binomial(K, theta/pi)",distance-table hash-bucket lookup with per-layer thresholds; union over L tables without intersecting sphere-layer masks or exact norm-table filter,0.2509076433121019,0.999746192893401,0.4011405087701886,0.9996686393883925,0.0511590566874795,0.0002895457186092,784.95,197.0,3.9845177664974623,31.44375,50.32802359873031,1.2773489749989153,91.17533600000002,3.9845177664974623,0.9488409433125204,True,0.4771351596978184,6.369426751584584e-05,0.42694163960129
amazon,7,60,query_adaptive_R25,25.0,0.14,7.007801055908203,0.95,round(norm/delta),layer-wise cosine theorem,disabled: no norm-table or radial-layer candidate filter,"per-query, per-layer Eq. I_threshold with Binomial(K, theta/pi)",distance-table hash-bucket lookup with per-layer thresholds; union over L tables without intersecting sphere-layer masks or exact norm-table filter,0.2359649930802331,0.9052030456852792,0.3742315290625476,0.8720271268502557,0.0906921846542288,0.1174122488878641,752.45,197.0,3.8195431472081225,29.59375,50.32802359873031,1.3631208749956158,91.17533600000002,3.8195431472081225,0.9093078153457712,True,0.4420256385943724,0.041464968152866044,0.3993339197316543
amazon,7,70,query_adaptive_R25,25.0,0.14,7.007801055908203,0.95,round(norm/delta),layer-wise cosine theorem,disabled: no norm-table or radial-layer candidate filter,"per-query, per-layer Eq. I_threshold with Binomial(K, theta/pi)",distance-table hash-bucket lookup with per-layer thresholds; union over L tables without intersecting sphere-layer masks or exact norm-table filter,0.2243938807600312,0.6814720812182742,0.3368510684464452,0.6469650925690654,0.3219458492766781,0.3399238610207952,581.4,197.0,2.951269035532995,29.9125,50.32802359873031,1.386159399994824,91.17533600000002,2.951269035532995,0.678054150723322,False,0.43259514236328644,0.2593630573248408,0.37082497610680887
amazon,7,80,query_adaptive_R25,25.0,0.14,7.007801055908203,0.95,round(norm/delta),layer-wise cosine theorem,disabled: no norm-table or radial-layer candidate filter,"per-query, per-layer Eq. I_threshold with Binomial(K, theta/pi)",distance-table hash-bucket lookup with per-layer thresholds; union over L tables without intersecting sphere-layer masks or exact norm-table filter,0.2483742128950997,0.3846446700507614,0.2941412142018368,0.4271623642183896,0.5620134430619143,0.5669062407667251,264.1,197.0,1.3406091370558375,29.3625,50.32802359873031,1.4343156250006928,91.17533600000002,1.3406091370558375,0.43798655693808575,False,0.41288306885003934,0.6635668789808917,0.3621510974942058
amazon,7,90,query_adaptive_R25,25.0,0.14,7.007801055908203,0.95,round(norm/delta),layer-wise cosine theorem,disabled: no norm-table or radial-layer candidate filter,"per-query, per-layer Eq. I_threshold with Binomial(K, theta/pi)",distance-table hash-bucket lookup with per-layer thresholds; union over L tables without intersecting sphere-layer masks or exact norm-table filter,0.3128945122498602,0.2194162436548223,0.2266837593451573,0.3164465801417705,0.681052882470174,0.6822845545944745,92.375,197.0,0.4689086294416243,28.85,50.32802359873031,1.4798616000064158,91.17533600000002,0.4689086294416243,0.31894711752982596,False,0.39423946446792857,0.8823248407643313,0.35350689190228063
amazon,7,100,query_adaptive_R25,25.0,0.14,7.007801055908203,0.95,round(norm/delta),layer-wise cosine theorem,disabled: no norm-table or radial-layer candidate filter,"per-query, per-layer Eq. I_threshold with Binomial(K, theta/pi)",distance-table hash-bucket lookup with per-layer thresholds; union over L tables without intersecting sphere-layer masks or exact norm-table filter,0.3032419311013588,0.1001269035532994,0.1246993167323932,0.2421433676908751,0.7577056729940772,0.7578713091180671,24.0,197.0,0.1218274111675127,26.09375,50.32802359873031,1.5175197249959638,91.17533600000002,0.1218274111675127,0.2422943270059228,False,0.3788246405677048,0.9694267515923567,0.30383586910957594
amazon,8,10,query_adaptive_R25,25.0,0.14,7.007801055908203,0.95,round(norm/delta),layer-wise cosine theorem,disabled: no norm-table or radial-layer candidate filter,"per-query, per-layer Eq. I_threshold with Binomial(K, theta/pi)",distance-table hash-bucket lookup with per-layer thresholds; union over L tables without intersecting sphere-layer masks or exact norm-table filter,0.2290353640200244,0.3988578680203045,0.2868549151124909,0.415091749472405,0.5676690889074212,0.5751145091465222,329.525,197.0,1.6727157360406089,2.0,50.32802359873031,0.8100459749940114,91.17533600000002,1.6727157360406089,0.4323309110925788,False,0.6684190713402902,0.5802229299363058,0.3578840279558992
amazon,8,20,query_adaptive_R25,25.0,0.14,7.007801055908203,0.95,round(norm/delta),layer-wise cosine theorem,disabled: no norm-table or radial-layer candidate filter,"per-query, per-layer Eq. I_threshold with Binomial(K, theta/pi)",distance-table hash-bucket lookup with per-layer thresholds; union over L tables without intersecting sphere-layer masks or exact norm-table filter,0.2363375987420005,0.6162436548223351,0.3406674816746396,0.5754236375639508,0.3964074508266154,0.4125247686103859,505.1,197.0,2.5639593908629443,6.44375,50.32802359873031,1.0094155999922805,91.17533600000002,2.5639593908629443,0.6035925491733847,False,0.5868099189660032,0.3565605095541401,0.3843913216175122
amazon,8,30,query_adaptive_R25,25.0,0.14,7.007801055908203,0.95,round(norm/delta),layer-wise cosine theorem,disabled: no norm-table or radial-layer candidate filter,"per-query, per-layer Eq. I_threshold with Binomial(K, theta/pi)",distance-table hash-bucket lookup with per-layer thresholds; union over L tables without intersecting sphere-layer masks or exact norm-table filter,0.2280043882747822,0.7871827411167512,0.3531724762233997,0.7371311708946356,0.2239761680182911,0.2494627179533501,670.125,197.0,3.4016497461928936,12.275,50.32802359873031,1.115980174998299,91.17533600000002,3.4016497461928936,0.7760238319817089,False,0.5431892087427543,0.14633757961783433,0.3871581093500486
amazon,8,40,query_adaptive_R25,25.0,0.14,7.007801055908203,0.95,round(norm/delta),layer-wise cosine theorem,disabled: no norm-table or radial-layer candidate filter,"per-query, per-layer Eq. I_threshold with Binomial(K, theta/pi)",distance-table hash-bucket lookup with per-layer thresholds; union over L tables without intersecting sphere-layer masks or exact norm-table filter,0.2423761933507831,0.9475888324873096,0.3859841882577764,0.9198213901404404,0.0517594518017081,0.0735538602922503,769.225,197.0,3.9046954314720814,19.83125,50.32802359873031,1.2075157500007094,91.17533600000002,3.9046954314720814,0.9482405481982918,True,0.5057204083269209,0.020095541401273898,0.41350663235191654
amazon,8,50,query_adaptive_R25,25.0,0.14,7.007801055908203,0.95,round(norm/delta),layer-wise cosine theorem,disabled: no norm-table or radial-layer candidate filter,"per-query, per-layer Eq. I_threshold with Binomial(K, theta/pi)",distance-table hash-bucket lookup with per-layer thresholds; union over L tables without intersecting sphere-layer masks or exact norm-table filter,0.2509554140127388,1.0,0.4012219959263595,0.9999999978489328,0.0514904131825464,0.0,785.0,197.0,3.984771573604061,31.44375,50.32802359873031,1.3127009750036225,91.17533600000002,3.984771573604061,0.9485095868174536,True,0.46266431563044863,0.0,0.426299767858933
amazon,8,60,query_adaptive_R25,25.0,0.14,7.007801055908203,0.95,round(norm/delta),layer-wise cosine theorem,disabled: no norm-table or radial-layer candidate filter,"per-query, per-layer Eq. I_threshold with Binomial(K, theta/pi)",distance-table hash-bucket lookup with per-layer thresholds; union over L tables without intersecting sphere-layer masks or exact norm-table filter,0.236366617290799,0.9114213197969544,0.3752825542828087,0.8795738084630906,0.0851475224034154,0.1102662491794072,756.65,197.0,3.840862944162437,29.49375,50.32802359873031,1.3812281999989295,91.17533600000002,3.840862944162437,0.9148524775965846,True,0.4346136597370164,0.036114649681528554,0.3998726927201538
amazon,8,70,query_adaptive_R25,25.0,0.14,7.007801055908203,0.95,round(norm/delta),layer-wise cosine theorem,disabled: no norm-table or radial-layer candidate filter,"per-query, per-layer Eq. I_threshold with Binomial(K, theta/pi)",distance-table hash-bucket lookup with per-layer thresholds; union over L tables without intersecting sphere-layer masks or exact norm-table filter,0.2218126348586577,0.6869289340101522,0.3345879458615345,0.6468640594787534,0.3216164417578301,0.3395276167865058,591.825,197.0,3.004187817258883,29.73125,50.32802359873031,1.4082688249970945,91.17533600000002,3.004187817258883,0.6783835582421699,False,0.42354496015055554,0.2460828025477707,0.3680343949579254
amazon,8,80,query_adaptive_R25,25.0,0.14,7.007801055908203,0.95,round(norm/delta),layer-wise cosine theorem,disabled: no norm-table or radial-layer candidate filter,"per-query, per-layer Eq. I_threshold with Binomial(K, theta/pi)",distance-table hash-bucket lookup with per-layer thresholds; union over L tables without intersecting sphere-layer masks or exact norm-table filter,0.2452565351908266,0.3888324873096446,0.2932677448347201,0.4307989876259748,0.5582828305893306,0.5632668972204911,268.625,197.0,1.3635786802030456,29.1875,50.32802359873031,1.456954124995491,91.17533600000002,1.3635786802030456,0.4417171694106694,False,0.4036163172291902,0.6578025477707007,0.3605755399788523
amazon,8,90,query_adaptive_R25,25.0,0.14,7.007801055908203,0.95,round(norm/delta),layer-wise cosine theorem,disabled: no norm-table or radial-layer candidate filter,"per-query, per-layer Eq. I_threshold with Binomial(K, theta/pi)",distance-table hash-bucket lookup with per-layer thresholds; union over L tables without intersecting sphere-layer masks or exact norm-table filter,0.3140546302677919,0.2140862944162436,0.2227752442321933,0.3175792245154327,0.6801620626991267,0.6813183666934807,89.5,197.0,0.4543147208121827,28.55,50.32802359873031,1.5047562749956,91.17533600000002,0.4543147208121827,0.3198379373008733,False,0.3840491793404005,0.8859872611464968,0.3514028000704589
amazon,8,100,query_adaptive_R25,25.0,0.14,7.007801055908203,0.95,round(norm/delta),layer-wise cosine theorem,disabled: no norm-table or radial-layer candidate filter,"per-query, per-layer Eq. I_threshold with Binomial(K, theta/pi)",distance-table hash-bucket lookup with per-layer thresholds; union over L tables without intersecting sphere-layer masks or exact norm-table filter,0.3353703279853693,0.0973350253807106,0.12227825525401,0.2387289282246245,0.7611297660461429,0.7612976082944171,22.925,197.0,0.1163705583756345,25.725,50.32802359873031,1.522517650001021,91.17533600000002,0.1163705583756345,0.2388702339538571,False,0.376778810249789,0.970796178343949,0.31056534367546973
amazon,9,10,query_adaptive_R25,25.0,0.14,7.007801055908203,0.95,round(norm/delta),layer-wise cosine theorem,disabled: no norm-table or radial-layer candidate filter,"per-query, per-layer Eq. I_threshold with Binomial(K, theta/pi)",distance-table hash-bucket lookup with per-layer thresholds; union over L tables without intersecting sphere-layer masks or exact norm-table filter,0.2380131861602699,0.4102791878172588,0.29986486291377,0.4253823225625336,0.5557739498839342,0.563799338827946,337.625,197.0,1.7138324873096449,1.9625,50.32802359873031,0.8203552000011882,91.17533600000002,1.7138324873096449,0.44422605011606575,False,0.6641991350562209,0.5699044585987261,0.36520746166595863
amazon,9,20,query_adaptive_R25,25.0,0.14,7.007801055908203,0.95,round(norm/delta),layer-wise cosine theorem,disabled: no norm-table or radial-layer candidate filter,"per-query, per-layer Eq. I_threshold with Binomial(K, theta/pi)",distance-table hash-bucket lookup with per-layer thresholds; union over L tables without intersecting sphere-layer masks or exact norm-table filter,0.2350407280661875,0.6137055837563452,0.338691676382697,0.5837961943405194,0.3901325999039643,0.4046297218013118,498.2,197.0,2.5289340101522844,6.33125,50.32802359873031,1.1068802500076913,91.17533600000002,2.5289340101522844,0.6098674000960357,False,0.546914135070722,0.3653503184713376,0.3821916400259966
amazon,9,30,query_adaptive_R25,25.0,0.14,7.007801055908203,0.95,round(norm/delta),layer-wise cosine theorem,disabled: no norm-table or radial-layer candidate filter,"per-query, per-layer Eq. I_threshold with Binomial(K, theta/pi)",distance-table hash-bucket lookup with per-layer thresholds; union over L tables without intersecting sphere-layer masks or exact norm-table filter,0.2286355909707232,0.7982233502538071,0.355024695641527,0.7515694793446466,0.2095250326677644,0.2347313332511037,678.525,197.0,3.4442893401015224,12.23125,50.32802359873031,1.126034324997249,91.17533600000002,3.4442893401015224,0.7904749673322355,False,0.5390736838263315,0.13563694267515936,0.3883614368605671
amazon,9,40,query_adaptive_R25,25.0,0.14,7.007801055908203,0.95,round(norm/delta),layer-wise cosine theorem,disabled: no norm-table or radial-layer candidate filter,"per-query, per-layer Eq. I_threshold with Binomial(K, theta/pi)",distance-table hash-bucket lookup with per-layer thresholds; union over L tables without intersecting sphere-layer masks or exact norm-table filter,0.24339601835406,0.9527918781725888,0.3877107791972875,0.9262615996868322,0.046952380672192,0.0672583209782056,770.4,197.0,3.910659898477157,19.775,50.32802359873031,1.2199030999937577,91.17533600000002,3.910659898477157,0.953047619327808,True,0.5006498208033447,0.018598726114649744,0.41492845289944813
amazon,9,50,query_adaptive_R25,25.0,0.14,7.007801055908203,0.95,round(norm/delta),layer-wise cosine theorem,disabled: no norm-table or radial-layer candidate filter,"per-query, per-layer Eq. I_threshold with Binomial(K, theta/pi)",distance-table hash-bucket lookup with per-layer thresholds; union over L tables without intersecting sphere-layer masks or exact norm-table filter,0.2509554140127388,1.0,0.4012219959263595,0.9999999978489328,0.0514904131825464,0.0,785.0,197.0,3.984771573604061,31.44375,50.32802359873031,1.3431312999969691,91.17533600000002,3.984771573604061,0.9485095868174536,True,0.4502080900183342,0.0,0.42567695657832727
amazon,9,60,query_adaptive_R25,25.0,0.14,7.007801055908203,0.95,round(norm/delta),layer-wise cosine theorem,disabled: no norm-table or radial-layer candidate filter,"per-query, per-layer Eq. I_threshold with Binomial(K, theta/pi)",distance-table hash-bucket lookup with per-layer thresholds; union over L tables without intersecting sphere-layer masks or exact norm-table filter,0.2366202468529281,0.9128172588832488,0.3757262221403483,0.8813256780652303,0.082914238234176,0.1084064258840983,757.125,197.0,3.843274111675127,29.39375,50.32802359873031,1.399972849995379,91.17533600000002,3.843274111675127,0.917085761765824,True,0.42694080085605,0.03550955414012735,0.3998961644028253
amazon,9,70,query_adaptive_R25,25.0,0.14,7.007801055908203,0.95,round(norm/delta),layer-wise cosine theorem,disabled: no norm-table or radial-layer candidate filter,"per-query, per-layer Eq. I_threshold with Binomial(K, theta/pi)",distance-table hash-bucket lookup with per-layer thresholds; union over L tables without intersecting sphere-layer masks or exact norm-table filter,0.2199078002742427,0.6939086294416243,0.3332119576760347,0.6505524915351696,0.317459334500234,0.3352824026832341,602.75,197.0,3.059644670050761,29.60625,50.32802359873031,1.4452405999989535,91.17533600000002,3.059644670050761,0.682540665499766,False,0.40841108396605275,0.23216560509554152,0.36562825610613153
amazon,9,80,query_adaptive_R25,25.0,0.14,7.007801055908203,0.95,round(norm/delta),layer-wise cosine theorem,disabled: no norm-table or radial-layer candidate filter,"per-query, per-layer Eq. I_threshold with Binomial(K, theta/pi)",distance-table hash-bucket lookup with per-layer thresholds; union over L tables without intersecting sphere-layer masks or exact norm-table filter,0.2491067655037217,0.3908629441624365,0.2959145387388475,0.4360631270996044,0.5525193359451336,0.5575033879478489,271.75,197.0,1.3794416243654823,28.95,50.32802359873031,1.5297823249952105,91.17533600000002,1.3794416243654823,0.4474806640548664,False,0.37380511769980473,0.6538216560509553,0.3607828730596479
amazon,9,90,query_adaptive_R25,25.0,0.14,7.007801055908203,0.95,round(norm/delta),layer-wise cosine theorem,disabled: no norm-table or radial-layer candidate filter,"per-query, per-layer Eq. I_threshold with Binomial(K, theta/pi)",distance-table hash-bucket lookup with per-layer thresholds; union over L tables without intersecting sphere-layer masks or exact norm-table filter,0.3101272715891517,0.2139593908629442,0.221533229223204,0.3211776755019485,0.6763569478175522,0.6775351643324984,91.8,197.0,0.4659898477157361,28.275,50.32802359873031,1.5489468750033095,91.17533600000002,0.4659898477157361,0.3236430521824478,False,0.36596037865387854,0.8830573248407643,0.3486169439568067
amazon,9,100,query_adaptive_R25,25.0,0.14,7.007801055908203,0.95,round(norm/delta),layer-wise cosine theorem,disabled: no norm-table or radial-layer candidate filter,"per-query, per-layer Eq. I_threshold with Binomial(K, theta/pi)",distance-table hash-bucket lookup with per-layer thresholds; union over L tables without intersecting sphere-layer masks or exact norm-table filter,0.3453849697860653,0.099238578680203,0.1235217579409511,0.2395887426728523,0.7602727326138794,0.7604402240833673,23.875,197.0,0.1211928934010152,25.3875,50.32802359873031,1.5601042249954844,91.17533600000002,0.1211928934010152,0.2397272673861206,False,0.3613932743338871,0.9695859872611465,0.31293413526775615
amazon,10,10,query_adaptive_R25,25.0,0.14,7.007801055908203,0.95,round(norm/delta),layer-wise cosine theorem,disabled: no norm-table or radial-layer candidate filter,"per-query, per-layer Eq. I_threshold with Binomial(K, theta/pi)",distance-table hash-bucket lookup with per-layer thresholds; union over L tables without intersecting sphere-layer masks or exact norm-table filter,0.2390271893049143,0.4324873096446701,0.3066756562235231,0.4398427695915442,0.5398156291967506,0.5490083080597362,356.2,197.0,1.808121827411168,1.9125,50.32802359873031,0.8599332750037547,91.17533600000002,1.808121827411168,0.46018437080324937,False,0.6479984066173052,0.5462420382165605,0.367926964996745
amazon,10,20,query_adaptive_R25,25.0,0.14,7.007801055908203,0.95,round(norm/delta),layer-wise cosine theorem,disabled: no norm-table or radial-layer candidate filter,"per-query, per-layer Eq. I_threshold with Binomial(K, theta/pi)",distance-table hash-bucket lookup with per-layer thresholds; union over L tables without intersecting sphere-layer masks or exact norm-table filter,0.2240466601151337,0.5897208121827411,0.3230909961557215,0.5583198390939479,0.4180560763780135,0.4300942655558247,489.525,197.0,2.484898477157361,6.175,50.32802359873031,1.056168824999304,91.17533600000002,2.484898477157361,0.5819439236219865,False,0.5676721437727127,0.37640127388535016,0.37188147439127234
amazon,10,30,query_adaptive_R25,25.0,0.14,7.007801055908203,0.95,round(norm/delta),layer-wise cosine theorem,disabled: no norm-table or radial-layer candidate filter,"per-query, per-layer Eq. I_threshold with Binomial(K, theta/pi)",distance-table hash-bucket lookup with per-layer thresholds; union over L tables without intersecting sphere-layer masks or exact norm-table filter,0.225561605866091,0.7838832487309644,0.3498428122270948,0.7329870491302266,0.2298319477628725,0.2529233747705529,673.725,197.0,3.419923857868021,12.1125,50.32802359873031,1.1504302749941075,91.17533600000002,3.419923857868021,0.7701680522371275,False,0.5290875447611334,0.14175159235668777,0.3833291515837586
amazon,10,40,query_adaptive_R25,25.0,0.14,7.007801055908203,0.95,round(norm/delta),layer-wise cosine theorem,disabled: no norm-table or radial-layer candidate filter,"per-query, per-layer Eq. I_threshold with Binomial(K, theta/pi)",distance-table hash-bucket lookup with per-layer thresholds; union over L tables without intersecting sphere-layer masks or exact norm-table filter,0.2435434374472979,0.9539340101522844,0.3879974832082596,0.9269393014508616,0.0436990280909979,0.0666492833272956,770.95,197.0,3.9134517766497465,19.65625,50.32802359873031,1.2692697749955073,91.17533600000002,3.9134517766497465,0.9563009719090021,True,0.480442266606136,0.01789808917197444,0.4141786072212752
amazon,10,50,query_adaptive_R25,25.0,0.14,7.007801055908203,0.95,round(norm/delta),layer-wise cosine theorem,disabled: no norm-table or radial-layer candidate filter,"per-query, per-layer Eq. I_threshold with Binomial(K, theta/pi)",distance-table hash-bucket lookup with per-layer thresholds; union over L tables without intersecting sphere-layer masks or exact norm-table filter,0.2509554140127388,1.0,0.4012219959263595,0.9999999978489328,0.0514904131825464,0.0,785.0,197.0,3.984771573604061,31.44375,50.32802359873031,1.3709000500014668,91.17533600000002,3.984771573604061,0.9485095868174536,True,0.4388413426997283,0.0,0.42510861921239695
amazon,10,60,query_adaptive_R25,25.0,0.14,7.007801055908203,0.95,round(norm/delta),layer-wise cosine theorem,disabled: no norm-table or radial-layer candidate filter,"per-query, per-layer Eq. I_threshold with Binomial(K, theta/pi)",distance-table hash-bucket lookup with per-layer thresholds; union over L tables without intersecting sphere-layer masks or exact norm-table filter,0.2372454998808822,0.9167512690355332,0.3768548774869063,0.8855489987776768,0.079588879727951,0.1045140991291525,758.625,197.0,3.850888324873096,29.325,50.32802359873031,1.4402021500004023,91.17533600000002,3.850888324873096,0.920411120272049,True,0.410473502620176,0.03359872611464987,0.4001243199459506
amazon,10,70,query_adaptive_R25,25.0,0.14,7.007801055908203,0.95,round(norm/delta),layer-wise cosine theorem,disabled: no norm-table or radial-layer candidate filter,"per-query, per-layer Eq. I_threshold with Binomial(K, theta/pi)",distance-table hash-bucket lookup with per-layer thresholds; union over L tables without intersecting sphere-layer masks or exact norm-table filter,0.2198241039642139,0.6916243654822335,0.3328153058409963,0.6404524997932478,0.3274794498945266,0.3451499119645641,602.125,197.0,3.056472081218274,29.45625,50.32802359873031,1.5034531000054585,91.17533600000002,3.056472081218274,0.6725205501054734,False,0.38458261569682517,0.23296178343949048,0.36393965443261367
amazon,10,80,query_adaptive_R25,25.0,0.14,7.007801055908203,0.95,round(norm/delta),layer-wise cosine theorem,disabled: no norm-table or radial-layer candidate filter,"per-query, per-layer Eq. I_threshold with Binomial(K, theta/pi)",distance-table hash-bucket lookup with per-layer thresholds; union over L tables without intersecting sphere-layer masks or exact norm-table filter,0.2470784753810002,0.4142131979695431,0.3038975551630723,0.4404525426403013,0.5472126953748988,0.5522419465479713,294.675,197.0,1.4958121827411166,28.83125,50.32802359873031,1.5646593749991666,91.17533600000002,1.4958121827411166,0.4527873046251012,False,0.35952868773629754,0.6246178343949045,0.3626455122922846
amazon,10,90,query_adaptive_R25,25.0,0.14,7.007801055908203,0.95,round(norm/delta),layer-wise cosine theorem,disabled: no norm-table or radial-layer candidate filter,"per-query, per-layer Eq. I_threshold with Binomial(K, theta/pi)",distance-table hash-bucket lookup with per-layer thresholds; union over L tables without intersecting sphere-layer masks or exact norm-table filter,0.3051777347588223,0.25,0.2505714348627222,0.3337766144225602,0.6626538004332848,0.6640426698359329,113.35,197.0,0.5753807106598984,28.10625,50.32802359873031,1.5706884749988603,91.17533600000002,0.5753807106598984,0.3373461995667152,False,0.3570607604351398,0.8556050955414013,0.36018823824462554
amazon,10,100,query_adaptive_R25,25.0,0.14,7.007801055908203,0.95,round(norm/delta),layer-wise cosine theorem,disabled: no norm-table or radial-layer candidate filter,"per-query, per-layer Eq. I_threshold with Binomial(K, theta/pi)",distance-table hash-bucket lookup with per-layer thresholds; union over L tables without intersecting sphere-layer masks or exact norm-table filter,0.4008900177367827,0.1039340101522842,0.1296101742214067,0.2362133020738628,0.7635726948589644,0.7637488510118263,26.3,197.0,0.133502538071066,25.0,50.32802359873031,1.6129155500010484,91.17533600000002,0.133502538071066,0.2364273051410356,False,0.33977570109772104,0.9664968152866242,0.3283361747900245
amazon,11,10,query_adaptive_R25,25.0,0.14,7.007801055908203,0.95,round(norm/delta),layer-wise cosine theorem,disabled: no norm-table or radial-layer candidate filter,"per-query, per-layer Eq. I_threshold with Binomial(K, theta/pi)",distance-table hash-bucket lookup with per-layer thresholds; union over L tables without intersecting sphere-layer masks or exact norm-table filter,0.2378948754878286,0.4560913705583756,0.3116753629983332,0.4611503134564828,0.5172694245207798,0.5274284089249834,377.45,197.0,1.915989847715736,1.85,50.32802359873031,0.8591073250030945,91.17533600000002,1.915989847715736,0.48273057547922016,False,0.6483364976352224,0.519171974522293,0.370070991093154
amazon,11,20,query_adaptive_R25,25.0,0.14,7.007801055908203,0.95,round(norm/delta),layer-wise cosine theorem,disabled: no norm-table or radial-layer candidate filter,"per-query, per-layer Eq. I_threshold with Binomial(K, theta/pi)",distance-table hash-bucket lookup with per-layer thresholds; union over L tables without intersecting sphere-layer masks or exact norm-table filter,0.2216262007650087,0.5833756345177665,0.3191924522399274,0.5540951013726219,0.4221950959209113,0.4344743330703283,489.75,197.0,2.4860406091370555,6.11875,50.32802359873031,1.0614603750042306,91.17533600000002,2.4860406091370555,0.5778049040790887,False,0.5655061221901774,0.37611464968152875,0.36849153894051817
amazon,11,30,query_adaptive_R25,25.0,0.14,7.007801055908203,0.95,round(norm/delta),layer-wise cosine theorem,disabled: no norm-table or radial-layer candidate filter,"per-query, per-layer Eq. I_threshold with Binomial(K, theta/pi)",distance-table hash-bucket lookup with per-layer thresholds; union over L tables without intersecting sphere-layer masks or exact norm-table filter,0.2246364455131759,0.7846446700507613,0.348837609159759,0.7332729058786696,0.2290778497028901,0.2524867678367528,678.0,197.0,3.441624365482234,12.03125,50.32802359873031,1.1839823000045158,91.17533600000002,3.441624365482234,0.7709221502971099,False,0.5153534951456813,0.1363057324840764,0.3813947432242574
amazon,11,40,query_adaptive_R25,25.0,0.14,7.007801055908203,0.95,round(norm/delta),layer-wise cosine theorem,disabled: no norm-table or radial-layer candidate filter,"per-query, per-layer Eq. I_threshold with Binomial(K, theta/pi)",distance-table hash-bucket lookup with per-layer thresholds; union over L tables without intersecting sphere-layer masks or exact norm-table filter,0.243355274563371,0.9544416243654824,0.3877970517881831,0.9272315508189474,0.0477510267465103,0.0661888393490326,771.775,197.0,3.917639593908629,19.6,50.32802359873031,1.2711467749994654,91.17533600000002,3.917639593908629,0.9522489732534897,True,0.47967394304967204,0.016847133757961985,0.4139668788559812
amazon,11,50,query_adaptive_R25,25.0,0.14,7.007801055908203,0.95,round(norm/delta),layer-wise cosine theorem,disabled: no norm-table or radial-layer candidate filter,"per-query, per-layer Eq. I_threshold with Binomial(K, theta/pi)",distance-table hash-bucket lookup with per-layer thresholds; union over L tables without intersecting sphere-layer masks or exact norm-table filter,0.2509554140127388,1.0,0.4012219959263595,0.9999999978489328,0.0514904131825464,0.0,785.0,197.0,3.984771573604061,31.44375,50.32802359873031,1.4273187250012145,91.17533600000002,3.984771573604061,0.9485095868174536,True,0.415747151471502,0.0,0.4239539096509856
amazon,11,60,query_adaptive_R25,25.0,0.14,7.007801055908203,0.95,round(norm/delta),layer-wise cosine theorem,disabled: no norm-table or radial-layer candidate filter,"per-query, per-layer Eq. I_threshold with Binomial(K, theta/pi)",distance-table hash-bucket lookup with per-layer thresholds; union over L tables without intersecting sphere-layer masks or exact norm-table filter,0.2372958433082014,0.9181472081218274,0.3770455808289968,0.8863952052348096,0.0748265677334191,0.1036585161513525,759.725,197.0,3.856472081218274,29.25,50.32802359873031,1.436783374995798,91.17533600000002,3.856472081218274,0.9251734322665809,True,0.41187293009207193,0.03219745222929937,0.4003426200805632
amazon,11,70,query_adaptive_R25,25.0,0.14,7.007801055908203,0.95,round(norm/delta),layer-wise cosine theorem,disabled: no norm-table or radial-layer candidate filter,"per-query, per-layer Eq. I_threshold with Binomial(K, theta/pi)",distance-table hash-bucket lookup with per-layer thresholds; union over L tables without intersecting sphere-layer masks or exact norm-table filter,0.2192442678244438,0.6986040609137055,0.3330681625920214,0.648679964388023,0.3181988742886748,0.3366444893623316,610.875,197.0,3.1008883248730963,29.3875,50.32802359873031,1.4681145249994645,91.17533600000002,3.1008883248730963,0.6818011257113252,False,0.39904796442975965,0.2218152866242039,0.3643304272611781
amazon,11,80,query_adaptive_R25,25.0,0.14,7.007801055908203,0.95,round(norm/delta),layer-wise cosine theorem,disabled: no norm-table or radial-layer candidate filter,"per-query, per-layer Eq. I_threshold with Binomial(K, theta/pi)",distance-table hash-bucket lookup with per-layer thresholds; union over L tables without intersecting sphere-layer masks or exact norm-table filter,0.2400624088939783,0.4194162436548223,0.3009906811035355,0.444872810133916,0.5426402002059794,0.5477632353098671,304.55,197.0,1.5459390862944162,28.7125,50.32802359873031,1.5647551750021194,91.17533600000002,1.5459390862944162,0.45735979979402064,False,0.35948947335226844,0.6120382165605096,0.3590257954923863
amazon,11,90,query_adaptive_R25,25.0,0.14,7.007801055908203,0.95,round(norm/delta),layer-wise cosine theorem,disabled: no norm-table or radial-layer candidate filter,"per-query, per-layer Eq. I_threshold with Binomial(K, theta/pi)",distance-table hash-bucket lookup with per-layer thresholds; union over L tables without intersecting sphere-layer masks or exact norm-table filter,0.2959371969865768,0.2534263959390863,0.2491114535553643,0.3351311322508991,0.6613035977958794,0.6626800138924616,115.75,197.0,0.5875634517766497,27.9375,50.32802359873031,1.5717270249965054,91.17533600000002,0.5875634517766497,0.33869640220412056,False,0.3566356445981267,0.8525477707006369,0.3575725350138408
amazon,11,100,query_adaptive_R25,25.0,0.14,7.007801055908203,0.95,round(norm/delta),layer-wise cosine theorem,disabled: no norm-table or radial-layer candidate filter,"per-query, per-layer Eq. I_threshold with Binomial(K, theta/pi)",distance-table hash-bucket lookup with per-layer thresholds; union over L tables without intersecting sphere-layer masks or exact norm-table filter,0.3738579740093354,0.1063451776649746,0.1331615847727225,0.2402758537538367,0.7595525739855964,0.7597329493715835,26.725,197.0,0.1356598984771573,24.74375,50.32802359873031,1.5664708250028525,91.17533600000002,0.1356598984771573,0.2404474260144036,False,0.3587871961506537,0.9659554140127389,0.3241727556152252
amazon,12,10,query_adaptive_R25,25.0,0.14,7.007801055908203,0.95,round(norm/delta),layer-wise cosine theorem,disabled: no norm-table or radial-layer candidate filter,"per-query, per-layer Eq. I_threshold with Binomial(K, theta/pi)",distance-table hash-bucket lookup with per-layer thresholds; union over L tables without intersecting sphere-layer masks or exact norm-table filter,0.2335146739765942,0.4751269035532995,0.3123722020516319,0.4645383177141136,0.5128456359696588,0.5232122861341704,402.025,197.0,2.0407360406091373,1.7875,50.32802359873031,0.830939550009191,91.17533600000002,2.0407360406091373,0.4871543640303412,False,0.6598665802219859,0.4878662420382165,0.36890758523971146
amazon,12,20,query_adaptive_R25,25.0,0.14,7.007801055908203,0.95,round(norm/delta),layer-wise cosine theorem,disabled: no norm-table or radial-layer candidate filter,"per-query, per-layer Eq. I_threshold with Binomial(K, theta/pi)",distance-table hash-bucket lookup with per-layer thresholds; union over L tables without intersecting sphere-layer masks or exact norm-table filter,0.2158262635447363,0.5667512690355331,0.3108652076400292,0.5415269787947736,0.4345530547196164,0.445977235966608,491.225,197.0,2.4935279187817256,6.0375,50.32802359873031,1.079446950004126,91.17533600000002,2.4935279187817256,0.5654469452803836,False,0.5581435706486839,0.37423566878980896,0.3601521712182064
amazon,12,30,query_adaptive_R25,25.0,0.14,7.007801055908203,0.95,round(norm/delta),layer-wise cosine theorem,disabled: no norm-table or radial-layer candidate filter,"per-query, per-layer Eq. I_threshold with Binomial(K, theta/pi)",distance-table hash-bucket lookup with per-layer thresholds; union over L tables without intersecting sphere-layer masks or exact norm-table filter,0.2234992355130888,0.7800761421319796,0.3470089999240502,0.7273502427448552,0.235182337185639,0.258121257973214,677.675,197.0,3.43997461928934,11.975,50.32802359873031,1.203677099989875,91.17533600000002,3.43997461928934,0.764817662814361,False,0.5072917057281598,0.13671974522292996,0.3792157343479332
amazon,12,40,query_adaptive_R25,25.0,0.14,7.007801055908203,0.95,round(norm/delta),layer-wise cosine theorem,disabled: no norm-table or radial-layer candidate filter,"per-query, per-layer Eq. I_threshold with Binomial(K, theta/pi)",distance-table hash-bucket lookup with per-layer thresholds; union over L tables without intersecting sphere-layer masks or exact norm-table filter,0.2431185329828979,0.9536802030456852,0.3874337695078568,0.9235820835672858,0.0519752046091992,0.0696866342082207,771.9,197.0,3.918274111675127,19.53125,50.32802359873031,1.3129302749973704,91.17533600000002,3.918274111675127,0.9480247953908008,True,0.46257045490252,0.016687898089171926,0.4127492006411132
amazon,12,50,query_adaptive_R25,25.0,0.14,7.007801055908203,0.95,round(norm/delta),layer-wise cosine theorem,disabled: no norm-table or radial-layer candidate filter,"per-query, per-layer Eq. I_threshold with Binomial(K, theta/pi)",distance-table hash-bucket lookup with per-layer thresholds; union over L tables without intersecting sphere-layer masks or exact norm-table filter,0.2509554140127388,1.0,0.4012219959263595,0.9999999978489328,0.0514904131825464,0.0,785.0,197.0,3.984771573604061,31.44375,50.32802359873031,1.4266499249998787,91.17533600000002,3.984771573604061,0.9485095868174536,True,0.4160209153471044,0.0,0.42396759784476573
amazon,12,60,query_adaptive_R25,25.0,0.14,7.007801055908203,0.95,round(norm/delta),layer-wise cosine theorem,disabled: no norm-table or radial-layer candidate filter,"per-query, per-layer Eq. I_threshold with Binomial(K, theta/pi)",distance-table hash-bucket lookup with per-layer thresholds; union over L tables without intersecting sphere-layer masks or exact norm-table filter,0.2369302049300529,0.9162436548223348,0.3764161476973433,0.8850678700164203,0.0764938179964941,0.1049922383297369,759.15,197.0,3.853553299492385,29.19375,50.32802359873031,1.457274899999561,91.17533600000002,3.853553299492385,0.9235061820035059,True,0.40348501249214597,0.03292993630573271,0.39934067496151754
amazon,12,70,query_adaptive_R25,25.0,0.14,7.007801055908203,0.95,round(norm/delta),layer-wise cosine theorem,disabled: no norm-table or radial-layer candidate filter,"per-query, per-layer Eq. I_threshold with Binomial(K, theta/pi)",distance-table hash-bucket lookup with per-layer thresholds; union over L tables without intersecting sphere-layer masks or exact norm-table filter,0.2175805540464774,0.6975888324873096,0.3310571874719987,0.6419060644259231,0.3250796297903633,0.3430887001223799,614.5,197.0,3.1192893401015227,29.30625,50.32802359873031,1.506345875007753,91.17533600000002,3.1192893401015227,0.6749203702096367,False,0.38339849892904365,0.21719745222929943,0.3615324634051279
amazon,12,80,query_adaptive_R25,25.0,0.14,7.007801055908203,0.95,round(norm/delta),layer-wise cosine theorem,disabled: no norm-table or radial-layer candidate filter,"per-query, per-layer Eq. I_threshold with Binomial(K, theta/pi)",distance-table hash-bucket lookup with per-layer thresholds; union over L tables without intersecting sphere-layer masks or exact norm-table filter,0.2369716272960521,0.4232233502538071,0.300111263434281,0.4427941136255134,0.5446294990494208,0.5495750430106457,311.2,197.0,1.5796954314720812,28.56875,50.32802359873031,1.5552020750021711,91.17533600000002,1.5796954314720812,0.4553705009505792,False,0.36339990049757376,0.6035668789808917,0.35763154594878527
amazon,12,90,query_adaptive_R25,25.0,0.14,7.007801055908203,0.95,round(norm/delta),layer-wise cosine theorem,disabled: no norm-table or radial-layer candidate filter,"per-query, per-layer Eq. I_threshold with Binomial(K, theta/pi)",distance-table hash-bucket lookup with per-layer thresholds; union over L tables without intersecting sphere-layer masks or exact norm-table filter,0.2901094012293032,0.257994923857868,0.2503859638268791,0.3316925493685519,0.6645001216348854,0.6658659099461508,121.8,197.0,0.6182741116751268,27.7375,50.32802359873031,1.6108457999990833,91.17533600000002,0.6182741116751268,0.33549987836511463,False,0.34062292415533835,0.8448407643312102,0.35551868327575553
amazon,12,100,query_adaptive_R25,25.0,0.14,7.007801055908203,0.95,round(norm/delta),layer-wise cosine theorem,disabled: no norm-table or radial-layer candidate filter,"per-query, per-layer Eq. I_threshold with Binomial(K, theta/pi)",distance-table hash-bucket lookup with per-layer thresholds; union over L tables without intersecting sphere-layer masks or exact norm-table filter,0.3727139021701314,0.1050761421319796,0.131406631321357,0.2368492506954,0.7629450401831571,0.7631230901434852,26.925,197.0,0.1366751269035532,24.50625,50.32802359873031,1.6014833500037184,91.17533600000002,0.1366751269035532,0.23705495981684288,False,0.34445531140226726,0.9657006369426752,0.32226388604291833
amazon,13,10,query_adaptive_R25,25.0,0.14,7.007801055908203,0.95,round(norm/delta),layer-wise cosine theorem,disabled: no norm-table or radial-layer candidate filter,"per-query, per-layer Eq. I_threshold with Binomial(K, theta/pi)",distance-table hash-bucket lookup with per-layer thresholds; union over L tables without intersecting sphere-layer masks or exact norm-table filter,0.2357156026616927,0.4890862944162436,0.3176385822883751,0.4726204886344654,0.50360873631461,0.5147551051322755,413.7,197.0,2.1,1.725,50.32802359873031,0.9205979750035452,91.17533600000002,2.1,0.49639126368539,False,0.6231661647646844,0.4729936305732484,0.37002701617382466
amazon,13,20,query_adaptive_R25,25.0,0.14,7.007801055908203,0.95,round(norm/delta),layer-wise cosine theorem,disabled: no norm-table or radial-layer candidate filter,"per-query, per-layer Eq. I_threshold with Binomial(K, theta/pi)",distance-table hash-bucket lookup with per-layer thresholds; union over L tables without intersecting sphere-layer masks or exact norm-table filter,0.2155837022659961,0.566751269035533,0.3107889822660529,0.5442462731037337,0.4312971978162192,0.4433532720704384,491.725,197.0,2.4960659898477155,5.9625,50.32802359873031,1.1090376250038505,91.17533600000002,2.4960659898477155,0.5687028021837808,False,0.5460310439539504,0.3735987261146497,0.35936368428161913
amazon,13,30,query_adaptive_R25,25.0,0.14,7.007801055908203,0.95,round(norm/delta),layer-wise cosine theorem,disabled: no norm-table or radial-layer candidate filter,"per-query, per-layer Eq. I_threshold with Binomial(K, theta/pi)",distance-table hash-bucket lookup with per-layer thresholds; union over L tables without intersecting sphere-layer masks or exact norm-table filter,0.2238368290737906,0.7864213197969543,0.3481214794579981,0.7317003231509202,0.2287607172929035,0.2535531598268167,683.6,197.0,3.4700507614213194,11.9375,50.32802359873031,1.1936540999997192,91.17533600000002,3.4700507614213194,0.7712392827070965,False,0.5113944798265271,0.12917197452229312,0.38003150920780815
amazon,13,40,query_adaptive_R25,25.0,0.14,7.007801055908203,0.95,round(norm/delta),layer-wise cosine theorem,disabled: no norm-table or radial-layer candidate filter,"per-query, per-layer Eq. I_threshold with Binomial(K, theta/pi)",distance-table hash-bucket lookup with per-layer thresholds; union over L tables without intersecting sphere-layer masks or exact norm-table filter,0.2439395174069352,0.959263959390863,0.3889407746487644,0.9328706084609906,0.0448413381032502,0.0609996593932711,773.9,197.0,3.9284263959390855,19.5125,50.32802359873031,1.2917875000013623,91.17533600000002,3.9284263959390855,0.9551586618967498,True,0.4712249525286226,0.014140127388535206,0.41464920909168534
amazon,13,50,query_adaptive_R25,25.0,0.14,7.007801055908203,0.95,round(norm/delta),layer-wise cosine theorem,disabled: no norm-table or radial-layer candidate filter,"per-query, per-layer Eq. I_threshold with Binomial(K, theta/pi)",distance-table hash-bucket lookup with per-layer thresholds; union over L tables without intersecting sphere-layer masks or exact norm-table filter,0.2509554140127388,1.0,0.4012219959263595,0.9999999978489328,0.0514904131825464,0.0,785.0,197.0,3.984771573604061,31.44375,50.32802359873031,1.419409274997463,91.17533600000002,3.984771573604061,0.9485095868174536,True,0.41898477360455544,0.0,0.4241157907576383
amazon,13,60,query_adaptive_R25,25.0,0.14,7.007801055908203,0.95,round(norm/delta),layer-wise cosine theorem,disabled: no norm-table or radial-layer candidate filter,"per-query, per-layer Eq. I_threshold with Binomial(K, theta/pi)",distance-table hash-bucket lookup with per-layer thresholds; union over L tables without intersecting sphere-layer masks or exact norm-table filter,0.2380550309789328,0.9241116751269036,0.3785113824460481,0.8938647260062176,0.0696323674900535,0.0967591196657165,762.4,197.0,3.8700507614213193,29.1625,50.32802359873031,1.438116649998733,91.17533600000002,3.8700507614213193,0.9303676325099465,True,0.4113271727186891,0.028789808917197623,0.4016999065997448
amazon,13,70,query_adaptive_R25,25.0,0.14,7.007801055908203,0.95,round(norm/delta),layer-wise cosine theorem,disabled: no norm-table or radial-layer candidate filter,"per-query, per-layer Eq. I_threshold with Binomial(K, theta/pi)",distance-table hash-bucket lookup with per-layer thresholds; union over L tables without intersecting sphere-layer masks or exact norm-table filter,0.2181867860751997,0.7064720812182741,0.3327735921505024,0.6496369325507654,0.3165902887819334,0.335367187859115,621.85,197.0,3.156598984771574,29.2625,50.32802359873031,1.480105099996365,91.17533600000002,3.156598984771574,0.6834097112180666,False,0.3941397911712412,0.20783439490445854,0.3631940188093614
amazon,13,80,query_adaptive_R25,25.0,0.14,7.007801055908203,0.95,round(norm/delta),layer-wise cosine theorem,disabled: no norm-table or radial-layer candidate filter,"per-query, per-layer Eq. I_threshold with Binomial(K, theta/pi)",distance-table hash-bucket lookup with per-layer thresholds; union over L tables without intersecting sphere-layer masks or exact norm-table filter,0.2357316711208214,0.4269035532994923,0.2999092412070879,0.4429429551239033,0.5441903685781369,0.549269514491264,314.875,197.0,1.5983502538071064,28.4875,50.32802359873031,1.5245751750015302,91.17533600000002,1.5983502538071064,0.45580963142186315,False,0.37593659132460455,0.5988853503184715,0.35791149497658553
amazon,13,90,query_adaptive_R25,25.0,0.14,7.007801055908203,0.95,round(norm/delta),layer-wise cosine theorem,disabled: no norm-table or radial-layer candidate filter,"per-query, per-layer Eq. I_threshold with Binomial(K, theta/pi)",distance-table hash-bucket lookup with per-layer thresholds; union over L tables without intersecting sphere-layer masks or exact norm-table filter,0.2887989093967126,0.2549492385786802,0.2485180075301294,0.3316152549617251,0.6646281989977767,0.6659814203644672,120.65,197.0,0.6124365482233503,27.61875,50.32802359873031,1.566760475002127,91.17533600000002,0.6124365482233503,0.3353718010022233,False,0.3586686319966297,0.8463057324840764,0.3550501691729024
amazon,13,100,query_adaptive_R25,25.0,0.14,7.007801055908203,0.95,round(norm/delta),layer-wise cosine theorem,disabled: no norm-table or radial-layer candidate filter,"per-query, per-layer Eq. I_threshold with Binomial(K, theta/pi)",distance-table hash-bucket lookup with per-layer thresholds; union over L tables without intersecting sphere-layer masks or exact norm-table filter,0.3975779754071544,0.1030456852791878,0.1286723771337853,0.2366984424462622,0.7631195518686387,0.763295863134783,26.025,197.0,0.1321065989847715,24.25,50.32802359873031,1.5651740499961877,91.17533600000002,0.1321065989847715,0.23688044813136133,False,0.35931801276384134,0.9668471337579618,0.32803193360633737
amazon,14,10,query_adaptive_R25,25.0,0.14,7.007801055908203,0.95,round(norm/delta),layer-wise cosine theorem,disabled: no norm-table or radial-layer candidate filter,"per-query, per-layer Eq. I_threshold with Binomial(K, theta/pi)",distance-table hash-bucket lookup with per-layer thresholds; union over L tables without intersecting sphere-layer masks or exact norm-table filter,0.2390753699810636,0.5034263959390863,0.3238572333037319,0.4840009162928907,0.4911851771449937,0.5028961632945483,423.975,197.0,2.1521573604060915,1.65,50.32802359873031,0.9192375999973024,91.17533600000002,2.1521573604060915,0.5088148228550062,False,0.6237230151433297,0.4599044585987261,0.37397597288636475
amazon,14,20,query_adaptive_R25,25.0,0.14,7.007801055908203,0.95,round(norm/delta),layer-wise cosine theorem,disabled: no norm-table or radial-layer candidate filter,"per-query, per-layer Eq. I_threshold with Binomial(K, theta/pi)",distance-table hash-bucket lookup with per-layer thresholds; union over L tables without intersecting sphere-layer masks or exact norm-table filter,0.215020982251228,0.5761421319796953,0.3117420308255867,0.549239871262503,0.4256068290244624,0.438006230920287,502.675,197.0,2.551649746192893,5.93125,50.32802359873031,1.1192041250026818,91.17533600000002,2.551649746192893,0.5743931709755377,False,0.5418695301449887,0.3596496815286625,0.3591343114842502
amazon,14,30,query_adaptive_R25,25.0,0.14,7.007801055908203,0.95,round(norm/delta),layer-wise cosine theorem,disabled: no norm-table or radial-layer candidate filter,"per-query, per-layer Eq. I_threshold with Binomial(K, theta/pi)",distance-table hash-bucket lookup with per-layer thresholds; union over L tables without intersecting sphere-layer masks or exact norm-table filter,0.2250631178050104,0.7918781725888324,0.350177278074968,0.7410810970557339,0.2191924049099998,0.2441549160604094,685.55,197.0,3.4799492385786808,11.8875,50.32802359873031,1.205401999997946,91.17533600000002,3.4799492385786808,0.7808075950900002,False,0.5065856421661187,0.1266878980891718,0.3815359281169396
amazon,14,40,query_adaptive_R25,25.0,0.14,7.007801055908203,0.95,round(norm/delta),layer-wise cosine theorem,disabled: no norm-table or radial-layer candidate filter,"per-query, per-layer Eq. I_threshold with Binomial(K, theta/pi)",distance-table hash-bucket lookup with per-layer thresholds; union over L tables without intersecting sphere-layer masks or exact norm-table filter,0.2441153555750148,0.960532994923858,0.3892710457361606,0.9365737342464212,0.0433237773717581,0.0574941402857758,774.4,197.0,3.9309644670050767,19.44375,50.32802359873031,1.334771800001988,91.17533600000002,3.9309644670050767,0.9566762226282419,True,0.45362993378650696,0.013503184713375638,0.4140872782825132
amazon,14,50,query_adaptive_R25,25.0,0.14,7.007801055908203,0.95,round(norm/delta),layer-wise cosine theorem,disabled: no norm-table or radial-layer candidate filter,"per-query, per-layer Eq. I_threshold with Binomial(K, theta/pi)",distance-table hash-bucket lookup with per-layer thresholds; union over L tables without intersecting sphere-layer masks or exact norm-table filter,0.2509554140127388,1.0,0.4012219959263595,0.9999999978489328,0.0514904131825464,0.0,785.0,197.0,3.984771573604061,31.44375,50.32802359873031,1.457118825007342,91.17533600000002,3.984771573604061,0.9485095868174536,True,0.4035488995954193,0.0,0.4233439970571815
amazon,14,60,query_adaptive_R25,25.0,0.14,7.007801055908203,0.95,round(norm/delta),layer-wise cosine theorem,disabled: no norm-table or radial-layer candidate filter,"per-query, per-layer Eq. I_threshold with Binomial(K, theta/pi)",distance-table hash-bucket lookup with per-layer thresholds; union over L tables without intersecting sphere-layer masks or exact norm-table filter,0.2380235263352168,0.9248730964467003,0.3785380382147006,0.8924924681904536,0.0719091980778732,0.098012496295775,763.175,197.0,3.873984771573604,29.13125,50.32802359873031,1.4891280499981008,91.17533600000002,3.873984771573604,0.9280908019221268,True,0.3904463734725139,0.02780254777070057,0.4006615150875203
amazon,14,70,query_adaptive_R25,25.0,0.14,7.007801055908203,0.95,round(norm/delta),layer-wise cosine theorem,disabled: no norm-table or radial-layer candidate filter,"per-query, per-layer Eq. I_threshold with Binomial(K, theta/pi)",distance-table hash-bucket lookup with per-layer thresholds; union over L tables without intersecting sphere-layer masks or exact norm-table filter,0.2172362086687131,0.7068527918781726,0.3316942323444939,0.6489710205249042,0.3171785047590841,0.3360278646250248,624.675,197.0,3.170939086294416,29.2,50.32802359873031,1.5076906499984943,91.17533600000002,3.170939086294416,0.682821495240916,False,0.38284803419737,0.20423566878980903,0.3615503438917256
amazon,14,80,query_adaptive_R25,25.0,0.14,7.007801055908203,0.95,round(norm/delta),layer-wise cosine theorem,disabled: no norm-table or radial-layer candidate filter,"per-query, per-layer Eq. I_threshold with Binomial(K, theta/pi)",distance-table hash-bucket lookup with per-layer thresholds; union over L tables without intersecting sphere-layer masks or exact norm-table filter,0.2333009708872837,0.4290609137055837,0.2982787374392052,0.441205512435539,0.5458039660383441,0.5508555061968935,318.15,197.0,1.6149746192893404,28.40625,50.32802359873031,1.5908041000031403,91.17533600000002,1.6149746192893404,0.45419603396165587,False,0.3488267122139398,0.5947133757961782,0.3551833255467832
amazon,14,90,query_adaptive_R25,25.0,0.14,7.007801055908203,0.95,round(norm/delta),layer-wise cosine theorem,disabled: no norm-table or radial-layer candidate filter,"per-query, per-layer Eq. I_threshold with Binomial(K, theta/pi)",distance-table hash-bucket lookup with per-layer thresholds; union over L tables without intersecting sphere-layer masks or exact norm-table filter,0.2865029719494412,0.2540609137055837,0.2484220761716015,0.3334608631663401,0.6627691551079324,0.6640956165284658,119.975,197.0,0.6090101522842639,27.4875,50.32802359873031,1.605081275000941,91.17533600000002,0.6090101522842639,0.33723084489206756,False,0.342982551400175,0.8471656050955414,0.3536096207228775
amazon,14,100,query_adaptive_R25,25.0,0.14,7.007801055908203,0.95,round(norm/delta),layer-wise cosine theorem,disabled: no norm-table or radial-layer candidate filter,"per-query, per-layer Eq. I_threshold with Binomial(K, theta/pi)",distance-table hash-bucket lookup with per-layer thresholds; union over L tables without intersecting sphere-layer masks or exact norm-table filter,0.3984969208865425,0.099238578680203,0.1249638071063883,0.235254516477347,0.7645715804135793,0.7647456421579271,24.65,197.0,0.1251269035532995,24.01875,50.32802359873031,1.5997927500052356,91.17533600000002,0.1251269035532995,0.2354284195864207,False,0.3451473347377245,0.9685987261146497,0.3257564540989958
amazon,15,10,query_adaptive_R25,25.0,0.14,7.007801055908203,0.95,round(norm/delta),layer-wise cosine theorem,disabled: no norm-table or radial-layer candidate filter,"per-query, per-layer Eq. I_threshold with Binomial(K, theta/pi)",distance-table hash-bucket lookup with per-layer thresholds; union over L tables without intersecting sphere-layer masks or exact norm-table filter,0.2370116967188781,0.5083756345177666,0.3224456947383695,0.4878272421788804,0.4884064016651308,0.4995807566398989,423.775,197.0,2.151142131979696,1.50625,50.32802359873031,0.9408344000021884,91.17533600000002,2.151142131979696,0.5115935983348692,False,0.6148826687645318,0.4601592356687896,0.3735520630302472
amazon,15,20,query_adaptive_R25,25.0,0.14,7.007801055908203,0.95,round(norm/delta),layer-wise cosine theorem,disabled: no norm-table or radial-layer candidate filter,"per-query, per-layer Eq. I_threshold with Binomial(K, theta/pi)",distance-table hash-bucket lookup with per-layer thresholds; union over L tables without intersecting sphere-layer masks or exact norm-table filter,0.2145737406236242,0.5800761421319798,0.3118921073236117,0.5536597967734646,0.4202190871661228,0.4332573010627463,509.775,197.0,2.5876903553299493,5.9125,50.32802359873031,1.1286271249957736,91.17533600000002,2.5876903553299493,0.5797809128338772,False,0.5380123576079696,0.3506050955414013,0.3583122833571748
amazon,15,30,query_adaptive_R25,25.0,0.14,7.007801055908203,0.95,round(norm/delta),layer-wise cosine theorem,disabled: no norm-table or radial-layer candidate filter,"per-query, per-layer Eq. I_threshold with Binomial(K, theta/pi)",distance-table hash-bucket lookup with per-layer thresholds; union over L tables without intersecting sphere-layer masks or exact norm-table filter,0.2257958179538859,0.8027918781725887,0.3521774460415622,0.7524194488179482,0.206893090763037,0.2329634250811068,693.5,197.0,3.5203045685279184,11.875,50.32802359873031,1.2164583499966852,91.17533600000002,3.5203045685279184,0.793106909236963,False,0.5020598807731362,0.11656050955414021,0.3828565067093138
amazon,15,40,query_adaptive_R25,25.0,0.14,7.007801055908203,0.95,round(norm/delta),layer-wise cosine theorem,disabled: no norm-table or radial-layer candidate filter,"per-query, per-layer Eq. I_threshold with Binomial(K, theta/pi)",distance-table hash-bucket lookup with per-layer thresholds; union over L tables without intersecting sphere-layer masks or exact norm-table filter,0.2452006825672389,0.9667512690355332,0.3911649711918293,0.9469500960764884,0.0383322270697622,0.0480823490321365,776.1,197.0,3.939593908629442,19.425,50.32802359873031,1.3524875000001657,91.17533600000002,3.939593908629442,0.9616677729302378,True,0.4463782611178093,0.011337579617834326,0.4155777143646222
amazon,15,50,query_adaptive_R25,25.0,0.14,7.007801055908203,0.95,round(norm/delta),layer-wise cosine theorem,disabled: no norm-table or radial-layer candidate filter,"per-query, per-layer Eq. I_threshold with Binomial(K, theta/pi)",distance-table hash-bucket lookup with per-layer thresholds; union over L tables without intersecting sphere-layer masks or exact norm-table filter,0.2509554140127388,1.0,0.4012219959263595,0.9999999978489328,0.0514904131825464,0.0,785.0,197.0,3.984771573604061,31.44375,50.32802359873031,1.4754229999937252,91.17533600000002,3.984771573604061,0.9485095868174536,True,0.39605634296568026,0.0,0.42296936922569456
amazon,15,60,query_adaptive_R25,25.0,0.14,7.007801055908203,0.95,round(norm/delta),layer-wise cosine theorem,disabled: no norm-table or radial-layer candidate filter,"per-query, per-layer Eq. I_threshold with Binomial(K, theta/pi)",distance-table hash-bucket lookup with per-layer thresholds; union over L tables without intersecting sphere-layer masks or exact norm-table filter,0.239100060286633,0.9315989847715735,0.3804767513263786,0.9005335399615035,0.0654556021353252,0.0906256318289118,765.7,197.0,3.886802030456853,29.11875,50.32802359873031,1.4790272249982197,91.17533600000002,3.886802030456853,0.9345443978646748,True,0.3945810041442045,0.02458598726114647,0.40267862328658766
amazon,15,70,query_adaptive_R25,25.0,0.14,7.007801055908203,0.95,round(norm/delta),layer-wise cosine theorem,disabled: no norm-table or radial-layer candidate filter,"per-query, per-layer Eq. I_threshold with Binomial(K, theta/pi)",distance-table hash-bucket lookup with per-layer thresholds; union over L tables without intersecting sphere-layer masks or exact norm-table filter,0.2185742866808508,0.7147208121827411,0.3341999226743256,0.6579460363727309,0.3075149483569768,0.3271084976664545,629.3,197.0,3.1944162436548225,29.1375,50.32802359873031,1.5166791749990691,91.17533600000002,3.1944162436548225,0.6924850516430232,False,0.3791687078887692,0.19834394904458597,0.36326773479390123
amazon,15,80,query_adaptive_R25,25.0,0.14,7.007801055908203,0.95,round(norm/delta),layer-wise cosine theorem,disabled: no norm-table or radial-layer candidate filter,"per-query, per-layer Eq. I_threshold with Binomial(K, theta/pi)",distance-table hash-bucket lookup with per-layer thresholds; union over L tables without intersecting sphere-layer masks or exact norm-table filter,0.2341405036006192,0.4370558375634518,0.3010532652141103,0.448174997478845,0.5384076090929689,0.5441365257994727,324.625,197.0,1.6478426395939088,28.35625,50.32802359873031,1.5589156749996391,91.17533600000002,1.6478426395939088,0.4615923909070311,False,0.3618797905608011,0.5864649681528662,0.35737867098875375
amazon,15,90,query_adaptive_R25,25.0,0.14,7.007801055908203,0.95,round(norm/delta),layer-wise cosine theorem,disabled: no norm-table or radial-layer candidate filter,"per-query, per-layer Eq. I_threshold with Binomial(K, theta/pi)",distance-table hash-bucket lookup with per-layer thresholds; union over L tables without intersecting sphere-layer masks or exact norm-table filter,0.2886993251925501,0.2544416243654822,0.2502381939940137,0.3337946493146219,0.6623769590582779,0.6637372976339752,118.725,197.0,0.6026649746192894,27.38125,50.32802359873031,1.593705250002131,91.17533600000002,0.6026649746192894,0.33762304094172213,False,0.3476391672590333,0.8487579617834395,0.3553421766996063
amazon,15,100,query_adaptive_R25,25.0,0.14,7.007801055908203,0.95,round(norm/delta),layer-wise cosine theorem,disabled: no norm-table or radial-layer candidate filter,"per-query, per-layer Eq. I_threshold with Binomial(K, theta/pi)",distance-table hash-bucket lookup with per-layer thresholds; union over L tables without intersecting sphere-layer masks or exact norm-table filter,0.401351604819764,0.0964467005076142,0.1222942848455319,0.2342275966401205,0.7656072952734703,0.765780082619884,23.75,197.0,0.1205583756345177,23.8625,50.32802359873031,1.6010114499977135,91.17533600000002,0.1205583756345177,0.23439270472652973,False,0.34464847703367085,0.9697452229299364,0.325124448293574
amazon,16,10,query_adaptive_R25,25.0,0.14,7.007801055908203,0.95,round(norm/delta),layer-wise cosine theorem,disabled: no norm-table or radial-layer candidate filter,"per-query, per-layer Eq. I_threshold with Binomial(K, theta/pi)",distance-table hash-bucket lookup with per-layer thresholds; union over L tables without intersecting sphere-layer masks or exact norm-table filter,0.2292991571633121,0.4922588832487309,0.310364263451561,0.4730148286646891,0.5087644260812365,0.5172610160146321,396.6,197.0,2.0131979695431474,1.4,50.32802359873031,0.9564323000020636,91.17533600000002,2.0131979695431474,0.4912355739187635,False,0.6084978877437531,0.4947770700636942,0.3690455130453623
amazon,16,20,query_adaptive_R25,25.0,0.14,7.007801055908203,0.95,round(norm/delta),layer-wise cosine theorem,disabled: no norm-table or radial-layer candidate filter,"per-query, per-layer Eq. I_threshold with Binomial(K, theta/pi)",distance-table hash-bucket lookup with per-layer thresholds; union over L tables without intersecting sphere-layer masks or exact norm-table filter,0.2148865360643626,0.5874365482233502,0.3135810451273231,0.5593850803439702,0.4135568140834488,0.426920136878915,517.9,197.0,2.6289340101522845,5.8875,50.32802359873031,1.1406144999980938,91.17533600000002,2.6289340101522845,0.5864431859165512,False,0.5331054942222329,0.3402547770700637,0.3586558007269449
amazon,16,30,query_adaptive_R25,25.0,0.14,7.007801055908203,0.95,round(norm/delta),layer-wise cosine theorem,disabled: no norm-table or radial-layer candidate filter,"per-query, per-layer Eq. I_threshold with Binomial(K, theta/pi)",distance-table hash-bucket lookup with per-layer thresholds; union over L tables without intersecting sphere-layer masks or exact norm-table filter,0.2255051375788101,0.8074873096446702,0.3522878299904435,0.7628338173461782,0.196033252411684,0.2224993585532161,698.375,197.0,3.54505076142132,11.83125,50.32802359873031,1.251545900008466,91.17533600000002,3.54505076142132,0.803966747588316,False,0.4876972855915648,0.11035031847133758,0.38211189887057073
amazon,16,40,query_adaptive_R25,25.0,0.14,7.007801055908203,0.95,round(norm/delta),layer-wise cosine theorem,disabled: no norm-table or radial-layer candidate filter,"per-query, per-layer Eq. I_threshold with Binomial(K, theta/pi)",distance-table hash-bucket lookup with per-layer thresholds; union over L tables without intersecting sphere-layer masks or exact norm-table filter,0.2459082039940734,0.9706852791878172,0.3923898597260157,0.9542766612722072,0.0342280859020162,0.041329617019841,777.125,197.0,3.9447969543147208,19.40625,50.32802359873031,1.3713624250002,91.17533600000002,3.9447969543147208,0.9657719140979838,True,0.4386520759961068,0.010031847133758043,0.4163879386100563
amazon,16,50,query_adaptive_R25,25.0,0.14,7.007801055908203,0.95,round(norm/delta),layer-wise cosine theorem,disabled: no norm-table or radial-layer candidate filter,"per-query, per-layer Eq. I_threshold with Binomial(K, theta/pi)",distance-table hash-bucket lookup with per-layer thresholds; union over L tables without intersecting sphere-layer masks or exact norm-table filter,0.2509554140127388,1.0,0.4012219959263595,0.9999999978489328,0.0514904131825464,0.0,785.0,197.0,3.984771573604061,31.44375,50.32802359873031,1.505078199997456,91.17533600000002,3.984771573604061,0.9485095868174536,True,0.3839174038679344,0.0,0.4223624222708072
amazon,16,60,query_adaptive_R25,25.0,0.14,7.007801055908203,0.95,round(norm/delta),layer-wise cosine theorem,disabled: no norm-table or radial-layer candidate filter,"per-query, per-layer Eq. I_threshold with Binomial(K, theta/pi)",distance-table hash-bucket lookup with per-layer thresholds; union over L tables without intersecting sphere-layer masks or exact norm-table filter,0.2395221405322072,0.9341370558375636,0.3812244350598923,0.903893610498107,0.0626999787943651,0.0873522901688143,766.475,197.0,3.890736040609137,29.1,50.32802359873031,1.5303801749979584,91.17533600000002,3.890736040609137,0.9373000212056349,True,0.37356039620839576,0.02359872611464975,0.40235432729914405
amazon,16,70,query_adaptive_R25,25.0,0.14,7.007801055908203,0.95,round(norm/delta),layer-wise cosine theorem,disabled: no norm-table or radial-layer candidate filter,"per-query, per-layer Eq. I_threshold with Binomial(K, theta/pi)",distance-table hash-bucket lookup with per-layer thresholds; union over L tables without intersecting sphere-layer masks or exact norm-table filter,0.2193891755427191,0.7214467005076142,0.3359172494424823,0.6675584274983297,0.2972567791332053,0.3173386453984078,633.9,197.0,3.217766497461929,29.10625,50.32802359873031,1.538133399996866,91.17533600000002,3.217766497461929,0.7027432208667947,False,0.37038672258417404,0.19248407643312104,0.3640996188862483
amazon,16,80,query_adaptive_R25,25.0,0.14,7.007801055908203,0.95,round(norm/delta),layer-wise cosine theorem,disabled: no norm-table or radial-layer candidate filter,"per-query, per-layer Eq. I_threshold with Binomial(K, theta/pi)",distance-table hash-bucket lookup with per-layer thresholds; union over L tables without intersecting sphere-layer masks or exact norm-table filter,0.2329128445023857,0.440989847715736,0.3011295259025361,0.4518596837765887,0.5346248698366866,0.540389077723521,329.025,197.0,1.6701776649746194,28.30625,50.32802359873031,1.5816260999969245,91.17533600000002,1.6701776649746194,0.46537513016331344,False,0.35258359745162327,0.5808598726114649,0.35657967549893216
amazon,16,90,query_adaptive_R25,25.0,0.14,7.007801055908203,0.95,round(norm/delta),layer-wise cosine theorem,disabled: no norm-table or radial-layer candidate filter,"per-query, per-layer Eq. I_threshold with Binomial(K, theta/pi)",distance-table hash-bucket lookup with per-layer thresholds; union over L tables without intersecting sphere-layer masks or exact norm-table filter,0.2882910106195904,0.2507614213197969,0.247794777401732,0.3312712013662,0.6649175379063671,0.6663014639991885,117.075,197.0,0.5942893401015228,27.26875,50.32802359873031,1.620910375002893,91.17533600000002,0.5942893401015228,0.3350824620936329,False,0.336503131909777,0.850859872611465,0.35340734649667177
amazon,16,100,query_adaptive_R25,25.0,0.14,7.007801055908203,0.95,round(norm/delta),layer-wise cosine theorem,disabled: no norm-table or radial-layer candidate filter,"per-query, per-layer Eq. I_threshold with Binomial(K, theta/pi)",distance-table hash-bucket lookup with per-layer thresholds; union over L tables without intersecting sphere-layer masks or exact norm-table filter,0.3866572229549444,0.0965736040609137,0.1216036189511303,0.2338578413965961,0.7660080776928524,0.7661671178374487,23.5,197.0,0.1192893401015228,23.7125,50.32802359873031,1.596152050002786,91.17533600000002,0.1192893401015228,0.2339919223071476,False,0.34663760408668653,0.9700636942675159,0.3213817275282762
amazon,17,10,query_adaptive_R25,25.0,0.14,7.007801055908203,0.95,round(norm/delta),layer-wise cosine theorem,disabled: no norm-table or radial-layer candidate filter,"per-query, per-layer Eq. I_threshold with Binomial(K, theta/pi)",distance-table hash-bucket lookup with per-layer thresholds; union over L tables without intersecting sphere-layer masks or exact norm-table filter,0.2235155867921682,0.4762690355329949,0.2999277529431475,0.4729341328646489,0.513071291574858,0.5196396812901914,366.5,197.0,1.8604060913705585,1.30625,50.32802359873031,0.9700385500011066,91.17533600000002,1.8604060913705585,0.486928708425142,False,0.6029283606434028,0.5331210191082802,0.3662219882331548
amazon,17,20,query_adaptive_R25,25.0,0.14,7.007801055908203,0.95,round(norm/delta),layer-wise cosine theorem,disabled: no norm-table or radial-layer candidate filter,"per-query, per-layer Eq. I_threshold with Binomial(K, theta/pi)",distance-table hash-bucket lookup with per-layer thresholds; union over L tables without intersecting sphere-layer masks or exact norm-table filter,0.217677239374115,0.6012690355329949,0.3187616942071092,0.5737875852169253,0.39799842042307,0.4121730401350595,526.6,197.0,2.673096446700508,5.85625,50.32802359873031,1.171197875009966,91.17533600000002,2.673096446700508,0.60200157957693,False,0.520586619737288,0.32917197452229296,0.36164483708782424
amazon,17,30,query_adaptive_R25,25.0,0.14,7.007801055908203,0.95,round(norm/delta),layer-wise cosine theorem,disabled: no norm-table or radial-layer candidate filter,"per-query, per-layer Eq. I_threshold with Binomial(K, theta/pi)",distance-table hash-bucket lookup with per-layer thresholds; union over L tables without intersecting sphere-layer masks or exact norm-table filter,0.2269260369540562,0.8187817258883248,0.3551249014242734,0.7712463186357336,0.1879251221226883,0.2141938862965594,704.3,197.0,3.5751269035533,11.81875,50.32802359873031,1.2656364500060135,91.17533600000002,3.5751269035533,0.8120748778773117,False,0.48192951709725507,0.10280254777070053,0.3842984279351425
amazon,17,40,query_adaptive_R25,25.0,0.14,7.007801055908203,0.95,round(norm/delta),layer-wise cosine theorem,disabled: no norm-table or radial-layer candidate filter,"per-query, per-layer Eq. I_threshold with Binomial(K, theta/pi)",distance-table hash-bucket lookup with per-layer thresholds; union over L tables without intersecting sphere-layer masks or exact norm-table filter,0.2464412881582186,0.973730964467005,0.3933187228990482,0.959473325580556,0.0327068940749378,0.0365306186204485,777.925,197.0,3.948857868020305,19.39375,50.32802359873031,1.3769479750024516,91.17533600000002,3.948857868020305,0.9672931059250622,True,0.436365709649017,0.009012738853503177,0.41718826425809885
amazon,17,50,query_adaptive_R25,25.0,0.14,7.007801055908203,0.95,round(norm/delta),layer-wise cosine theorem,disabled: no norm-table or radial-layer candidate filter,"per-query, per-layer Eq. I_threshold with Binomial(K, theta/pi)",distance-table hash-bucket lookup with per-layer thresholds; union over L tables without intersecting sphere-layer masks or exact norm-table filter,0.2509554140127388,1.0,0.4012219959263595,0.9999999978489328,0.0514904131825464,0.0,785.0,197.0,3.984771573604061,31.44375,50.32802359873031,1.5169437500020422,91.17533600000002,3.984771573604061,0.9485095868174536,True,0.3790604078318661,0.0,0.42211957246900383
amazon,17,60,query_adaptive_R25,25.0,0.14,7.007801055908203,0.95,round(norm/delta),layer-wise cosine theorem,disabled: no norm-table or radial-layer candidate filter,"per-query, per-layer Eq. I_threshold with Binomial(K, theta/pi)",distance-table hash-bucket lookup with per-layer thresholds; union over L tables without intersecting sphere-layer masks or exact norm-table filter,0.2402202630359236,0.9387055837563452,0.3824958234324859,0.9090467660012024,0.0590660912654372,0.0825026868217025,768.2,197.0,3.8994923857868016,29.0875,50.32802359873031,1.5121739250034238,91.17533600000002,3.8994923857868016,0.9409339087345628,True,0.38101286861978356,0.021401273885350403,0.4039305552254117
amazon,17,70,query_adaptive_R25,25.0,0.14,7.007801055908203,0.95,round(norm/delta),layer-wise cosine theorem,disabled: no norm-table or radial-layer candidate filter,"per-query, per-layer Eq. I_threshold with Binomial(K, theta/pi)",distance-table hash-bucket lookup with per-layer thresholds; union over L tables without intersecting sphere-layer masks or exact norm-table filter,0.2195646843750308,0.7271573604060914,0.336732292921047,0.6737308657695587,0.2905553815887008,0.3110246188878247,638.675,197.0,3.2420050761421324,29.0625,50.32802359873031,1.556611600000224,91.17533600000002,3.2420050761421324,0.7094446184112992,False,0.3628229312609488,0.18640127388535022,0.36428028334319235
amazon,17,80,query_adaptive_R25,25.0,0.14,7.007801055908203,0.95,round(norm/delta),layer-wise cosine theorem,disabled: no norm-table or radial-layer candidate filter,"per-query, per-layer Eq. I_threshold with Binomial(K, theta/pi)",distance-table hash-bucket lookup with per-layer thresholds; union over L tables without intersecting sphere-layer masks or exact norm-table filter,0.2325581202509129,0.4461928934010152,0.3021744170395221,0.4537707366379826,0.5324675468145543,0.5383729130256838,334.5,197.0,1.6979695431472082,28.2875,50.32802359873031,1.5911374500021225,91.17533600000002,1.6979695431472082,0.4675324531854457,False,0.34869026007956305,0.5738853503184713,0.35665647025851277
amazon,17,90,query_adaptive_R25,25.0,0.14,7.007801055908203,0.95,round(norm/delta),layer-wise cosine theorem,disabled: no norm-table or radial-layer candidate filter,"per-query, per-layer Eq. I_threshold with Binomial(K, theta/pi)",distance-table hash-bucket lookup with per-layer thresholds; union over L tables without intersecting sphere-layer masks or exact norm-table filter,0.2892747494080548,0.2534263959390863,0.2496320763556558,0.3328638271332661,0.663333451036238,0.6647616892092083,117.925,197.0,0.5986040609137055,27.19375,50.32802359873031,1.615233399999738,91.17533600000002,0.5986040609137055,0.336666548963762,False,0.33882692179533014,0.8497770700636943,0.3547830998636311
amazon,17,100,query_adaptive_R25,25.0,0.14,7.007801055908203,0.95,round(norm/delta),layer-wise cosine theorem,disabled: no norm-table or radial-layer candidate filter,"per-query, per-layer Eq. I_threshold with Binomial(K, theta/pi)",distance-table hash-bucket lookup with per-layer thresholds; union over L tables without intersecting sphere-layer masks or exact norm-table filter,0.3934216477045914,0.0944162436548223,0.1199927086867373,0.2331553142729695,0.7667410811337702,0.7668897120572367,22.525,197.0,0.1143401015228426,23.5625,50.32802359873031,1.6033166500051266,91.17533600000002,0.1143401015228426,0.23325891886622985,False,0.34370487582731946,0.9713057324840765,0.3221172123614478
amazon,18,10,query_adaptive_R25,25.0,0.14,7.007801055908203,0.95,round(norm/delta),layer-wise cosine theorem,disabled: no norm-table or radial-layer candidate filter,"per-query, per-layer Eq. I_threshold with Binomial(K, theta/pi)",distance-table hash-bucket lookup with per-layer thresholds; union over L tables without intersecting sphere-layer masks or exact norm-table filter,0.2176638685608173,0.4420050761421319,0.2836012093380374,0.4383978406023658,0.5494407736075477,0.5545279167891681,337.175,197.0,1.711548223350254,1.23125,50.32802359873031,0.974810350001576,91.17533600000002,1.711548223350254,0.45055922639245227,False,0.6009750914162509,0.5704777070063694,0.3576978162587118
amazon,18,20,query_adaptive_R25,25.0,0.14,7.007801055908203,0.95,round(norm/delta),layer-wise cosine theorem,disabled: no norm-table or radial-layer candidate filter,"per-query, per-layer Eq. I_threshold with Binomial(K, theta/pi)",distance-table hash-bucket lookup with per-layer thresholds; union over L tables without intersecting sphere-layer masks or exact norm-table filter,0.2166489225868335,0.6093908629441624,0.3188243855529437,0.5804091066224226,0.3907002722045199,0.4054654267441654,536.625,197.0,2.723984771573604,5.825,50.32802359873031,1.185309300001336,91.17533600000002,2.723984771573604,0.6092997277954801,False,0.51481030635781,0.31640127388535033,0.3608296445797642
amazon,18,30,query_adaptive_R25,25.0,0.14,7.007801055908203,0.95,round(norm/delta),layer-wise cosine theorem,disabled: no norm-table or radial-layer candidate filter,"per-query, per-layer Eq. I_threshold with Binomial(K, theta/pi)",distance-table hash-bucket lookup with per-layer thresholds; union over L tables without intersecting sphere-layer masks or exact norm-table filter,0.2265902092206697,0.8223350253807107,0.3550675285307316,0.7698054155109724,0.1889886904152942,0.2153715774115339,708.875,197.0,3.5983502538071064,11.8,50.32802359873031,1.2851875000038149,91.17533600000002,3.5983502538071064,0.8110113095847058,False,0.47392656971566816,0.09697452229299375,0.3836306991967981
amazon,18,40,query_adaptive_R25,25.0,0.14,7.007801055908203,0.95,round(norm/delta),layer-wise cosine theorem,disabled: no norm-table or radial-layer candidate filter,"per-query, per-layer Eq. I_threshold with Binomial(K, theta/pi)",distance-table hash-bucket lookup with per-layer thresholds; union over L tables without intersecting sphere-layer masks or exact norm-table filter,0.2464377015174959,0.9741116751269036,0.3933461928855337,0.9597135865693742,0.0347886169966414,0.03628918923701,778.25,197.0,3.9505076142131976,19.35625,50.32802359873031,1.420808250003347,91.17533600000002,3.9505076142131976,0.9652113830033586,True,0.4184121228588664,0.008598726114649735,0.41631334297483225
amazon,18,50,query_adaptive_R25,25.0,0.14,7.007801055908203,0.95,round(norm/delta),layer-wise cosine theorem,disabled: no norm-table or radial-layer candidate filter,"per-query, per-layer Eq. I_threshold with Binomial(K, theta/pi)",distance-table hash-bucket lookup with per-layer thresholds; union over L tables without intersecting sphere-layer masks or exact norm-table filter,0.2509554140127388,1.0,0.4012219959263595,0.9999999978489328,0.0514904131825464,0.0,785.0,197.0,3.984771573604061,31.44375,50.32802359873031,1.548541599996156,91.17533600000002,3.984771573604061,0.9485095868174536,True,0.3661262722789107,0.0,0.42147286569135606
amazon,18,60,query_adaptive_R25,25.0,0.14,7.007801055908203,0.95,round(norm/delta),layer-wise cosine theorem,disabled: no norm-table or radial-layer candidate filter,"per-query, per-layer Eq. I_threshold with Binomial(K, theta/pi)",distance-table hash-bucket lookup with per-layer thresholds; union over L tables without intersecting sphere-layer masks or exact norm-table filter,0.2408115292268353,0.9425126903553298,0.3835661387603257,0.9125271627823468,0.0576839394044486,0.0792739550006598,769.55,197.0,3.9063451776649742,29.075,50.32802359873031,1.5433927500055231,91.17533600000002,3.9063451776649742,0.9423160605955514,True,0.368233881617302,0.019681528662420456,0.40431749232411696
amazon,18,70,query_adaptive_R25,25.0,0.14,7.007801055908203,0.95,round(norm/delta),layer-wise cosine theorem,disabled: no norm-table or radial-layer candidate filter,"per-query, per-layer Eq. I_threshold with Binomial(K, theta/pi)",distance-table hash-bucket lookup with per-layer thresholds; union over L tables without intersecting sphere-layer masks or exact norm-table filter,0.2191114043726643,0.7312182741116751,0.3366196216573265,0.6779706465487838,0.286081742085859,0.3068729188060951,643.6,197.0,3.2670050761421323,29.0375,50.32802359873031,1.562320774998227,91.17533600000002,3.2670050761421323,0.713918257914141,False,0.36048596076031436,0.18012738853503174,0.3638817798138358
amazon,18,80,query_adaptive_R25,25.0,0.14,7.007801055908203,0.95,round(norm/delta),layer-wise cosine theorem,disabled: no norm-table or radial-layer candidate filter,"per-query, per-layer Eq. I_threshold with Binomial(K, theta/pi)",distance-table hash-bucket lookup with per-layer thresholds; union over L tables without intersecting sphere-layer masks or exact norm-table filter,0.2330661461734866,0.4422588832487309,0.301235136978659,0.4520091560873299,0.5345110298672903,0.5403020156859661,329.65,197.0,1.6733502538071066,28.21875,50.32802359873031,1.6207925999950137,91.17533600000002,1.6733502538071066,0.46548897013270973,False,0.3365513414530511,0.5800636942675159,0.3559877323484284
amazon,18,90,query_adaptive_R25,25.0,0.14,7.007801055908203,0.95,round(norm/delta),layer-wise cosine theorem,disabled: no norm-table or radial-layer candidate filter,"per-query, per-layer Eq. I_threshold with Binomial(K, theta/pi)",distance-table hash-bucket lookup with per-layer thresholds; union over L tables without intersecting sphere-layer masks or exact norm-table filter,0.288488120313955,0.2554568527918782,0.2503778618204291,0.3345435053383526,0.6616634121348818,0.6631039363749957,118.8,197.0,0.6030456852791878,27.1375,50.32802359873031,1.6371655499980875,91.17533600000002,0.6030456852791878,0.3383365878651182,False,0.32984930461253925,0.8486624203821655,0.3546374805619664
amazon,18,100,query_adaptive_R25,25.0,0.14,7.007801055908203,0.95,round(norm/delta),layer-wise cosine theorem,disabled: no norm-table or radial-layer candidate filter,"per-query, per-layer Eq. I_threshold with Binomial(K, theta/pi)",distance-table hash-bucket lookup with per-layer thresholds; union over L tables without intersecting sphere-layer masks or exact norm-table filter,0.3935088192158321,0.0937817258883248,0.1186905466925148,0.2332196051267522,0.7666908431258252,0.7668383553653091,22.375,197.0,0.1135786802030456,23.4125,50.32802359873031,1.6190749500040624,91.17533600000002,0.1135786802030456,0.23330915687417475,False,0.337254437322537,0.9714968152866242,0.3212624854831237
amazon,19,10,query_adaptive_R25,25.0,0.14,7.007801055908203,0.95,round(norm/delta),layer-wise cosine theorem,disabled: no norm-table or radial-layer candidate filter,"per-query, per-layer Eq. I_threshold with Binomial(K, theta/pi)",distance-table hash-bucket lookup with per-layer thresholds; union over L tables without intersecting sphere-layer masks or exact norm-table filter,0.2153748323654524,0.4049492385786802,0.2699018555498386,0.4164626766680947,0.5726841752233705,0.5770742011719866,306.35,197.0,1.55507614213198,1.15625,50.32802359873031,0.9810957999988544,91.17533600000002,1.55507614213198,0.42731582477662955,False,0.5984022308484823,0.6097452229299363,0.35068110023145715
amazon,19,20,query_adaptive_R25,25.0,0.14,7.007801055908203,0.95,round(norm/delta),layer-wise cosine theorem,disabled: no norm-table or radial-layer candidate filter,"per-query, per-layer Eq. I_threshold with Binomial(K, theta/pi)",distance-table hash-bucket lookup with per-layer thresholds; union over L tables without intersecting sphere-layer masks or exact norm-table filter,0.2198861390572575,0.6171319796954314,0.323651360695213,0.58588061744916,0.3843736289500645,0.3997974058419463,539.05,197.0,2.7362944162436547,5.8,50.32802359873031,1.2137988750012596,91.17533600000002,2.7362944162436547,0.6156263710499355,False,0.503148499463868,0.31331210191082803,0.3638301472065428
amazon,19,30,query_adaptive_R25,25.0,0.14,7.007801055908203,0.95,round(norm/delta),layer-wise cosine theorem,disabled: no norm-table or radial-layer candidate filter,"per-query, per-layer Eq. I_threshold with Binomial(K, theta/pi)",distance-table hash-bucket lookup with per-layer thresholds; union over L tables without intersecting sphere-layer masks or exact norm-table filter,0.2273564917920583,0.8279187817258883,0.356568362093126,0.7733109631207373,0.1842612188599146,0.2120492745836671,711.875,197.0,3.613578680203045,11.7625,50.32802359873031,1.29805625000472,91.17533600000002,3.613578680203045,0.8157387811400854,False,0.46865892786852326,0.09315286624203845,0.38462768235551825
amazon,19,40,query_adaptive_R25,25.0,0.14,7.007801055908203,0.95,round(norm/delta),layer-wise cosine theorem,disabled: no norm-table or radial-layer candidate filter,"per-query, per-layer Eq. I_threshold with Binomial(K, theta/pi)",distance-table hash-bucket lookup with per-layer thresholds; union over L tables without intersecting sphere-layer masks or exact norm-table filter,0.2464781113849142,0.9746192893401016,0.3934396666854048,0.960607835705248,0.0350967597054371,0.0354059637207089,778.55,197.0,3.952030456852792,19.34375,50.32802359873031,1.4570665749985778,91.17533600000002,3.952030456852792,0.9649032402945629,True,0.4035702874017455,0.008216560509554105,0.4156582675006609
amazon,19,50,query_adaptive_R25,25.0,0.14,7.007801055908203,0.95,round(norm/delta),layer-wise cosine theorem,disabled: no norm-table or radial-layer candidate filter,"per-query, per-layer Eq. I_threshold with Binomial(K, theta/pi)",distance-table hash-bucket lookup with per-layer thresholds; union over L tables without intersecting sphere-layer masks or exact norm-table filter,0.2509554140127388,1.0,0.4012219959263595,0.9999999978489328,0.0514904131825464,0.0,785.0,197.0,3.984771573604061,31.44375,50.32802359873031,1.574381299995764,91.17533600000002,3.984771573604061,0.9485095868174536,True,0.3555491544527014,0.0,0.4209440098000456
amazon,19,60,query_adaptive_R25,25.0,0.14,7.007801055908203,0.95,round(norm/delta),layer-wise cosine theorem,disabled: no norm-table or radial-layer candidate filter,"per-query, per-layer Eq. I_threshold with Binomial(K, theta/pi)",distance-table hash-bucket lookup with per-layer thresholds; union over L tables without intersecting sphere-layer masks or exact norm-table filter,0.2407537533391025,0.9425126903553298,0.3834919075984804,0.9118336925288342,0.0586028163115506,0.0796638975907672,769.725,197.0,3.907233502538071,29.0125,50.32802359873031,1.6177364999990118,91.17533600000002,3.907233502538071,0.9413971836884494,True,0.33780231301026276,0.019458598726114662,0.40272204952474006
amazon,19,70,query_adaptive_R25,25.0,0.14,7.007801055908203,0.95,round(norm/delta),layer-wise cosine theorem,disabled: no norm-table or radial-layer candidate filter,"per-query, per-layer Eq. I_threshold with Binomial(K, theta/pi)",distance-table hash-bucket lookup with per-layer thresholds; union over L tables without intersecting sphere-layer masks or exact norm-table filter,0.2195341843466979,0.7380710659898477,0.3378755031057268,0.684389040617605,0.2791303471842694,0.3003458842173428,649.075,197.0,3.294796954314721,29.00625,50.32802359873031,1.602291749996709,91.17533600000002,3.294796954314721,0.7208696528157306,False,0.3441244042331941,0.17315286624203818,0.36393333551961377
amazon,19,80,query_adaptive_R25,25.0,0.14,7.007801055908203,0.95,round(norm/delta),layer-wise cosine theorem,disabled: no norm-table or radial-layer candidate filter,"per-query, per-layer Eq. I_threshold with Binomial(K, theta/pi)",distance-table hash-bucket lookup with per-layer thresholds; union over L tables without intersecting sphere-layer masks or exact norm-table filter,0.2309922189312763,0.4403553299492386,0.2991514223938661,0.4507730814389738,0.5353590296731323,0.54125096386092,332.625,197.0,1.6884517766497464,28.175,50.32802359873031,1.642324949997942,91.17533600000002,1.6884517766497464,0.4646409703268677,False,0.3277373767762318,0.5762738853503184,0.35335007020187925
amazon,19,90,query_adaptive_R25,25.0,0.14,7.007801055908203,0.95,round(norm/delta),layer-wise cosine theorem,disabled: no norm-table or radial-layer candidate filter,"per-query, per-layer Eq. I_threshold with Binomial(K, theta/pi)",distance-table hash-bucket lookup with per-layer thresholds; union over L tables without intersecting sphere-layer masks or exact norm-table filter,0.2934190369188361,0.2609137055837564,0.2537992071443442,0.3352497182426329,0.6609100391269471,0.6623754651798774,121.25,197.0,0.6154822335025381,27.1,50.32802359873031,1.6745188000044209,91.17533600000002,0.6154822335025381,0.3390899608730529,False,0.3145592769994153,0.8455414012738853,0.3569263968880343
amazon,19,100,query_adaptive_R25,25.0,0.14,7.007801055908203,0.95,round(norm/delta),layer-wise cosine theorem,disabled: no norm-table or radial-layer candidate filter,"per-query, per-layer Eq. I_threshold with Binomial(K, theta/pi)",distance-table hash-bucket lookup with per-layer thresholds; union over L tables without intersecting sphere-layer masks or exact norm-table filter,0.3671431992940712,0.0960659898477157,0.1210276105949823,0.2343578639077703,0.7655295762137949,0.7656794483006446,23.025,197.0,0.1168781725888324,23.2375,50.32802359873031,1.6499854000002756,91.17533600000002,0.1168781725888324,0.23447042378620508,False,0.32460167929221695,0.9706687898089172,0.31518906393725316
amazon,20,10,query_adaptive_R25,25.0,0.14,7.007801055908203,0.95,round(norm/delta),layer-wise cosine theorem,disabled: no norm-table or radial-layer candidate filter,"per-query, per-layer Eq. I_threshold with Binomial(K, theta/pi)",distance-table hash-bucket lookup with per-layer thresholds; union over L tables without intersecting sphere-layer masks or exact norm-table filter,0.2126268330392505,0.3918781725888324,0.263577337876048,0.4043291558992902,0.584861692887405,0.5892612259426568,297.6,197.0,1.510659898477157,1.11875,50.32802359873031,1.0126719000055573,91.17533600000002,1.510659898477157,0.41513830711259503,False,0.5854769983470163,0.6208917197452231,0.3461920189133302
amazon,20,20,query_adaptive_R25,25.0,0.14,7.007801055908203,0.95,round(norm/delta),layer-wise cosine theorem,disabled: no norm-table or radial-layer candidate filter,"per-query, per-layer Eq. I_threshold with Binomial(K, theta/pi)",distance-table hash-bucket lookup with per-layer thresholds; union over L tables without intersecting sphere-layer masks or exact norm-table filter,0.2201478592010787,0.6288071065989846,0.3255848513193187,0.592545361678926,0.3769756470702134,0.3930169850457951,549.525,197.0,2.789467005076142,5.7875,50.32802359873031,1.2385229749966695,91.17533600000002,2.789467005076142,0.6230243529297865,False,0.4930280368113449,0.2999681528662421,0.36439970885233164
amazon,20,30,query_adaptive_R25,25.0,0.14,7.007801055908203,0.95,round(norm/delta),layer-wise cosine theorem,disabled: no norm-table or radial-layer candidate filter,"per-query, per-layer Eq. I_threshold with Binomial(K, theta/pi)",distance-table hash-bucket lookup with per-layer thresholds; union over L tables without intersecting sphere-layer masks or exact norm-table filter,0.2284731814755829,0.8347715736040608,0.3585971488141656,0.780709017993203,0.1767041436986462,0.2049299066069861,714.825,197.0,3.6285532994923857,11.7375,50.32802359873031,1.3159072999968655,91.17533600000002,3.6285532994923857,0.8232958563013538,False,0.46135185158314285,0.08939490445859877,0.38605844042261284
amazon,20,40,query_adaptive_R25,25.0,0.14,7.007801055908203,0.95,round(norm/delta),layer-wise cosine theorem,disabled: no norm-table or radial-layer candidate filter,"per-query, per-layer Eq. I_threshold with Binomial(K, theta/pi)",distance-table hash-bucket lookup with per-layer thresholds; union over L tables without intersecting sphere-layer masks or exact norm-table filter,0.2468484370001018,0.976522842639594,0.3940671820101329,0.9632191375729072,0.0349304926490379,0.0330882353092592,778.925,197.0,3.953934010152284,19.3375,50.32802359873031,1.4480406250029887,91.17533600000002,3.953934010152284,0.9650695073509621,True,0.4072649331057695,0.007738853503184706,0.4164642661622569
amazon,20,50,query_adaptive_R25,25.0,0.14,7.007801055908203,0.95,round(norm/delta),layer-wise cosine theorem,disabled: no norm-table or radial-layer candidate filter,"per-query, per-layer Eq. I_threshold with Binomial(K, theta/pi)",distance-table hash-bucket lookup with per-layer thresholds; union over L tables without intersecting sphere-layer masks or exact norm-table filter,0.2509554140127388,1.0,0.4012219959263595,0.9999999978489328,0.0514904131825464,0.0,785.0,197.0,3.984771573604061,31.44375,50.32802359873031,1.6006750750051424,91.17533600000002,3.984771573604061,0.9485095868174536,True,0.3447861674066345,0.0,0.42040586044774225
amazon,20,60,query_adaptive_R25,25.0,0.14,7.007801055908203,0.95,round(norm/delta),layer-wise cosine theorem,disabled: no norm-table or radial-layer candidate filter,"per-query, per-layer Eq. I_threshold with Binomial(K, theta/pi)",distance-table hash-bucket lookup with per-layer thresholds; union over L tables without intersecting sphere-layer masks or exact norm-table filter,0.2413358577386081,0.9455583756345176,0.3844867328219404,0.917060648244463,0.0546478577591155,0.074950276201603,770.5,197.0,3.911167512690355,29.00625,50.32802359873031,1.6075196499954814,91.17533600000002,3.911167512690355,0.9453521422408845,True,0.3419844368856052,0.01847133757961794,0.4038859185304576
amazon,20,70,query_adaptive_R25,25.0,0.14,7.007801055908203,0.95,round(norm/delta),layer-wise cosine theorem,disabled: no norm-table or radial-layer candidate filter,"per-query, per-layer Eq. I_threshold with Binomial(K, theta/pi)",distance-table hash-bucket lookup with per-layer thresholds; union over L tables without intersecting sphere-layer masks or exact norm-table filter,0.2200180280760367,0.7441624365482233,0.3390953369172312,0.6895337950394593,0.2737012389347333,0.2954263175563011,653.675,197.0,3.3181472081218275,28.99375,50.32802359873031,1.624796874996548,91.17533600000002,3.3181472081218275,0.7262987610652667,False,0.33491224779095685,0.16729299363057326,0.36435992368381864
amazon,20,80,query_adaptive_R25,25.0,0.14,7.007801055908203,0.95,round(norm/delta),layer-wise cosine theorem,disabled: no norm-table or radial-layer candidate filter,"per-query, per-layer Eq. I_threshold with Binomial(K, theta/pi)",distance-table hash-bucket lookup with per-layer thresholds; union over L tables without intersecting sphere-layer masks or exact norm-table filter,0.2294866783179818,0.4459390862944162,0.2992895996723954,0.4532542217222527,0.5325716271986345,0.5386742284831565,340.125,197.0,1.726522842639594,28.14375,50.32802359873031,1.6592291000037562,91.17533600000002,1.726522842639594,0.4674283728013655,False,0.32081790068455396,0.56671974522293,0.35235970354138424
amazon,20,90,query_adaptive_R25,25.0,0.14,7.007801055908203,0.95,round(norm/delta),layer-wise cosine theorem,disabled: no norm-table or radial-layer candidate filter,"per-query, per-layer Eq. I_threshold with Binomial(K, theta/pi)",distance-table hash-bucket lookup with per-layer thresholds; union over L tables without intersecting sphere-layer masks or exact norm-table filter,0.2891248623689712,0.2629441624365482,0.2532284916513783,0.3386893754566858,0.6573935398412033,0.6588806853318537,124.075,197.0,0.6298223350253808,27.0375,50.32802359873031,1.6885780249992877,91.17533600000002,0.6298223350253808,0.3426064601587967,False,0.3088043309544477,0.8419426751592356,0.35523163797914253
amazon,20,100,query_adaptive_R25,25.0,0.14,7.007801055908203,0.95,round(norm/delta),layer-wise cosine theorem,disabled: no norm-table or radial-layer candidate filter,"per-query, per-layer Eq. I_threshold with Binomial(K, theta/pi)",distance-table hash-bucket lookup with per-layer thresholds; union over L tables without intersecting sphere-layer masks or exact norm-table filter,0.3782026307770606,0.0954314720812182,0.1210632352511596,0.2395486033700558,0.760349137141529,0.7605056999331279,22.425,197.0,0.1138324873096446,23.09375,50.32802359873031,1.6756958750022477,91.17533600000002,0.1138324873096446,0.23965086285847104,False,0.31407745790157404,0.9714331210191083,0.31742792549635956
cifar10,2,10,query_adaptive_R25,25.0,0.14,7.763739109039307,0.95,round(norm/delta),layer-wise cosine theorem,disabled: no norm-table or radial-layer candidate filter,"per-query, per-layer Eq. I_threshold with Binomial(K, theta/pi)",distance-table hash-bucket lookup with per-layer thresholds; union over L tables without intersecting sphere-layer masks or exact norm-table filter,0.25,1.0,0.3999999999996799,1.0,0.0001615705552502,0.0,1800.0,450.0,4.0,1.223364898989899,13.096866976334454,1.0392615249983803,123.944970042,4.0,0.9998384294447498,True,0.8519052303737006,0.0,0.445095261518573
cifar10,2,20,query_adaptive_R25,25.0,0.14,7.763739109039307,0.95,round(norm/delta),layer-wise cosine theorem,disabled: no norm-table or radial-layer candidate filter,"per-query, per-layer Eq. I_threshold with Binomial(K, theta/pi)",distance-table hash-bucket lookup with per-layer thresholds; union over L tables without intersecting sphere-layer masks or exact norm-table filter,0.25,1.0,0.3999999999996799,1.0,0.0001615705552502,0.0,1800.0,450.0,4.0,3.559406565656565,13.096866976334454,0.9954145750015186,123.944970042,4.0,0.9998384294447498,True,0.8581534208458834,0.0,0.44540767104218215
cifar10,2,30,query_adaptive_R25,25.0,0.14,7.763739109039307,0.95,round(norm/delta),layer-wise cosine theorem,disabled: no norm-table or radial-layer candidate filter,"per-query, per-layer Eq. I_threshold with Binomial(K, theta/pi)",distance-table hash-bucket lookup with per-layer thresholds; union over L tables without intersecting sphere-layer masks or exact norm-table filter,0.25,1.0,0.3999999999996799,1.0,0.0001615705552502,0.0,1800.0,450.0,4.0,7.218428030303031,13.096866976334454,1.3328979500002447,123.944970042,4.0,0.9998384294447498,True,0.810062039157121,0.0,0.443003101957744
cifar10,2,40,query_adaptive_R25,25.0,0.14,7.763739109039307,0.95,round(norm/delta),layer-wise cosine theorem,disabled: no norm-table or radial-layer candidate filter,"per-query, per-layer Eq. I_threshold with Binomial(K, theta/pi)",distance-table hash-bucket lookup with per-layer thresholds; union over L tables without intersecting sphere-layer masks or exact norm-table filter,0.25,1.0,0.3999999999996799,1.0,0.0001615705552502,0.0,1800.0,450.0,4.0,12.184722222222224,13.096866976334454,1.042264549997185,123.944970042,4.0,0.9998384294447498,True,0.8514772993046844,0.0,0.4450738649651222
cifar10,2,50,query_adaptive_R25,25.0,0.14,7.763739109039307,0.95,round(norm/delta),layer-wise cosine theorem,disabled: no norm-table or radial-layer candidate filter,"per-query, per-layer Eq. I_threshold with Binomial(K, theta/pi)",distance-table hash-bucket lookup with per-layer thresholds; union over L tables without intersecting sphere-layer masks or exact norm-table filter,0.25,1.0,0.3999999999996799,1.0,0.0001615705552502,0.0,1800.0,450.0,4.0,19.087493686868687,13.096866976334454,1.0335678750003296,123.944970042,4.0,0.9998384294447498,True,0.8527165755111004,0.0,0.445135828775443
cifar10,2,60,query_adaptive_R25,25.0,0.14,7.763739109039307,0.95,round(norm/delta),layer-wise cosine theorem,disabled: no norm-table or radial-layer candidate filter,"per-query, per-layer Eq. I_threshold with Binomial(K, theta/pi)",distance-table hash-bucket lookup with per-layer thresholds; union over L tables without intersecting sphere-layer masks or exact norm-table filter,0.25,1.0,0.3999999999996799,1.0,0.0001615705552502,0.0,1800.0,450.0,4.0,18.06150883838384,13.096866976334454,1.0445374499980176,123.944970042,4.0,0.9998384294447498,True,0.8511534110495048,0.0,0.44505767055236317
cifar10,2,70,query_adaptive_R25,25.0,0.14,7.763739109039307,0.95,round(norm/delta),layer-wise cosine theorem,disabled: no norm-table or radial-layer candidate filter,"per-query, per-layer Eq. I_threshold with Binomial(K, theta/pi)",distance-table hash-bucket lookup with per-layer thresholds; union over L tables without intersecting sphere-layer masks or exact norm-table filter,0.25,1.0,0.3999999999996799,1.0,0.0001615705552502,0.0,1800.0,450.0,4.0,16.960157828282828,13.096866976334454,1.062022949996333,123.944970042,4.0,0.9998384294447498,True,0.8486617272608115,0.0,0.4449330863629285
cifar10,2,80,query_adaptive_R25,25.0,0.14,7.763739109039307,0.95,round(norm/delta),layer-wise cosine theorem,disabled: no norm-table or radial-layer candidate filter,"per-query, per-layer Eq. I_threshold with Binomial(K, theta/pi)",distance-table hash-bucket lookup with per-layer thresholds; union over L tables without intersecting sphere-layer masks or exact norm-table filter,0.25,1.0,0.3999999999996799,1.0,0.0001615705552502,0.0,1800.0,450.0,4.0,15.077070707070709,13.096866976334454,1.0609770000016283,123.944970042,4.0,0.9998384294447498,True,0.8488107751373859,0.0,0.44494053875675726
cifar10,2,90,query_adaptive_R25,25.0,0.14,7.763739109039307,0.95,round(norm/delta),layer-wise cosine theorem,disabled: no norm-table or radial-layer candidate filter,"per-query, per-layer Eq. I_threshold with Binomial(K, theta/pi)",distance-table hash-bucket lookup with per-layer thresholds; union over L tables without intersecting sphere-layer masks or exact norm-table filter,0.25,1.0,0.3999999999996799,1.0,0.0001615705552502,0.0,1800.0,450.0,4.0,12.96302398989899,13.096866976334454,1.049172899998041,123.944970042,4.0,0.9998384294447498,True,0.8504928594141802,0.0,0.44502464297059696
cifar10,2,100,query_adaptive_R25,25.0,0.14,7.763739109039307,0.95,round(norm/delta),layer-wise cosine theorem,disabled: no norm-table or radial-layer candidate filter,"per-query, per-layer Eq. I_threshold with Binomial(K, theta/pi)",distance-table hash-bucket lookup with per-layer thresholds; union over L tables without intersecting sphere-layer masks or exact norm-table filter,0.25,1.0,0.3999999999996799,1.0,0.0001615705552502,0.0,1800.0,450.0,4.0,9.024337121212122,13.096866976334454,1.0571542249969923,123.944970042,4.0,0.9998384294447498,True,0.8493555205840583,0.0,0.4449677760290909
cifar10,3,10,query_adaptive_R25,25.0,0.14,7.763739109039307,0.95,round(norm/delta),layer-wise cosine theorem,disabled: no norm-table or radial-layer candidate filter,"per-query, per-layer Eq. I_threshold with Binomial(K, theta/pi)",distance-table hash-bucket lookup with per-layer thresholds; union over L tables without intersecting sphere-layer masks or exact norm-table filter,0.25,1.0,0.3999999999996799,1.0,0.0001615705552502,0.0,1800.0,450.0,4.0,0.8249747474747476,13.096866976334454,1.1181301750013972,123.944970042,4.0,0.9998384294447498,True,0.840666447572661,0.0,0.444533322378521
cifar10,3,20,query_adaptive_R25,25.0,0.14,7.763739109039307,0.95,round(norm/delta),layer-wise cosine theorem,disabled: no norm-table or radial-layer candidate filter,"per-query, per-layer Eq. I_threshold with Binomial(K, theta/pi)",distance-table hash-bucket lookup with per-layer thresholds; union over L tables without intersecting sphere-layer masks or exact norm-table filter,0.25,1.0,0.3999999999996799,1.0,0.0001615705552502,0.0,1800.0,450.0,4.0,3.1031060606060605,13.096866976334454,1.1078469499992138,123.944970042,4.0,0.9998384294447498,True,0.8421318071583688,0.0,0.44460659035780636
cifar10,3,30,query_adaptive_R25,25.0,0.14,7.763739109039307,0.95,round(norm/delta),layer-wise cosine theorem,disabled: no norm-table or radial-layer candidate filter,"per-query, per-layer Eq. I_threshold with Binomial(K, theta/pi)",distance-table hash-bucket lookup with per-layer thresholds; union over L tables without intersecting sphere-layer masks or exact norm-table filter,0.25,1.0,0.3999999999996799,1.0,0.0001615705552502,0.0,1800.0,450.0,4.0,6.814431818181819,13.096866976334454,1.0825665500028947,123.944970042,4.0,0.9998384294447498,True,0.8457342642141339,0.0,0.44478671321059465
cifar10,3,40,query_adaptive_R25,25.0,0.14,7.763739109039307,0.95,round(norm/delta),layer-wise cosine theorem,disabled: no norm-table or radial-layer candidate filter,"per-query, per-layer Eq. I_threshold with Binomial(K, theta/pi)",distance-table hash-bucket lookup with per-layer thresholds; union over L tables without intersecting sphere-layer masks or exact norm-table filter,0.25,1.0,0.3999999999996799,1.0,0.0001615705552502,0.0,1800.0,450.0,4.0,11.831325757575758,13.096866976334454,1.0806854749972672,123.944970042,4.0,0.9998384294447498,True,0.8460023174066242,0.0,0.44480011587021917
cifar10,3,50,query_adaptive_R25,25.0,0.14,7.763739109039307,0.95,round(norm/delta),layer-wise cosine theorem,disabled: no norm-table or radial-layer candidate filter,"per-query, per-layer Eq. I_threshold with Binomial(K, theta/pi)",distance-table hash-bucket lookup with per-layer thresholds; union over L tables without intersecting sphere-layer masks or exact norm-table filter,0.25,1.0,0.3999999999996799,1.0,0.0001615705552502,0.0,1800.0,450.0,4.0,19.087493686868687,13.096866976334454,1.0733322250004562,123.944970042,4.0,0.9998384294447498,True,0.8470501555475426,0.0,0.4448525077772651
cifar10,3,60,query_adaptive_R25,25.0,0.14,7.763739109039307,0.95,round(norm/delta),layer-wise cosine theorem,disabled: no norm-table or radial-layer candidate filter,"per-query, per-layer Eq. I_threshold with Binomial(K, theta/pi)",distance-table hash-bucket lookup with per-layer thresholds; union over L tables without intersecting sphere-layer masks or exact norm-table filter,0.25,1.0,0.3999999999996799,1.0,0.0001615705552502,0.0,1800.0,450.0,4.0,17.698983585858585,13.096866976334454,1.0738843499986217,123.944970042,4.0,0.9998384294447498,True,0.8469714777340747,0.0,0.4448485738865917
cifar10,3,70,query_adaptive_R25,25.0,0.14,7.763739109039307,0.95,round(norm/delta),layer-wise cosine theorem,disabled: no norm-table or radial-layer candidate filter,"per-query, per-layer Eq. I_threshold with Binomial(K, theta/pi)",distance-table hash-bucket lookup with per-layer thresholds; union over L tables without intersecting sphere-layer masks or exact norm-table filter,0.25,1.0,0.3999999999996799,1.0,0.0001615705552502,0.0,1800.0,450.0,4.0,16.39083964646465,13.096866976334454,1.1015208250022113,123.944970042,4.0,0.9998384294447498,True,0.8430332799845275,0.0,0.4446516639991143
cifar10,3,80,query_adaptive_R25,25.0,0.14,7.763739109039307,0.95,round(norm/delta),layer-wise cosine theorem,disabled: no norm-table or radial-layer candidate filter,"per-query, per-layer Eq. I_threshold with Binomial(K, theta/pi)",distance-table hash-bucket lookup with per-layer thresholds; union over L tables without intersecting sphere-layer masks or exact norm-table filter,0.25,1.0,0.3999999999996799,1.0,0.0001615705552502,0.0,1800.0,450.0,4.0,14.35284722222222,13.096866976334454,1.0927593750018616,123.944970042,4.0,0.9998384294447498,True,0.8442817866290857,0.0,0.44471408933134227
cifar10,3,90,query_adaptive_R25,25.0,0.14,7.763739109039307,0.95,round(norm/delta),layer-wise cosine theorem,disabled: no norm-table or radial-layer candidate filter,"per-query, per-layer Eq. I_threshold with Binomial(K, theta/pi)",distance-table hash-bucket lookup with per-layer thresholds; union over L tables without intersecting sphere-layer masks or exact norm-table filter,0.25,1.0,0.3999999999996799,1.0,0.0001615705552502,0.0,1800.0,450.0,4.0,12.064185606060606,13.096866976334454,1.0782614750006303,123.944970042,4.0,0.9998384294447498,True,0.8463477374115422,0.0,0.44481738687046507
cifar10,3,100,query_adaptive_R25,25.0,0.14,7.763739109039307,0.95,round(norm/delta),layer-wise cosine theorem,disabled: no norm-table or radial-layer candidate filter,"per-query, per-layer Eq. I_threshold with Binomial(K, theta/pi)",distance-table hash-bucket lookup with per-layer thresholds; union over L tables without intersecting sphere-layer masks or exact norm-table filter,0.25,1.0,0.3999999999996799,1.0,0.0001615705552502,0.0,1800.0,450.0,4.0,7.951616161616161,13.096866976334454,1.0765925999983494,123.944970042,4.0,0.9998384294447498,True,0.8465855521030832,0.0,0.4448292776050421
cifar10,4,10,query_adaptive_R25,25.0,0.14,7.763739109039307,0.95,round(norm/delta),layer-wise cosine theorem,disabled: no norm-table or radial-layer candidate filter,"per-query, per-layer Eq. I_threshold with Binomial(K, theta/pi)",distance-table hash-bucket lookup with per-layer thresholds; union over L tables without intersecting sphere-layer masks or exact norm-table filter,0.25,1.0,0.3999999999996799,1.0,0.0001615705552502,0.0,1800.0,450.0,4.0,0.7158712121212121,13.096866976334454,1.143982325000792,123.944970042,4.0,0.9998384294447498,True,0.8369825161401845,0.0,0.44434912580689717
cifar10,4,20,query_adaptive_R25,25.0,0.14,7.763739109039307,0.95,round(norm/delta),layer-wise cosine theorem,disabled: no norm-table or radial-layer candidate filter,"per-query, per-layer Eq. I_threshold with Binomial(K, theta/pi)",distance-table hash-bucket lookup with per-layer thresholds; union over L tables without intersecting sphere-layer masks or exact norm-table filter,0.25,1.0,0.3999999999996799,1.0,0.0001615705552502,0.0,1800.0,450.0,4.0,2.8554608585858583,13.096866976334454,1.1678687999975068,123.944970042,4.0,0.9998384294447498,True,0.8335786933999668,0.0,0.4441789346698863
cifar10,4,30,query_adaptive_R25,25.0,0.14,7.763739109039307,0.95,round(norm/delta),layer-wise cosine theorem,disabled: no norm-table or radial-layer candidate filter,"per-query, per-layer Eq. I_threshold with Binomial(K, theta/pi)",distance-table hash-bucket lookup with per-layer thresholds; union over L tables without intersecting sphere-layer masks or exact norm-table filter,0.25,1.0,0.3999999999996799,1.0,0.0001615705552502,0.0,1800.0,450.0,4.0,6.577859848484849,13.096866976334454,1.14884587500228,123.944970042,4.0,0.9998384294447498,True,0.8362894602541433,0.0,0.44431447301259513
cifar10,4,40,query_adaptive_R25,25.0,0.14,7.763739109039307,0.95,round(norm/delta),layer-wise cosine theorem,disabled: no norm-table or radial-layer candidate filter,"per-query, per-layer Eq. I_threshold with Binomial(K, theta/pi)",distance-table hash-bucket lookup with per-layer thresholds; union over L tables without intersecting sphere-layer masks or exact norm-table filter,0.25,1.0,0.3999999999996799,1.0,0.0001615705552502,0.0,1800.0,450.0,4.0,11.623573232323231,13.096866976334454,1.204405100001793,123.944970042,4.0,0.9998384294447498,True,0.8283722705680039,0.0,0.44391861352828815
cifar10,4,50,query_adaptive_R25,25.0,0.14,7.763739109039307,0.95,round(norm/delta),layer-wise cosine theorem,disabled: no norm-table or radial-layer candidate filter,"per-query, per-layer Eq. I_threshold with Binomial(K, theta/pi)",distance-table hash-bucket lookup with per-layer thresholds; union over L tables without intersecting sphere-layer masks or exact norm-table filter,0.25,1.0,0.3999999999996799,1.0,0.0001615705552502,0.0,1800.0,450.0,4.0,19.087493686868687,13.096866976334454,1.1427302499996017,123.944970042,4.0,0.9998384294447498,True,0.8371609368306421,0.0,0.44435804684142005
cifar10,4,60,query_adaptive_R25,25.0,0.14,7.763739109039307,0.95,round(norm/delta),layer-wise cosine theorem,disabled: no norm-table or radial-layer candidate filter,"per-query, per-layer Eq. I_threshold with Binomial(K, theta/pi)",distance-table hash-bucket lookup with per-layer thresholds; union over L tables without intersecting sphere-layer masks or exact norm-table filter,0.25,1.0,0.3999999999996799,1.0,0.0001615705552502,0.0,1800.0,450.0,4.0,17.513724747474747,13.096866976334454,1.1654333250007198,123.944970042,4.0,0.9998384294447498,True,0.8339257485924318,0.0,0.44419628742950956
cifar10,4,70,query_adaptive_R25,25.0,0.14,7.763739109039307,0.95,round(norm/delta),layer-wise cosine theorem,disabled: no norm-table or radial-layer candidate filter,"per-query, per-layer Eq. I_threshold with Binomial(K, theta/pi)",distance-table hash-bucket lookup with per-layer thresholds; union over L tables without intersecting sphere-layer masks or exact norm-table filter,0.25,1.0,0.3999999999996799,1.0,0.0001615705552502,0.0,1800.0,450.0,4.0,16.119558080808083,13.096866976334454,1.1633884499985925,123.944970042,4.0,0.9998384294447498,True,0.834217143284788,0.0,0.44421085716412734
cifar10,4,80,query_adaptive_R25,25.0,0.14,7.763739109039307,0.95,round(norm/delta),layer-wise cosine theorem,disabled: no norm-table or radial-layer candidate filter,"per-query, per-layer Eq. I_threshold with Binomial(K, theta/pi)",distance-table hash-bucket lookup with per-layer thresholds; union over L tables without intersecting sphere-layer masks or exact norm-table filter,0.25,1.0,0.3999999999996799,1.0,0.0001615705552502,0.0,1800.0,450.0,4.0,13.95580176767677,13.096866976334454,1.1621073000007698,123.944970042,4.0,0.9998384294447498,True,0.8343997071623305,0.0,0.44421998535800444
cifar10,4,90,query_adaptive_R25,25.0,0.14,7.763739109039307,0.95,round(norm/delta),layer-wise cosine theorem,disabled: no norm-table or radial-layer candidate filter,"per-query, per-layer Eq. I_threshold with Binomial(K, theta/pi)",distance-table hash-bucket lookup with per-layer thresholds; union over L tables without intersecting sphere-layer masks or exact norm-table filter,0.25,1.0,0.3999999999996799,1.0,0.0001615705552502,0.0,1800.0,450.0,4.0,11.524968434343435,13.096866976334454,1.1539208749979937,123.944970042,4.0,0.9998384294447498,True,0.8355662727434541,0.0,0.44427831363706066
cifar10,4,100,query_adaptive_R25,25.0,0.14,7.763739109039307,0.95,round(norm/delta),layer-wise cosine theorem,disabled: no norm-table or radial-layer candidate filter,"per-query, per-layer Eq. I_threshold with Binomial(K, theta/pi)",distance-table hash-bucket lookup with per-layer thresholds; union over L tables without intersecting sphere-layer masks or exact norm-table filter,0.25,1.0,0.3999999999996799,1.0,0.0001615705552502,0.0,1800.0,450.0,4.0,7.314223484848485,13.096866976334454,1.1479843999993022,123.944970042,4.0,0.9998384294447498,True,0.8364122204439858,0.0,0.44432061102208725
cifar10,5,10,query_adaptive_R25,25.0,0.14,7.763739109039307,0.95,round(norm/delta),layer-wise cosine theorem,disabled: no norm-table or radial-layer candidate filter,"per-query, per-layer Eq. I_threshold with Binomial(K, theta/pi)",distance-table hash-bucket lookup with per-layer thresholds; union over L tables without intersecting sphere-layer masks or exact norm-table filter,0.25,1.0,0.3999999999996799,1.0,0.0001615705552502,0.0,1800.0,450.0,4.0,0.5974684343434343,13.096866976334454,1.218386499999724,123.944970042,4.0,0.9998384294447498,True,0.8263799210371676,0.0,0.44381899605174635
cifar10,5,20,query_adaptive_R25,25.0,0.14,7.763739109039307,0.95,round(norm/delta),layer-wise cosine theorem,disabled: no norm-table or radial-layer candidate filter,"per-query, per-layer Eq. I_threshold with Binomial(K, theta/pi)",distance-table hash-bucket lookup with per-layer thresholds; union over L tables without intersecting sphere-layer masks or exact norm-table filter,0.25,1.0,0.3999999999996799,1.0,0.0001615705552502,0.0,1800.0,450.0,4.0,2.722108585858586,13.096866976334454,1.2385269749984218,123.944970042,4.0,0.9998384294447498,True,0.8235099033050082,0.0,0.4436754951651384
cifar10,5,30,query_adaptive_R25,25.0,0.14,7.763739109039307,0.95,round(norm/delta),layer-wise cosine theorem,disabled: no norm-table or radial-layer candidate filter,"per-query, per-layer Eq. I_threshold with Binomial(K, theta/pi)",distance-table hash-bucket lookup with per-layer thresholds; union over L tables without intersecting sphere-layer masks or exact norm-table filter,0.25,1.0,0.3999999999996799,1.0,0.0001615705552502,0.0,1800.0,450.0,4.0,6.439450757575759,13.096866976334454,1.2394395750007448,123.944970042,4.0,0.9998384294447498,True,0.8233798578026452,0.0,0.4436689928900202
cifar10,5,40,query_adaptive_R25,25.0,0.14,7.763739109039307,0.95,round(norm/delta),layer-wise cosine theorem,disabled: no norm-table or radial-layer candidate filter,"per-query, per-layer Eq. I_threshold with Binomial(K, theta/pi)",distance-table hash-bucket lookup with per-layer thresholds; union over L tables without intersecting sphere-layer masks or exact norm-table filter,0.25,1.0,0.3999999999996799,1.0,0.0001615705552502,0.0,1800.0,450.0,4.0,11.501079545454546,13.096866976334454,1.253678050002094,123.944970042,4.0,0.9998384294447498,True,0.8213508750832493,0.0,0.4435675437540504
cifar10,5,50,query_adaptive_R25,25.0,0.14,7.763739109039307,0.95,round(norm/delta),layer-wise cosine theorem,disabled: no norm-table or radial-layer candidate filter,"per-query, per-layer Eq. I_threshold with Binomial(K, theta/pi)",distance-table hash-bucket lookup with per-layer thresholds; union over L tables without intersecting sphere-layer masks or exact norm-table filter,0.25,1.0,0.3999999999996799,1.0,0.0001615705552502,0.0,1800.0,450.0,4.0,19.087493686868687,13.096866976334454,1.215743749997955,123.944970042,4.0,0.9998384294447498,True,0.8267565129183041,0.0,0.44383782564580315
cifar10,5,60,query_adaptive_R25,25.0,0.14,7.763739109039307,0.95,round(norm/delta),layer-wise cosine theorem,disabled: no norm-table or radial-layer candidate filter,"per-query, per-layer Eq. I_threshold with Binomial(K, theta/pi)",distance-table hash-bucket lookup with per-layer thresholds; union over L tables without intersecting sphere-layer masks or exact norm-table filter,0.25,1.0,0.3999999999996799,1.0,0.0001615705552502,0.0,1800.0,450.0,4.0,17.432310606060604,13.096866976334454,1.2209062999993137,123.944970042,4.0,0.9998384294447498,True,0.8260208495316155,0.0,0.44380104247646873
cifar10,5,70,query_adaptive_R25,25.0,0.14,7.763739109039307,0.95,round(norm/delta),layer-wise cosine theorem,disabled: no norm-table or radial-layer candidate filter,"per-query, per-layer Eq. I_threshold with Binomial(K, theta/pi)",distance-table hash-bucket lookup with per-layer thresholds; union over L tables without intersecting sphere-layer masks or exact norm-table filter,0.25,1.0,0.3999999999996799,1.0,0.0001615705552502,0.0,1800.0,450.0,4.0,15.951685606060607,13.096866976334454,1.2509165749996498,123.944970042,4.0,0.9998384294447498,True,0.8217443852772464,0.0,0.4435872192637503
cifar10,5,80,query_adaptive_R25,25.0,0.14,7.763739109039307,0.95,round(norm/delta),layer-wise cosine theorem,disabled: no norm-table or radial-layer candidate filter,"per-query, per-layer Eq. I_threshold with Binomial(K, theta/pi)",distance-table hash-bucket lookup with per-layer thresholds; union over L tables without intersecting sphere-layer masks or exact norm-table filter,0.25,1.0,0.3999999999996799,1.0,0.0001615705552502,0.0,1800.0,450.0,4.0,13.71650883838384,13.096866976334454,1.2512676250004515,123.944970042,4.0,0.9998384294447498,True,0.8216943606513505,0.0,0.44358471803245547
cifar10,5,90,query_adaptive_R25,25.0,0.14,7.763739109039307,0.95,round(norm/delta),layer-wise cosine theorem,disabled: no norm-table or radial-layer candidate filter,"per-query, per-layer Eq. I_threshold with Binomial(K, theta/pi)",distance-table hash-bucket lookup with per-layer thresholds; union over L tables without intersecting sphere-layer masks or exact norm-table filter,0.25,1.0,0.3999999999996799,1.0,0.0001615705552502,0.0,1800.0,450.0,4.0,11.184375,13.096866976334454,1.2484322750040633,123.944970042,4.0,0.9998384294447498,True,0.822098398032149,0.0,0.4436049199014954
cifar10,5,100,query_adaptive_R25,25.0,0.14,7.763739109039307,0.95,round(norm/delta),layer-wise cosine theorem,disabled: no norm-table or radial-layer candidate filter,"per-query, per-layer Eq. I_threshold with Binomial(K, theta/pi)",distance-table hash-bucket lookup with per-layer thresholds; union over L tables without intersecting sphere-layer masks or exact norm-table filter,0.25,1.0,0.3999999999996799,1.0,0.0001615705552502,0.0,1800.0,450.0,4.0,6.849097222222222,13.096866976334454,1.2467739749986606,123.944970042,4.0,0.9998384294447498,True,0.8223347057866113,0.0,0.4436167352892185
cifar10,6,10,query_adaptive_R25,25.0,0.14,7.763739109039307,0.95,round(norm/delta),layer-wise cosine theorem,disabled: no norm-table or radial-layer candidate filter,"per-query, per-layer Eq. I_threshold with Binomial(K, theta/pi)",distance-table hash-bucket lookup with per-layer thresholds; union over L tables without intersecting sphere-layer masks or exact norm-table filter,0.25,1.0,0.3999999999996799,1.0,0.0001615705552502,0.0,1800.0,450.0,4.0,0.3851325757575757,13.096866976334454,1.2983270500015465,123.944970042,4.0,0.9998384294447498,True,0.8149883924839114,0.0,0.44324941962408354
cifar10,6,20,query_adaptive_R25,25.0,0.14,7.763739109039307,0.95,round(norm/delta),layer-wise cosine theorem,disabled: no norm-table or radial-layer candidate filter,"per-query, per-layer Eq. I_threshold with Binomial(K, theta/pi)",distance-table hash-bucket lookup with per-layer thresholds; union over L tables without intersecting sphere-layer masks or exact norm-table filter,0.25,1.0,0.3999999999996799,1.0,0.0001615705552502,0.0,1800.0,450.0,4.0,2.639968434343434,13.096866976334454,1.3112792249998506,123.944970042,4.0,0.9998384294447498,True,0.8131427075178137,0.0,0.4431571353757786
cifar10,6,30,query_adaptive_R25,25.0,0.14,7.763739109039307,0.95,round(norm/delta),layer-wise cosine theorem,disabled: no norm-table or radial-layer candidate filter,"per-query, per-layer Eq. I_threshold with Binomial(K, theta/pi)",distance-table hash-bucket lookup with per-layer thresholds; union over L tables without intersecting sphere-layer masks or exact norm-table filter,0.25,1.0,0.3999999999996799,1.0,0.0001615705552502,0.0,1800.0,450.0,4.0,6.347695707070708,13.096866976334454,1.288710424999806,123.944970042,4.0,0.9998384294447498,True,0.816358761568072,0.0,0.44331793807829156
cifar10,6,40,query_adaptive_R25,25.0,0.14,7.763739109039307,0.95,round(norm/delta),layer-wise cosine theorem,disabled: no norm-table or radial-layer candidate filter,"per-query, per-layer Eq. I_threshold with Binomial(K, theta/pi)",distance-table hash-bucket lookup with per-layer thresholds; union over L tables without intersecting sphere-layer masks or exact norm-table filter,0.25,1.0,0.3999999999996799,1.0,0.0001615705552502,0.0,1800.0,450.0,4.0,11.42929924242424,13.096866976334454,1.3334387000000447,123.944970042,4.0,0.9998384294447498,True,0.8099849822809455,0.0,0.44299924911393523
cifar10,6,50,query_adaptive_R25,25.0,0.14,7.763739109039307,0.95,round(norm/delta),layer-wise cosine theorem,disabled: no norm-table or radial-layer candidate filter,"per-query, per-layer Eq. I_threshold with Binomial(K, theta/pi)",distance-table hash-bucket lookup with per-layer thresholds; union over L tables without intersecting sphere-layer masks or exact norm-table filter,0.25,1.0,0.3999999999996799,1.0,0.0001615705552502,0.0,1800.0,450.0,4.0,19.087493686868687,13.096866976334454,1.2906853750010328,123.944970042,4.0,0.9998384294447498,True,0.8160773311884997,0.0,0.4433038665593129
cifar10,6,60,query_adaptive_R25,25.0,0.14,7.763739109039307,0.95,round(norm/delta),layer-wise cosine theorem,disabled: no norm-table or radial-layer candidate filter,"per-query, per-layer Eq. I_threshold with Binomial(K, theta/pi)",distance-table hash-bucket lookup with per-layer thresholds; union over L tables without intersecting sphere-layer masks or exact norm-table filter,0.25,1.0,0.3999999999996799,1.0,0.0001615705552502,0.0,1800.0,450.0,4.0,17.37669191919192,13.096866976334454,1.3038416750006832,123.944970042,4.0,0.9998384294447498,True,0.8142025584092556,0.0,0.44321012792035075
cifar10,6,70,query_adaptive_R25,25.0,0.14,7.763739109039307,0.95,round(norm/delta),layer-wise cosine theorem,disabled: no norm-table or radial-layer candidate filter,"per-query, per-layer Eq. I_threshold with Binomial(K, theta/pi)",distance-table hash-bucket lookup with per-layer thresholds; union over L tables without intersecting sphere-layer masks or exact norm-table filter,0.25,1.0,0.3999999999996799,1.0,0.0001615705552502,0.0,1800.0,450.0,4.0,15.816546717171718,13.096866976334454,1.3300168000007773,123.944970042,4.0,0.9998384294447498,True,0.8104726030384604,0.0,0.44302363015181095
cifar10,6,80,query_adaptive_R25,25.0,0.14,7.763739109039307,0.95,round(norm/delta),layer-wise cosine theorem,disabled: no norm-table or radial-layer candidate filter,"per-query, per-layer Eq. I_threshold with Binomial(K, theta/pi)",distance-table hash-bucket lookup with per-layer thresholds; union over L tables without intersecting sphere-layer masks or exact norm-table filter,0.25,1.0,0.3999999999996799,1.0,0.0001615705552502,0.0,1800.0,450.0,4.0,13.514198232323231,13.096866976334454,1.3037614749997315,123.944970042,4.0,0.9998384294447498,True,0.8142139869095698,0.0,0.44321069934536644
cifar10,6,90,query_adaptive_R25,25.0,0.14,7.763739109039307,0.95,round(norm/delta),layer-wise cosine theorem,disabled: no norm-table or radial-layer candidate filter,"per-query, per-layer Eq. I_threshold with Binomial(K, theta/pi)",distance-table hash-bucket lookup with per-layer thresholds; union over L tables without intersecting sphere-layer masks or exact norm-table filter,0.25,1.0,0.3999999999996799,1.0,0.0001615705552502,0.0,1800.0,450.0,4.0,10.931931818181818,13.096866976334454,1.3021644000005494,123.944970042,4.0,0.9998384294447498,True,0.8144415701005092,0.0,0.4432220785049134
cifar10,6,100,query_adaptive_R25,25.0,0.14,7.763739109039307,0.95,round(norm/delta),layer-wise cosine theorem,disabled: no norm-table or radial-layer candidate filter,"per-query, per-layer Eq. I_threshold with Binomial(K, theta/pi)",distance-table hash-bucket lookup with per-layer thresholds; union over L tables without intersecting sphere-layer masks or exact norm-table filter,0.25,1.0,0.3999999999996799,1.0,0.0001615705552502,0.0,1800.0,450.0,4.0,6.5064898989899,13.096866976334454,1.295836525000027,123.944970042,4.0,0.9998384294447498,True,0.8153432923021734,0.0,0.4432671646149966
cifar10,7,10,query_adaptive_R25,25.0,0.14,7.763739109039307,0.95,round(norm/delta),layer-wise cosine theorem,disabled: no norm-table or radial-layer candidate filter,"per-query, per-layer Eq. I_threshold with Binomial(K, theta/pi)",distance-table hash-bucket lookup with per-layer thresholds; union over L tables without intersecting sphere-layer masks or exact norm-table filter,0.25,1.0,0.3999999999996799,1.0,0.0001615705552502,0.0,1800.0,450.0,4.0,0.2034911616161616,13.096866976334454,1.3645916500003352,123.944970042,4.0,0.9998384294447498,True,0.8055456868365387,0.0,0.44277728434171487
cifar10,7,20,query_adaptive_R25,25.0,0.14,7.763739109039307,0.95,round(norm/delta),layer-wise cosine theorem,disabled: no norm-table or radial-layer candidate filter,"per-query, per-layer Eq. I_threshold with Binomial(K, theta/pi)",distance-table hash-bucket lookup with per-layer thresholds; union over L tables without intersecting sphere-layer masks or exact norm-table filter,0.25,1.0,0.3999999999996799,1.0,0.0001615705552502,0.0,1800.0,450.0,4.0,2.5616224747474745,13.096866976334454,1.3821229500031509,123.944970042,4.0,0.9998384294447498,True,0.8030474765471021,0.0,0.44265237382724304
cifar10,7,30,query_adaptive_R25,25.0,0.14,7.763739109039307,0.95,round(norm/delta),layer-wise cosine theorem,disabled: no norm-table or radial-layer candidate filter,"per-query, per-layer Eq. I_threshold with Binomial(K, theta/pi)",distance-table hash-bucket lookup with per-layer thresholds; union over L tables without intersecting sphere-layer masks or exact norm-table filter,0.25,1.0,0.3999999999996799,1.0,0.0001615705552502,0.0,1800.0,450.0,4.0,6.297809343434343,13.096866976334454,1.3696645750023606,123.944970042,4.0,0.9998384294447498,True,0.8048227950124546,0.0,0.44274113975051066
cifar10,7,40,query_adaptive_R25,25.0,0.14,7.763739109039307,0.95,round(norm/delta),layer-wise cosine theorem,disabled: no norm-table or radial-layer candidate filter,"per-query, per-layer Eq. I_threshold with Binomial(K, theta/pi)",distance-table hash-bucket lookup with per-layer thresholds; union over L tables without intersecting sphere-layer masks or exact norm-table filter,0.25,1.0,0.3999999999996799,1.0,0.0001615705552502,0.0,1800.0,450.0,4.0,11.377916666666668,13.096866976334454,1.3830686500021727,123.944970042,4.0,0.9998384294447498,True,0.8029127142951358,0.0,0.44264563571464477
cifar10,7,50,query_adaptive_R25,25.0,0.14,7.763739109039307,0.95,round(norm/delta),layer-wise cosine theorem,disabled: no norm-table or radial-layer candidate filter,"per-query, per-layer Eq. I_threshold with Binomial(K, theta/pi)",distance-table hash-bucket lookup with per-layer thresholds; union over L tables without intersecting sphere-layer masks or exact norm-table filter,0.25,1.0,0.3999999999996799,1.0,0.0001615705552502,0.0,1800.0,450.0,4.0,19.087493686868687,13.096866976334454,1.3629041250013074,123.944970042,4.0,0.9998384294447498,True,0.8057861591526576,0.0,0.4427893079575208
cifar10,7,60,query_adaptive_R25,25.0,0.14,7.763739109039307,0.95,round(norm/delta),layer-wise cosine theorem,disabled: no norm-table or radial-layer candidate filter,"per-query, per-layer Eq. I_threshold with Binomial(K, theta/pi)",distance-table hash-bucket lookup with per-layer thresholds; union over L tables without intersecting sphere-layer masks or exact norm-table filter,0.25,1.0,0.3999999999996799,1.0,0.0001615705552502,0.0,1800.0,450.0,4.0,17.342165404040404,13.096866976334454,1.375354249999816,123.944970042,4.0,0.9998384294447498,True,0.8040120163126485,0.0,0.4427006008155204
cifar10,7,70,query_adaptive_R25,25.0,0.14,7.763739109039307,0.95,round(norm/delta),layer-wise cosine theorem,disabled: no norm-table or radial-layer candidate filter,"per-query, per-layer Eq. I_threshold with Binomial(K, theta/pi)",distance-table hash-bucket lookup with per-layer thresholds; union over L tables without intersecting sphere-layer masks or exact norm-table filter,0.25,1.0,0.3999999999996799,1.0,0.0001615705552502,0.0,1800.0,450.0,4.0,15.73868686868687,13.096866976334454,1.4457249499983504,123.944970042,4.0,0.9998384294447498,True,0.7939841914061693,0.0,0.4421992095701964
cifar10,7,80,query_adaptive_R25,25.0,0.14,7.763739109039307,0.95,round(norm/delta),layer-wise cosine theorem,disabled: no norm-table or radial-layer candidate filter,"per-query, per-layer Eq. I_threshold with Binomial(K, theta/pi)",distance-table hash-bucket lookup with per-layer thresholds; union over L tables without intersecting sphere-layer masks or exact norm-table filter,0.25,1.0,0.3999999999996799,1.0,0.0001615705552502,0.0,1800.0,450.0,4.0,13.390233585858583,13.096866976334454,1.3753979000014738,123.944970042,4.0,0.9998384294447498,True,0.804005796187315,0.0,0.4427002898092537
cifar10,7,90,query_adaptive_R25,25.0,0.14,7.763739109039307,0.95,round(norm/delta),layer-wise cosine theorem,disabled: no norm-table or radial-layer candidate filter,"per-query, per-layer Eq. I_threshold with Binomial(K, theta/pi)",distance-table hash-bucket lookup with per-layer thresholds; union over L tables without intersecting sphere-layer masks or exact norm-table filter,0.25,1.0,0.3999999999996799,1.0,0.0001615705552502,0.0,1800.0,450.0,4.0,10.703440656565656,13.096866976334454,1.372320824999207,123.944970042,4.0,0.9998384294447498,True,0.8044442793819896,0.0,0.4427222139689874
cifar10,7,100,query_adaptive_R25,25.0,0.14,7.763739109039307,0.95,round(norm/delta),layer-wise cosine theorem,disabled: no norm-table or radial-layer candidate filter,"per-query, per-layer Eq. I_threshold with Binomial(K, theta/pi)",distance-table hash-bucket lookup with per-layer thresholds; union over L tables without intersecting sphere-layer masks or exact norm-table filter,0.25,1.0,0.3999999999996799,1.0,0.0001615705552502,0.0,1800.0,450.0,4.0,6.247752525252525,13.096866976334454,1.367998824999006,123.944970042,4.0,0.9998384294447498,True,0.8050601643916416,0.0,0.44275300821947006
cifar10,8,10,query_adaptive_R25,25.0,0.14,7.763739109039307,0.95,round(norm/delta),layer-wise cosine theorem,disabled: no norm-table or radial-layer candidate filter,"per-query, per-layer Eq. I_threshold with Binomial(K, theta/pi)",distance-table hash-bucket lookup with per-layer thresholds; union over L tables without intersecting sphere-layer masks or exact norm-table filter,0.25,1.0,0.3999999999996799,1.0,0.0001615705552502,0.0,1800.0,450.0,4.0,0.0999747474747474,13.096866976334454,1.443847875000159,123.944970042,4.0,0.9998384294447498,True,0.794251674597591,0.0,0.4422125837297675
cifar10,8,20,query_adaptive_R25,25.0,0.14,7.763739109039307,0.95,round(norm/delta),layer-wise cosine theorem,disabled: no norm-table or radial-layer candidate filter,"per-query, per-layer Eq. I_threshold with Binomial(K, theta/pi)",distance-table hash-bucket lookup with per-layer thresholds; union over L tables without intersecting sphere-layer masks or exact norm-table filter,0.25,1.0,0.3999999999996799,1.0,0.0001615705552502,0.0,1800.0,450.0,4.0,2.450145202020201,13.096866976334454,1.452777100001157,123.944970042,4.0,0.9998384294447498,True,0.7929792600150669,0.0,0.4421489630006413
cifar10,8,30,query_adaptive_R25,25.0,0.14,7.763739109039307,0.95,round(norm/delta),layer-wise cosine theorem,disabled: no norm-table or radial-layer candidate filter,"per-query, per-layer Eq. I_threshold with Binomial(K, theta/pi)",distance-table hash-bucket lookup with per-layer thresholds; union over L tables without intersecting sphere-layer masks or exact norm-table filter,0.25,1.0,0.3999999999996799,1.0,0.0001615705552502,0.0,1800.0,450.0,4.0,6.255018939393939,13.096866976334454,1.4637854249997415,123.944970042,4.0,0.9998384294447498,True,0.7914105736782574,0.0,0.4420705286838008
cifar10,8,40,query_adaptive_R25,25.0,0.14,7.763739109039307,0.95,round(norm/delta),layer-wise cosine theorem,disabled: no norm-table or radial-layer candidate filter,"per-query, per-layer Eq. I_threshold with Binomial(K, theta/pi)",distance-table hash-bucket lookup with per-layer thresholds; union over L tables without intersecting sphere-layer masks or exact norm-table filter,0.25,1.0,0.3999999999996799,1.0,0.0001615705552502,0.0,1800.0,450.0,4.0,11.355681818181818,13.096866976334454,1.478235400001893,123.944970042,4.0,0.9998384294447498,True,0.7893514522082763,0.0,0.4419675726103018
cifar10,8,50,query_adaptive_R25,25.0,0.14,7.763739109039307,0.95,round(norm/delta),layer-wise cosine theorem,disabled: no norm-table or radial-layer candidate filter,"per-query, per-layer Eq. I_threshold with Binomial(K, theta/pi)",distance-table hash-bucket lookup with per-layer thresholds; union over L tables without intersecting sphere-layer masks or exact norm-table filter,0.25,1.0,0.3999999999996799,1.0,0.0001615705552502,0.0,1800.0,450.0,4.0,19.087493686868687,13.096866976334454,1.435557349996941,123.944970042,4.0,0.9998384294447498,True,0.7954330744290095,0.0,0.4422716537213384
cifar10,8,60,query_adaptive_R25,25.0,0.14,7.763739109039307,0.95,round(norm/delta),layer-wise cosine theorem,disabled: no norm-table or radial-layer candidate filter,"per-query, per-layer Eq. I_threshold with Binomial(K, theta/pi)",distance-table hash-bucket lookup with per-layer thresholds; union over L tables without intersecting sphere-layer masks or exact norm-table filter,0.25,1.0,0.3999999999996799,1.0,0.0001615705552502,0.0,1800.0,450.0,4.0,17.305984848484847,13.096866976334454,1.4442000250028286,123.944970042,4.0,0.9998384294447498,True,0.7942014932214265,0.0,0.4422100746609593
cifar10,8,70,query_adaptive_R25,25.0,0.14,7.763739109039307,0.95,round(norm/delta),layer-wise cosine theorem,disabled: no norm-table or radial-layer candidate filter,"per-query, per-layer Eq. I_threshold with Binomial(K, theta/pi)",distance-table hash-bucket lookup with per-layer thresholds; union over L tables without intersecting sphere-layer masks or exact norm-table filter,0.25,1.0,0.3999999999996799,1.0,0.0001615705552502,0.0,1800.0,450.0,4.0,15.68419191919192,13.096866976334454,1.477343599997738,123.944970042,4.0,0.9998384294447498,True,0.7894785337108541,0.0,0.4419739266854307
cifar10,8,80,query_adaptive_R25,25.0,0.14,7.763739109039307,0.95,round(norm/delta),layer-wise cosine theorem,disabled: no norm-table or radial-layer candidate filter,"per-query, per-layer Eq. I_threshold with Binomial(K, theta/pi)",distance-table hash-bucket lookup with per-layer thresholds; union over L tables without intersecting sphere-layer masks or exact norm-table filter,0.25,1.0,0.3999999999996799,1.0,0.0001615705552502,0.0,1800.0,450.0,4.0,13.30844696969697,13.096866976334454,7.017543749997657,123.944970042,4.0,0.9998384294447498,True,0.0,0.0,0.40249999999988795
cifar10,8,90,query_adaptive_R25,25.0,0.14,7.763739109039307,0.95,round(norm/delta),layer-wise cosine theorem,disabled: no norm-table or radial-layer candidate filter,"per-query, per-layer Eq. I_threshold with Binomial(K, theta/pi)",distance-table hash-bucket lookup with per-layer thresholds; union over L tables without intersecting sphere-layer masks or exact norm-table filter,0.25,1.0,0.3999999999996799,1.0,0.0001615705552502,0.0,1800.0,450.0,4.0,10.562992424242424,13.096866976334454,1.4500208000008286,123.944970042,4.0,0.9998384294447498,True,0.793372032771251,0.0,0.4421686016384505
cifar10,8,100,query_adaptive_R25,25.0,0.14,7.763739109039307,0.95,round(norm/delta),layer-wise cosine theorem,disabled: no norm-table or radial-layer candidate filter,"per-query, per-layer Eq. I_threshold with Binomial(K, theta/pi)",distance-table hash-bucket lookup with per-layer thresholds; union over L tables without intersecting sphere-layer masks or exact norm-table filter,0.25,1.0,0.3999999999996799,1.0,0.0001615705552502,0.0,1800.0,450.0,4.0,6.019520202020201,13.096866976334454,1.4399323500008163,123.944970042,4.0,0.9998384294447498,True,0.7948096369187158,0.0,0.44224048184582376
cifar10,9,10,query_adaptive_R25,25.0,0.14,7.763739109039307,0.95,round(norm/delta),layer-wise cosine theorem,disabled: no norm-table or radial-layer candidate filter,"per-query, per-layer Eq. I_threshold with Binomial(K, theta/pi)",distance-table hash-bucket lookup with per-layer thresholds; union over L tables without intersecting sphere-layer masks or exact norm-table filter,0.25,1.0,0.3999999999996799,1.0,0.0001615705552502,0.0,1800.0,450.0,4.0,0.0543181818181818,13.096866976334454,1.5188457999990137,123.944970042,4.0,0.9998384294447498,True,0.7835644701182631,0.0,0.4416782235058011
cifar10,9,20,query_adaptive_R25,25.0,0.14,7.763739109039307,0.95,round(norm/delta),layer-wise cosine theorem,disabled: no norm-table or radial-layer candidate filter,"per-query, per-layer Eq. I_threshold with Binomial(K, theta/pi)",distance-table hash-bucket lookup with per-layer thresholds; union over L tables without intersecting sphere-layer masks or exact norm-table filter,0.25,1.0,0.3999999999996799,1.0,0.0001615705552502,0.0,1800.0,450.0,4.0,2.390757575757576,13.096866976334454,1.5291915999988248,123.944970042,4.0,0.9998384294447498,True,0.782090193595254,0.0,0.44160450967965065
cifar10,9,30,query_adaptive_R25,25.0,0.14,7.763739109039307,0.95,round(norm/delta),layer-wise cosine theorem,disabled: no norm-table or radial-layer candidate filter,"per-query, per-layer Eq. I_threshold with Binomial(K, theta/pi)",distance-table hash-bucket lookup with per-layer thresholds; union over L tables without intersecting sphere-layer masks or exact norm-table filter,0.25,1.0,0.3999999999996799,1.0,0.0001615705552502,0.0,1800.0,450.0,4.0,6.210296717171717,13.096866976334454,1.525435449999435,123.944970042,4.0,0.9998384294447498,True,0.7826254449785305,0.0,0.4416312722488145
cifar10,9,40,query_adaptive_R25,25.0,0.14,7.763739109039307,0.95,round(norm/delta),layer-wise cosine theorem,disabled: no norm-table or radial-layer candidate filter,"per-query, per-layer Eq. I_threshold with Binomial(K, theta/pi)",distance-table hash-bucket lookup with per-layer thresholds; union over L tables without intersecting sphere-layer masks or exact norm-table filter,0.25,1.0,0.3999999999996799,1.0,0.0001615705552502,0.0,1800.0,450.0,4.0,11.330599747474746,13.096866976334454,1.528930224998959,123.944970042,4.0,0.9998384294447498,True,0.7821274395333169,0.0,0.4416063719765538
cifar10,9,50,query_adaptive_R25,25.0,0.14,7.763739109039307,0.95,round(norm/delta),layer-wise cosine theorem,disabled: no norm-table or radial-layer candidate filter,"per-query, per-layer Eq. I_threshold with Binomial(K, theta/pi)",distance-table hash-bucket lookup with per-layer thresholds; union over L tables without intersecting sphere-layer masks or exact norm-table filter,0.25,1.0,0.3999999999996799,1.0,0.0001615705552502,0.0,1800.0,450.0,4.0,19.087493686868687,13.096866976334454,1.5104103999952656,123.944970042,4.0,0.9998384294447498,True,0.7847665146375795,0.0,0.4417383257317669
cifar10,9,60,query_adaptive_R25,25.0,0.14,7.763739109039307,0.95,round(norm/delta),layer-wise cosine theorem,disabled: no norm-table or radial-layer candidate filter,"per-query, per-layer Eq. I_threshold with Binomial(K, theta/pi)",distance-table hash-bucket lookup with per-layer thresholds; union over L tables without intersecting sphere-layer masks or exact norm-table filter,0.25,1.0,0.3999999999996799,1.0,0.0001615705552502,0.0,1800.0,450.0,4.0,17.295309343434344,13.096866976334454,1.5066010499971585,123.944970042,4.0,0.9998384294447498,True,0.7853093470207918,0.0,0.44176546735092753
cifar10,9,70,query_adaptive_R25,25.0,0.14,7.763739109039307,0.95,round(norm/delta),layer-wise cosine theorem,disabled: no norm-table or radial-layer candidate filter,"per-query, per-layer Eq. I_threshold with Binomial(K, theta/pi)",distance-table hash-bucket lookup with per-layer thresholds; union over L tables without intersecting sphere-layer masks or exact norm-table filter,0.25,1.0,0.3999999999996799,1.0,0.0001615705552502,0.0,1800.0,450.0,4.0,15.64169191919192,13.096866976334454,1.5526500249968933,123.944970042,4.0,0.9998384294447498,True,0.7787473679807965,0.0,0.4414373683989278
cifar10,9,80,query_adaptive_R25,25.0,0.14,7.763739109039307,0.95,round(norm/delta),layer-wise cosine theorem,disabled: no norm-table or radial-layer candidate filter,"per-query, per-layer Eq. I_threshold with Binomial(K, theta/pi)",distance-table hash-bucket lookup with per-layer thresholds; union over L tables without intersecting sphere-layer masks or exact norm-table filter,0.25,1.0,0.3999999999996799,1.0,0.0001615705552502,0.0,1800.0,450.0,4.0,13.236174242424244,13.096866976334454,1.76796454999959,123.944970042,4.0,0.9998384294447498,True,0.7480650476884907,0.0,0.4399032523843125
cifar10,9,90,query_adaptive_R25,25.0,0.14,7.763739109039307,0.95,round(norm/delta),layer-wise cosine theorem,disabled: no norm-table or radial-layer candidate filter,"per-query, per-layer Eq. I_threshold with Binomial(K, theta/pi)",distance-table hash-bucket lookup with per-layer thresholds; union over L tables without intersecting sphere-layer masks or exact norm-table filter,0.25,1.0,0.3999999999996799,1.0,0.0001615705552502,0.0,1800.0,450.0,4.0,10.455656565656566,13.096866976334454,1.5215759750013549,123.944970042,4.0,0.9998384294447498,True,0.7831754201743505,0.0,0.44165877100860546
cifar10,9,100,query_adaptive_R25,25.0,0.14,7.763739109039307,0.95,round(norm/delta),layer-wise cosine theorem,disabled: no norm-table or radial-layer candidate filter,"per-query, per-layer Eq. I_threshold with Binomial(K, theta/pi)",distance-table hash-bucket lookup with per-layer thresholds; union over L tables without intersecting sphere-layer masks or exact norm-table filter,0.25,1.0,0.3999999999996799,1.0,0.0001615705552502,0.0,1800.0,450.0,4.0,5.834179292929294,13.096866976334454,1.5188010499983309,123.944970042,4.0,0.9998384294447498,True,0.78357084699346,0.0,0.44167854234956094
cifar10,10,10,query_adaptive_R25,25.0,0.14,7.763739109039307,0.95,round(norm/delta),layer-wise cosine theorem,disabled: no norm-table or radial-layer candidate filter,"per-query, per-layer Eq. I_threshold with Binomial(K, theta/pi)",distance-table hash-bucket lookup with per-layer thresholds; union over L tables without intersecting sphere-layer masks or exact norm-table filter,0.25,1.0,0.3999999999996799,1.0,0.0001615705552502,0.0,1800.0,450.0,4.0,0.0277777777777777,13.096866976334454,1.5887008749984943,123.944970042,4.0,0.9998384294447498,True,0.7736101217752971,0.0,0.4411805060886528
cifar10,10,20,query_adaptive_R25,25.0,0.14,7.763739109039307,0.95,round(norm/delta),layer-wise cosine theorem,disabled: no norm-table or radial-layer candidate filter,"per-query, per-layer Eq. I_threshold with Binomial(K, theta/pi)",distance-table hash-bucket lookup with per-layer thresholds; union over L tables without intersecting sphere-layer masks or exact norm-table filter,0.25,1.0,0.3999999999996799,1.0,0.0001615705552502,0.0,1800.0,450.0,4.0,2.342430555555556,13.096866976334454,1.6032240250005714,123.944970042,4.0,0.9998384294447498,True,0.7715405728676638,0.0,0.44107702864327114
cifar10,10,30,query_adaptive_R25,25.0,0.14,7.763739109039307,0.95,round(norm/delta),layer-wise cosine theorem,disabled: no norm-table or radial-layer candidate filter,"per-query, per-layer Eq. I_threshold with Binomial(K, theta/pi)",distance-table hash-bucket lookup with per-layer thresholds; union over L tables without intersecting sphere-layer masks or exact norm-table filter,0.25,1.0,0.3999999999996799,1.0,0.0001615705552502,0.0,1800.0,450.0,4.0,6.183907828282829,13.096866976334454,1.6223437500009652,123.944970042,4.0,0.9998384294447498,True,0.7688160120125355,0.0,0.4409408006005147
cifar10,10,40,query_adaptive_R25,25.0,0.14,7.763739109039307,0.95,round(norm/delta),layer-wise cosine theorem,disabled: no norm-table or radial-layer candidate filter,"per-query, per-layer Eq. I_threshold with Binomial(K, theta/pi)",distance-table hash-bucket lookup with per-layer thresholds; union over L tables without intersecting sphere-layer masks or exact norm-table filter,0.25,1.0,0.3999999999996799,1.0,0.0001615705552502,0.0,1800.0,450.0,4.0,11.31270202020202,13.096866976334454,1.596662474998567,123.944970042,4.0,0.9998384294447498,True,0.7724755937575594,0.0,0.44112377968776595
cifar10,10,50,query_adaptive_R25,25.0,0.14,7.763739109039307,0.95,round(norm/delta),layer-wise cosine theorem,disabled: no norm-table or radial-layer candidate filter,"per-query, per-layer Eq. I_threshold with Binomial(K, theta/pi)",distance-table hash-bucket lookup with per-layer thresholds; union over L tables without intersecting sphere-layer masks or exact norm-table filter,0.25,1.0,0.3999999999996799,1.0,0.0001615705552502,0.0,1800.0,450.0,4.0,19.087493686868687,13.096866976334454,1.5861573000002238,123.944970042,4.0,0.9998384294447498,True,0.7739725812182142,0.0,0.44119862906079865
cifar10,10,60,query_adaptive_R25,25.0,0.14,7.763739109039307,0.95,round(norm/delta),layer-wise cosine theorem,disabled: no norm-table or radial-layer candidate filter,"per-query, per-layer Eq. I_threshold with Binomial(K, theta/pi)",distance-table hash-bucket lookup with per-layer thresholds; union over L tables without intersecting sphere-layer masks or exact norm-table filter,0.25,1.0,0.3999999999996799,1.0,0.0001615705552502,0.0,1800.0,450.0,4.0,17.27225378787879,13.096866976334454,1.595285474995478,123.944970042,4.0,0.9998384294447498,True,0.7726718162610656,0.0,0.44113359081294123
cifar10,10,70,query_adaptive_R25,25.0,0.14,7.763739109039307,0.95,round(norm/delta),layer-wise cosine theorem,disabled: no norm-table or radial-layer candidate filter,"per-query, per-layer Eq. I_threshold with Binomial(K, theta/pi)",distance-table hash-bucket lookup with per-layer thresholds; union over L tables without intersecting sphere-layer masks or exact norm-table filter,0.25,1.0,0.3999999999996799,1.0,0.0001615705552502,0.0,1800.0,450.0,4.0,15.60622474747475,13.096866976334454,1.6406906000007382,123.944970042,4.0,0.9998384294447498,True,0.7662015858467165,0.0,0.44081007929222377
cifar10,10,80,query_adaptive_R25,25.0,0.14,7.763739109039307,0.95,round(norm/delta),layer-wise cosine theorem,disabled: no norm-table or radial-layer candidate filter,"per-query, per-layer Eq. I_threshold with Binomial(K, theta/pi)",distance-table hash-bucket lookup with per-layer thresholds; union over L tables without intersecting sphere-layer masks or exact norm-table filter,0.25,1.0,0.3999999999996799,1.0,0.0001615705552502,0.0,1800.0,450.0,4.0,13.183213383838384,13.096866976334454,1.6942988500012746,123.944970042,4.0,0.9998384294447498,True,0.7585624101022754,0.0,0.44042812050500174
cifar10,10,90,query_adaptive_R25,25.0,0.14,7.763739109039307,0.95,round(norm/delta),layer-wise cosine theorem,disabled: no norm-table or radial-layer candidate filter,"per-query, per-layer Eq. I_threshold with Binomial(K, theta/pi)",distance-table hash-bucket lookup with per-layer thresholds; union over L tables without intersecting sphere-layer masks or exact norm-table filter,0.25,1.0,0.3999999999996799,1.0,0.0001615705552502,0.0,1800.0,450.0,4.0,10.35981691919192,13.096866976334454,1.597717699998924,123.944970042,4.0,0.9998384294447498,True,0.7723252241926589,0.0,0.4411162612095209
cifar10,10,100,query_adaptive_R25,25.0,0.14,7.763739109039307,0.95,round(norm/delta),layer-wise cosine theorem,disabled: no norm-table or radial-layer candidate filter,"per-query, per-layer Eq. I_threshold with Binomial(K, theta/pi)",distance-table hash-bucket lookup with per-layer thresholds; union over L tables without intersecting sphere-layer masks or exact norm-table filter,0.25,1.0,0.3999999999996799,1.0,0.0001615705552502,0.0,1800.0,450.0,4.0,5.665877525252525,13.096866976334454,1.600223050000693,123.944970042,4.0,0.9998384294447498,True,0.7719682118118284,0.0,0.4410984105904794
cifar10,11,10,query_adaptive_R25,25.0,0.14,7.763739109039307,0.95,round(norm/delta),layer-wise cosine theorem,disabled: no norm-table or radial-layer candidate filter,"per-query, per-layer Eq. I_threshold with Binomial(K, theta/pi)",distance-table hash-bucket lookup with per-layer thresholds; union over L tables without intersecting sphere-layer masks or exact norm-table filter,0.25,1.0,0.3999999999996799,1.0,0.0001615705552502,0.0,1800.0,450.0,4.0,0.0041666666666666,13.096866976334454,1.657456250000422,123.944970042,4.0,0.9998384294447498,True,0.7638124806844311,0.0,0.4406906240341095
cifar10,11,20,query_adaptive_R25,25.0,0.14,7.763739109039307,0.95,round(norm/delta),layer-wise cosine theorem,disabled: no norm-table or radial-layer candidate filter,"per-query, per-layer Eq. I_threshold with Binomial(K, theta/pi)",distance-table hash-bucket lookup with per-layer thresholds; union over L tables without intersecting sphere-layer masks or exact norm-table filter,0.25,1.0,0.3999999999996799,1.0,0.0001615705552502,0.0,1800.0,450.0,4.0,2.298030303030303,13.096866976334454,1.6702844750007273,123.944970042,4.0,0.9998384294447498,True,0.7619844585933241,0.0,0.44059922292955417
cifar10,11,30,query_adaptive_R25,25.0,0.14,7.763739109039307,0.95,round(norm/delta),layer-wise cosine theorem,disabled: no norm-table or radial-layer candidate filter,"per-query, per-layer Eq. I_threshold with Binomial(K, theta/pi)",distance-table hash-bucket lookup with per-layer thresholds; union over L tables without intersecting sphere-layer masks or exact norm-table filter,0.25,1.0,0.3999999999996799,1.0,0.0001615705552502,0.0,1800.0,450.0,4.0,6.171912878787879,13.096866976334454,1.7007645249975667,123.944970042,4.0,0.9998384294447498,True,0.7576410514009072,0.0,0.4403820525699333
cifar10,11,40,query_adaptive_R25,25.0,0.14,7.763739109039307,0.95,round(norm/delta),layer-wise cosine theorem,disabled: no norm-table or radial-layer candidate filter,"per-query, per-layer Eq. I_threshold with Binomial(K, theta/pi)",distance-table hash-bucket lookup with per-layer thresholds; union over L tables without intersecting sphere-layer masks or exact norm-table filter,0.25,1.0,0.3999999999996799,1.0,0.0001615705552502,0.0,1800.0,450.0,4.0,11.29,13.096866976334454,1.6847364249976238,123.944970042,4.0,0.9998384294447498,True,0.7599250556865874,0.0,0.44049625278421733
cifar10,11,50,query_adaptive_R25,25.0,0.14,7.763739109039307,0.95,round(norm/delta),layer-wise cosine theorem,disabled: no norm-table or radial-layer candidate filter,"per-query, per-layer Eq. I_threshold with Binomial(K, theta/pi)",distance-table hash-bucket lookup with per-layer thresholds; union over L tables without intersecting sphere-layer masks or exact norm-table filter,0.25,1.0,0.3999999999996799,1.0,0.0001615705552502,0.0,1800.0,450.0,4.0,19.087493686868687,13.096866976334454,1.6602010499980224,123.944970042,4.0,0.9998384294447498,True,0.7634213466786614,0.0,0.440671067333821
cifar10,11,60,query_adaptive_R25,25.0,0.14,7.763739109039307,0.95,round(norm/delta),layer-wise cosine theorem,disabled: no norm-table or radial-layer candidate filter,"per-query, per-layer Eq. I_threshold with Binomial(K, theta/pi)",distance-table hash-bucket lookup with per-layer thresholds; union over L tables without intersecting sphere-layer masks or exact norm-table filter,0.25,1.0,0.3999999999996799,1.0,0.0001615705552502,0.0,1800.0,450.0,4.0,17.262531565656566,13.096866976334454,1.6642050749979376,123.944970042,4.0,0.9998384294447498,True,0.762850773107258,0.0,0.4406425386552508
cifar10,11,70,query_adaptive_R25,25.0,0.14,7.763739109039307,0.95,round(norm/delta),layer-wise cosine theorem,disabled: no norm-table or radial-layer candidate filter,"per-query, per-layer Eq. I_threshold with Binomial(K, theta/pi)",distance-table hash-bucket lookup with per-layer thresholds; union over L tables without intersecting sphere-layer masks or exact norm-table filter,0.25,1.0,0.3999999999996799,1.0,0.0001615705552502,0.0,1800.0,450.0,4.0,15.57298611111111,13.096866976334454,1.6973396000039995,123.944970042,4.0,0.9998384294447498,True,0.7581291032201165,0.0,0.4404064551608938
cifar10,11,80,query_adaptive_R25,25.0,0.14,7.763739109039307,0.95,round(norm/delta),layer-wise cosine theorem,disabled: no norm-table or radial-layer candidate filter,"per-query, per-layer Eq. I_threshold with Binomial(K, theta/pi)",distance-table hash-bucket lookup with per-layer thresholds; union over L tables without intersecting sphere-layer masks or exact norm-table filter,0.25,1.0,0.3999999999996799,1.0,0.0001615705552502,0.0,1800.0,450.0,4.0,13.135877525252525,13.096866976334454,1.7167177499992192,123.944970042,4.0,0.9998384294447498,True,0.7553677168026501,0.0,0.4402683858400205
cifar10,11,90,query_adaptive_R25,25.0,0.14,7.763739109039307,0.95,round(norm/delta),layer-wise cosine theorem,disabled: no norm-table or radial-layer candidate filter,"per-query, per-layer Eq. I_threshold with Binomial(K, theta/pi)",distance-table hash-bucket lookup with per-layer thresholds; union over L tables without intersecting sphere-layer masks or exact norm-table filter,0.25,1.0,0.3999999999996799,1.0,0.0001615705552502,0.0,1800.0,450.0,4.0,10.271376262626262,13.096866976334454,1.661931124998972,123.944970042,4.0,0.9998384294447498,True,0.7631748109871739,0.0,0.44065874054924664
cifar10,11,100,query_adaptive_R25,25.0,0.14,7.763739109039307,0.95,round(norm/delta),layer-wise cosine theorem,disabled: no norm-table or radial-layer candidate filter,"per-query, per-layer Eq. I_threshold with Binomial(K, theta/pi)",distance-table hash-bucket lookup with per-layer thresholds; union over L tables without intersecting sphere-layer masks or exact norm-table filter,0.25,1.0,0.3999999999996799,1.0,0.0001615705552502,0.0,1800.0,450.0,4.0,5.524646464646465,13.096866976334454,1.6800457750015596,123.944970042,4.0,0.9998384294447498,True,0.7605934733214709,0.0,0.4405296736659615
cifar10,12,10,query_adaptive_R25,25.0,0.14,7.763739109039307,0.95,round(norm/delta),layer-wise cosine theorem,disabled: no norm-table or radial-layer candidate filter,"per-query, per-layer Eq. I_threshold with Binomial(K, theta/pi)",distance-table hash-bucket lookup with per-layer thresholds; union over L tables without intersecting sphere-layer masks or exact norm-table filter,0.25,1.0,0.3999999999996799,1.0,0.0001615705552502,0.0,1800.0,450.0,4.0,0.0,13.096866976334454,1.7318865250011584,123.944970042,4.0,0.9998384294447498,True,0.7532061663310989,0.0,0.4401603083164429
cifar10,12,20,query_adaptive_R25,25.0,0.14,7.763739109039307,0.95,round(norm/delta),layer-wise cosine theorem,disabled: no norm-table or radial-layer candidate filter,"per-query, per-layer Eq. I_threshold with Binomial(K, theta/pi)",distance-table hash-bucket lookup with per-layer thresholds; union over L tables without intersecting sphere-layer masks or exact norm-table filter,0.25,1.0,0.3999999999996799,1.0,0.0001615705552502,0.0,1800.0,450.0,4.0,2.2731565656565658,13.096866976334454,1.7431061250007929,123.944970042,4.0,0.9998384294447498,True,0.7516073733061692,0.0,0.4400803686651964
cifar10,12,30,query_adaptive_R25,25.0,0.14,7.763739109039307,0.95,round(norm/delta),layer-wise cosine theorem,disabled: no norm-table or radial-layer candidate filter,"per-query, per-layer Eq. I_threshold with Binomial(K, theta/pi)",distance-table hash-bucket lookup with per-layer thresholds; union over L tables without intersecting sphere-layer masks or exact norm-table filter,0.25,1.0,0.3999999999996799,1.0,0.0001615705552502,0.0,1800.0,450.0,4.0,6.139589646464646,13.096866976334454,1.7812208750001446,123.944970042,4.0,0.9998384294447498,True,0.746176021346395,0.0,0.4398088010672077
cifar10,12,40,query_adaptive_R25,25.0,0.14,7.763739109039307,0.95,round(norm/delta),layer-wise cosine theorem,disabled: no norm-table or radial-layer candidate filter,"per-query, per-layer Eq. I_threshold with Binomial(K, theta/pi)",distance-table hash-bucket lookup with per-layer thresholds; union over L tables without intersecting sphere-layer masks or exact norm-table filter,0.25,1.0,0.3999999999996799,1.0,0.0001615705552502,0.0,1800.0,450.0,4.0,11.277102272727271,13.096866976334454,1.7482739499982358,123.944970042,4.0,0.9998384294447498,True,0.7508709582325269,0.0,0.4400435479115143
cifar10,12,50,query_adaptive_R25,25.0,0.14,7.763739109039307,0.95,round(norm/delta),layer-wise cosine theorem,disabled: no norm-table or radial-layer candidate filter,"per-query, per-layer Eq. I_threshold with Binomial(K, theta/pi)",distance-table hash-bucket lookup with per-layer thresholds; union over L tables without intersecting sphere-layer masks or exact norm-table filter,0.25,1.0,0.3999999999996799,1.0,0.0001615705552502,0.0,1800.0,450.0,4.0,19.087493686868687,13.096866976334454,1.7370218499998202,123.944970042,4.0,0.9998384294447498,True,0.7524743825073552,0.0,0.4401237191252557
cifar10,12,60,query_adaptive_R25,25.0,0.14,7.763739109039307,0.95,round(norm/delta),layer-wise cosine theorem,disabled: no norm-table or radial-layer candidate filter,"per-query, per-layer Eq. I_threshold with Binomial(K, theta/pi)",distance-table hash-bucket lookup with per-layer thresholds; union over L tables without intersecting sphere-layer masks or exact norm-table filter,0.25,1.0,0.3999999999996799,1.0,0.0001615705552502,0.0,1800.0,450.0,4.0,17.252114898989895,13.096866976334454,1.7504654499994388,123.944970042,4.0,0.9998384294447498,True,0.750558669477476,0.0,0.44002793347376173
cifar10,12,70,query_adaptive_R25,25.0,0.14,7.763739109039307,0.95,round(norm/delta),layer-wise cosine theorem,disabled: no norm-table or radial-layer candidate filter,"per-query, per-layer Eq. I_threshold with Binomial(K, theta/pi)",distance-table hash-bucket lookup with per-layer thresholds; union over L tables without intersecting sphere-layer masks or exact norm-table filter,0.25,1.0,0.3999999999996799,1.0,0.0001615705552502,0.0,1800.0,450.0,4.0,15.543371212121212,13.096866976334454,1.8001979750003727,123.944970042,4.0,0.9998384294447498,True,0.7434717845541079,0.0,0.43967358922759336
cifar10,12,80,query_adaptive_R25,25.0,0.14,7.763739109039307,0.95,round(norm/delta),layer-wise cosine theorem,disabled: no norm-table or radial-layer candidate filter,"per-query, per-layer Eq. I_threshold with Binomial(K, theta/pi)",distance-table hash-bucket lookup with per-layer thresholds; union over L tables without intersecting sphere-layer masks or exact norm-table filter,0.25,1.0,0.3999999999996799,1.0,0.0001615705552502,0.0,1800.0,450.0,4.0,13.08049873737374,13.096866976334454,1.7674634749987206,123.944970042,4.0,0.9998384294447498,True,0.7481364508772302,0.0,0.43990682254374947
cifar10,12,90,query_adaptive_R25,25.0,0.14,7.763739109039307,0.95,round(norm/delta),layer-wise cosine theorem,disabled: no norm-table or radial-layer candidate filter,"per-query, per-layer Eq. I_threshold with Binomial(K, theta/pi)",distance-table hash-bucket lookup with per-layer thresholds; union over L tables without intersecting sphere-layer masks or exact norm-table filter,0.25,1.0,0.3999999999996799,1.0,0.0001615705552502,0.0,1800.0,450.0,4.0,10.204842171717171,13.096866976334454,1.75691047500095,123.944970042,4.0,0.9998384294447498,True,0.74964025340041,0.0,0.43998201266990844
cifar10,12,100,query_adaptive_R25,25.0,0.14,7.763739109039307,0.95,round(norm/delta),layer-wise cosine theorem,disabled: no norm-table or radial-layer candidate filter,"per-query, per-layer Eq. I_threshold with Binomial(K, theta/pi)",distance-table hash-bucket lookup with per-layer thresholds; union over L tables without intersecting sphere-layer masks or exact norm-table filter,0.25,1.0,0.3999999999996799,1.0,0.0001615705552502,0.0,1800.0,450.0,4.0,5.38655303030303,13.096866976334454,1.7607572500018875,123.944970042,4.0,0.9998384294447498,True,0.7490920879542111,0.0,0.4399546043975985
cifar10,13,10,query_adaptive_R25,25.0,0.14,7.763739109039307,0.95,round(norm/delta),layer-wise cosine theorem,disabled: no norm-table or radial-layer candidate filter,"per-query, per-layer Eq. I_threshold with Binomial(K, theta/pi)",distance-table hash-bucket lookup with per-layer thresholds; union over L tables without intersecting sphere-layer masks or exact norm-table filter,0.25,1.0,0.3999999999996799,1.0,0.0001615705552502,0.0,1800.0,450.0,4.0,0.0,13.096866976334454,1.9058260250005787,123.944970042,4.0,0.9998384294447498,True,0.728419787193886,0.0,0.43892098935958224
cifar10,13,20,query_adaptive_R25,25.0,0.14,7.763739109039307,0.95,round(norm/delta),layer-wise cosine theorem,disabled: no norm-table or radial-layer candidate filter,"per-query, per-layer Eq. I_threshold with Binomial(K, theta/pi)",distance-table hash-bucket lookup with per-layer thresholds; union over L tables without intersecting sphere-layer masks or exact norm-table filter,0.25,1.0,0.3999999999996799,1.0,0.0001615705552502,0.0,1800.0,450.0,4.0,2.2402272727272727,13.096866976334454,1.8143396750005536,123.944970042,4.0,0.9998384294447498,True,0.741456592272594,0.0,0.4395728296135176
cifar10,13,30,query_adaptive_R25,25.0,0.14,7.763739109039307,0.95,round(norm/delta),layer-wise cosine theorem,disabled: no norm-table or radial-layer candidate filter,"per-query, per-layer Eq. I_threshold with Binomial(K, theta/pi)",distance-table hash-bucket lookup with per-layer thresholds; union over L tables without intersecting sphere-layer masks or exact norm-table filter,0.25,1.0,0.3999999999996799,1.0,0.0001615705552502,0.0,1800.0,450.0,4.0,6.1274368686868685,13.096866976334454,1.84269375000099,123.944970042,4.0,0.9998384294447498,True,0.7374161365218984,0.0,0.43937080682598284
cifar10,13,40,query_adaptive_R25,25.0,0.14,7.763739109039307,0.95,round(norm/delta),layer-wise cosine theorem,disabled: no norm-table or radial-layer candidate filter,"per-query, per-layer Eq. I_threshold with Binomial(K, theta/pi)",distance-table hash-bucket lookup with per-layer thresholds; union over L tables without intersecting sphere-layer masks or exact norm-table filter,0.25,1.0,0.3999999999996799,1.0,0.0001615705552502,0.0,1800.0,450.0,4.0,11.270157828282828,13.096866976334454,1.812988425000128,123.944970042,4.0,0.9998384294447498,True,0.7416491454006634,0.0,0.4395824572699211
cifar10,13,50,query_adaptive_R25,25.0,0.14,7.763739109039307,0.95,round(norm/delta),layer-wise cosine theorem,disabled: no norm-table or radial-layer candidate filter,"per-query, per-layer Eq. I_threshold with Binomial(K, theta/pi)",distance-table hash-bucket lookup with per-layer thresholds; union over L tables without intersecting sphere-layer masks or exact norm-table filter,0.25,1.0,0.3999999999996799,1.0,0.0001615705552502,0.0,1800.0,450.0,4.0,19.087493686868687,13.096866976334454,1.8033843749982736,123.944970042,4.0,0.9998384294447498,True,0.7430177225473121,0.0,0.43965088612725356
cifar10,13,60,query_adaptive_R25,25.0,0.14,7.763739109039307,0.95,round(norm/delta),layer-wise cosine theorem,disabled: no norm-table or radial-layer candidate filter,"per-query, per-layer Eq. I_threshold with Binomial(K, theta/pi)",distance-table hash-bucket lookup with per-layer thresholds; union over L tables without intersecting sphere-layer masks or exact norm-table filter,0.25,1.0,0.3999999999996799,1.0,0.0001615705552502,0.0,1800.0,450.0,4.0,17.252114898989895,13.096866976334454,1.8087665500033268,123.944970042,4.0,0.9998384294447498,True,0.742250762597108,0.0,0.4396125381297433
cifar10,13,70,query_adaptive_R25,25.0,0.14,7.763739109039307,0.95,round(norm/delta),layer-wise cosine theorem,disabled: no norm-table or radial-layer candidate filter,"per-query, per-layer Eq. I_threshold with Binomial(K, theta/pi)",distance-table hash-bucket lookup with per-layer thresholds; union over L tables without intersecting sphere-layer masks or exact norm-table filter,0.25,1.0,0.3999999999996799,1.0,0.0001615705552502,0.0,1800.0,450.0,4.0,15.523358585858585,13.096866976334454,1.8686354249972223,123.944970042,4.0,0.9998384294447498,True,0.7337194477771734,0.0,0.4391859723887466
cifar10,13,80,query_adaptive_R25,25.0,0.14,7.763739109039307,0.95,round(norm/delta),layer-wise cosine theorem,disabled: no norm-table or radial-layer candidate filter,"per-query, per-layer Eq. I_threshold with Binomial(K, theta/pi)",distance-table hash-bucket lookup with per-layer thresholds; union over L tables without intersecting sphere-layer masks or exact norm-table filter,0.25,1.0,0.3999999999996799,1.0,0.0001615705552502,0.0,1800.0,450.0,4.0,13.04090277777778,13.096866976334454,1.8192834250008616,123.944970042,4.0,0.9998384294447498,True,0.7407521078865423,0.0,0.43953760539421505
cifar10,13,90,query_adaptive_R25,25.0,0.14,7.763739109039307,0.95,round(norm/delta),layer-wise cosine theorem,disabled: no norm-table or radial-layer candidate filter,"per-query, per-layer Eq. I_threshold with Binomial(K, theta/pi)",distance-table hash-bucket lookup with per-layer thresholds; union over L tables without intersecting sphere-layer masks or exact norm-table filter,0.25,1.0,0.3999999999996799,1.0,0.0001615705552502,0.0,1800.0,450.0,4.0,10.11160984848485,13.096866976334454,1.8136125499985667,123.944970042,4.0,0.9998384294447498,True,0.7415602075869963,0.0,0.43957801037923777
cifar10,13,100,query_adaptive_R25,25.0,0.14,7.763739109039307,0.95,round(norm/delta),layer-wise cosine theorem,disabled: no norm-table or radial-layer candidate filter,"per-query, per-layer Eq. I_threshold with Binomial(K, theta/pi)",distance-table hash-bucket lookup with per-layer thresholds; union over L tables without intersecting sphere-layer masks or exact norm-table filter,0.25,1.0,0.3999999999996799,1.0,0.0001615705552502,0.0,1800.0,450.0,4.0,5.272910353535353,13.096866976334454,1.811586549999333,123.944970042,4.0,0.9998384294447498,True,0.7418489125913981,0.0,0.4395924456294579
cifar10,14,10,query_adaptive_R25,25.0,0.14,7.763739109039307,0.95,round(norm/delta),layer-wise cosine theorem,disabled: no norm-table or radial-layer candidate filter,"per-query, per-layer Eq. I_threshold with Binomial(K, theta/pi)",distance-table hash-bucket lookup with per-layer thresholds; union over L tables without intersecting sphere-layer masks or exact norm-table filter,0.25,1.0,0.3999999999996799,1.0,0.0001615705552502,0.0,1800.0,450.0,4.0,0.0,13.096866976334454,1.8782187250010909,123.944970042,4.0,0.9998384294447498,True,0.7323538275052837,0.0,0.4391176913751521
cifar10,14,20,query_adaptive_R25,25.0,0.14,7.763739109039307,0.95,round(norm/delta),layer-wise cosine theorem,disabled: no norm-table or radial-layer candidate filter,"per-query, per-layer Eq. I_threshold with Binomial(K, theta/pi)",distance-table hash-bucket lookup with per-layer thresholds; union over L tables without intersecting sphere-layer masks or exact norm-table filter,0.25,1.0,0.3999999999996799,1.0,0.0001615705552502,0.0,1800.0,450.0,4.0,2.2154356060606064,13.096866976334454,1.8960457750019089,123.944970042,4.0,0.9998384294447498,True,0.7298134728404733,0.0,0.43899067364191163
cifar10,14,30,query_adaptive_R25,25.0,0.14,7.763739109039307,0.95,round(norm/delta),layer-wise cosine theorem,disabled: no norm-table or radial-layer candidate filter,"per-query, per-layer Eq. I_threshold with Binomial(K, theta/pi)",distance-table hash-bucket lookup with per-layer thresholds; union over L tables without intersecting sphere-layer masks or exact norm-table filter,0.25,1.0,0.3999999999996799,1.0,0.0001615705552502,0.0,1800.0,450.0,4.0,6.115946969696969,13.096866976334454,1.921462474998492,123.944970042,4.0,0.9998384294447498,True,0.7261915930343671,0.0,0.4388095796516063
cifar10,14,40,query_adaptive_R25,25.0,0.14,7.763739109039307,0.95,round(norm/delta),layer-wise cosine theorem,disabled: no norm-table or radial-layer candidate filter,"per-query, per-layer Eq. I_threshold with Binomial(K, theta/pi)",distance-table hash-bucket lookup with per-layer thresholds; union over L tables without intersecting sphere-layer masks or exact norm-table filter,0.25,1.0,0.3999999999996799,1.0,0.0001615705552502,0.0,1800.0,450.0,4.0,11.253074494949496,13.096866976334454,1.8925093499980503,123.944970042,4.0,0.9998384294447498,True,0.7303174134113974,0.0,0.43901587067045783
cifar10,14,50,query_adaptive_R25,25.0,0.14,7.763739109039307,0.95,round(norm/delta),layer-wise cosine theorem,disabled: no norm-table or radial-layer candidate filter,"per-query, per-layer Eq. I_threshold with Binomial(K, theta/pi)",distance-table hash-bucket lookup with per-layer thresholds; union over L tables without intersecting sphere-layer masks or exact norm-table filter,0.25,1.0,0.3999999999996799,1.0,0.0001615705552502,0.0,1800.0,450.0,4.0,19.087493686868687,13.096866976334454,1.8738385750012296,123.944970042,4.0,0.9998384294447498,True,0.7329779988900169,0.0,0.43914889994438877
cifar10,14,60,query_adaptive_R25,25.0,0.14,7.763739109039307,0.95,round(norm/delta),layer-wise cosine theorem,disabled: no norm-table or radial-layer candidate filter,"per-query, per-layer Eq. I_threshold with Binomial(K, theta/pi)",distance-table hash-bucket lookup with per-layer thresholds; union over L tables without intersecting sphere-layer masks or exact norm-table filter,0.25,1.0,0.3999999999996799,1.0,0.0001615705552502,0.0,1800.0,450.0,4.0,17.244128787878786,13.096866976334454,1.878344825001932,123.944970042,4.0,0.9998384294447498,True,0.7323358582548831,0.0,0.4391167929126321
cifar10,14,70,query_adaptive_R25,25.0,0.14,7.763739109039307,0.95,round(norm/delta),layer-wise cosine theorem,disabled: no norm-table or radial-layer candidate filter,"per-query, per-layer Eq. I_threshold with Binomial(K, theta/pi)",distance-table hash-bucket lookup with per-layer thresholds; union over L tables without intersecting sphere-layer masks or exact norm-table filter,0.25,1.0,0.3999999999996799,1.0,0.0001615705552502,0.0,1800.0,450.0,4.0,15.497215909090908,13.096866976334454,1.9244301749999693,123.944970042,4.0,0.9998384294447498,True,0.7257686957775487,0.0,0.4387884347887654
cifar10,14,80,query_adaptive_R25,25.0,0.14,7.763739109039307,0.95,round(norm/delta),layer-wise cosine theorem,disabled: no norm-table or radial-layer candidate filter,"per-query, per-layer Eq. I_threshold with Binomial(K, theta/pi)",distance-table hash-bucket lookup with per-layer thresholds; union over L tables without intersecting sphere-layer masks or exact norm-table filter,0.25,1.0,0.3999999999996799,1.0,0.0001615705552502,0.0,1800.0,450.0,4.0,13.006344696969697,13.096866976334454,1.8860739250015968,123.944970042,4.0,0.9998384294447498,True,0.7312344614877212,0.0,0.439061723074274
cifar10,14,90,query_adaptive_R25,25.0,0.14,7.763739109039307,0.95,round(norm/delta),layer-wise cosine theorem,disabled: no norm-table or radial-layer candidate filter,"per-query, per-layer Eq. I_threshold with Binomial(K, theta/pi)",distance-table hash-bucket lookup with per-layer thresholds; union over L tables without intersecting sphere-layer masks or exact norm-table filter,0.25,1.0,0.3999999999996799,1.0,0.0001615705552502,0.0,1800.0,450.0,4.0,10.024804292929293,13.096866976334454,1.8851592999951092,123.944970042,4.0,0.9998384294447498,True,0.7313647955531821,0.0,0.43906823977754705
cifar10,14,100,query_adaptive_R25,25.0,0.14,7.763739109039307,0.95,round(norm/delta),layer-wise cosine theorem,disabled: no norm-table or radial-layer candidate filter,"per-query, per-layer Eq. I_threshold with Binomial(K, theta/pi)",distance-table hash-bucket lookup with per-layer thresholds; union over L tables without intersecting sphere-layer masks or exact norm-table filter,0.25,1.0,0.3999999999996799,1.0,0.0001615705552502,0.0,1800.0,450.0,4.0,5.179008838383838,13.096866976334454,1.9085490250013493,123.944970042,4.0,0.9998384294447498,True,0.7280317596877132,0.0,0.4389015879842736
cifar10,15,10,query_adaptive_R25,25.0,0.14,7.763739109039307,0.95,round(norm/delta),layer-wise cosine theorem,disabled: no norm-table or radial-layer candidate filter,"per-query, per-layer Eq. I_threshold with Binomial(K, theta/pi)",distance-table hash-bucket lookup with per-layer thresholds; union over L tables without intersecting sphere-layer masks or exact norm-table filter,0.25,1.0,0.3999999999996799,1.0,0.0001615705552502,0.0,1800.0,450.0,4.0,0.0,13.096866976334454,1.9467031749996977,123.944970042,4.0,0.9998384294447498,True,0.7225947932279941,0.0,0.43862973966128765
cifar10,15,20,query_adaptive_R25,25.0,0.14,7.763739109039307,0.95,round(norm/delta),layer-wise cosine theorem,disabled: no norm-table or radial-layer candidate filter,"per-query, per-layer Eq. I_threshold with Binomial(K, theta/pi)",distance-table hash-bucket lookup with per-layer thresholds; union over L tables without intersecting sphere-layer masks or exact norm-table filter,0.25,1.0,0.3999999999996799,1.0,0.0001615705552502,0.0,1800.0,450.0,4.0,2.198491161616162,13.096866976334454,1.9609333749968985,123.944970042,4.0,0.9998384294447498,True,0.7205669896967078,0.0,0.43852834948472336
cifar10,15,30,query_adaptive_R25,25.0,0.14,7.763739109039307,0.95,round(norm/delta),layer-wise cosine theorem,disabled: no norm-table or radial-layer candidate filter,"per-query, per-layer Eq. I_threshold with Binomial(K, theta/pi)",distance-table hash-bucket lookup with per-layer thresholds; union over L tables without intersecting sphere-layer masks or exact norm-table filter,0.25,1.0,0.3999999999996799,1.0,0.0001615705552502,0.0,1800.0,450.0,4.0,6.109696969696969,13.096866976334454,1.9823165750032956,123.944970042,4.0,0.9998384294447498,True,0.7175198836481842,0.0,0.43837599418229717
cifar10,15,40,query_adaptive_R25,25.0,0.14,7.763739109039307,0.95,round(norm/delta),layer-wise cosine theorem,disabled: no norm-table or radial-layer candidate filter,"per-query, per-layer Eq. I_threshold with Binomial(K, theta/pi)",distance-table hash-bucket lookup with per-layer thresholds; union over L tables without intersecting sphere-layer masks or exact norm-table filter,0.25,1.0,0.3999999999996799,1.0,0.0001615705552502,0.0,1800.0,450.0,4.0,11.245713383838384,13.096866976334454,1.960316674998808,123.944970042,4.0,0.9998384294447498,True,0.720654869447809,0.0,0.4385327434722784
cifar10,15,50,query_adaptive_R25,25.0,0.14,7.763739109039307,0.95,round(norm/delta),layer-wise cosine theorem,disabled: no norm-table or radial-layer candidate filter,"per-query, per-layer Eq. I_threshold with Binomial(K, theta/pi)",distance-table hash-bucket lookup with per-layer thresholds; union over L tables without intersecting sphere-layer masks or exact norm-table filter,0.25,1.0,0.3999999999996799,1.0,0.0001615705552502,0.0,1800.0,450.0,4.0,19.087493686868687,13.096866976334454,1.948493725001299,123.944970042,4.0,0.9998384294447498,True,0.722339639848779,0.0,0.4386169819923269
cifar10,15,60,query_adaptive_R25,25.0,0.14,7.763739109039307,0.95,round(norm/delta),layer-wise cosine theorem,disabled: no norm-table or radial-layer candidate filter,"per-query, per-layer Eq. I_threshold with Binomial(K, theta/pi)",distance-table hash-bucket lookup with per-layer thresholds; union over L tables without intersecting sphere-layer masks or exact norm-table filter,0.25,1.0,0.3999999999996799,1.0,0.0001615705552502,0.0,1800.0,450.0,4.0,17.24100378787879,13.096866976334454,1.990560449998924,123.944970042,4.0,0.9998384294447498,True,0.7163451314429513,0.0,0.4383172565720355
cifar10,15,70,query_adaptive_R25,25.0,0.14,7.763739109039307,0.95,round(norm/delta),layer-wise cosine theorem,disabled: no norm-table or radial-layer candidate filter,"per-query, per-layer Eq. I_threshold with Binomial(K, theta/pi)",distance-table hash-bucket lookup with per-layer thresholds; union over L tables without intersecting sphere-layer masks or exact norm-table filter,0.25,1.0,0.3999999999996799,1.0,0.0001615705552502,0.0,1800.0,450.0,4.0,15.479526515151514,13.096866976334454,1.998909300002793,123.944970042,4.0,0.9998384294447498,True,0.7151554202988103,0.0,0.43825777101482843
cifar10,15,80,query_adaptive_R25,25.0,0.14,7.763739109039307,0.95,round(norm/delta),layer-wise cosine theorem,disabled: no norm-table or radial-layer candidate filter,"per-query, per-layer Eq. I_threshold with Binomial(K, theta/pi)",distance-table hash-bucket lookup with per-layer thresholds; union over L tables without intersecting sphere-layer masks or exact norm-table filter,0.25,1.0,0.3999999999996799,1.0,0.0001615705552502,0.0,1800.0,450.0,4.0,12.988314393939396,13.096866976334454,1.969910424999455,123.944970042,4.0,0.9998384294447498,True,0.7192877600513552,0.0,0.4384643880024557
cifar10,15,90,query_adaptive_R25,25.0,0.14,7.763739109039307,0.95,round(norm/delta),layer-wise cosine theorem,disabled: no norm-table or radial-layer candidate filter,"per-query, per-layer Eq. I_threshold with Binomial(K, theta/pi)",distance-table hash-bucket lookup with per-layer thresholds; union over L tables without intersecting sphere-layer masks or exact norm-table filter,0.25,1.0,0.3999999999996799,1.0,0.0001615705552502,0.0,1800.0,450.0,4.0,9.98810606060606,13.096866976334454,1.9604843999992736,123.944970042,4.0,0.9998384294447498,True,0.7206309686348691,0.0,0.4385315484316314
cifar10,15,100,query_adaptive_R25,25.0,0.14,7.763739109039307,0.95,round(norm/delta),layer-wise cosine theorem,disabled: no norm-table or radial-layer candidate filter,"per-query, per-layer Eq. I_threshold with Binomial(K, theta/pi)",distance-table hash-bucket lookup with per-layer thresholds; union over L tables without intersecting sphere-layer masks or exact norm-table filter,0.25,1.0,0.3999999999996799,1.0,0.0001615705552502,0.0,1800.0,450.0,4.0,5.086104797979798,13.096866976334454,1.9547114749997263,123.944970042,4.0,0.9998384294447498,True,0.7214536104601587,0.0,0.4385726805228959
cifar10,16,10,query_adaptive_R25,25.0,0.14,7.763739109039307,0.95,round(norm/delta),layer-wise cosine theorem,disabled: no norm-table or radial-layer candidate filter,"per-query, per-layer Eq. I_threshold with Binomial(K, theta/pi)",distance-table hash-bucket lookup with per-layer thresholds; union over L tables without intersecting sphere-layer masks or exact norm-table filter,0.25,1.0,0.3999999999996799,1.0,0.0001615705552502,0.0,1800.0,450.0,4.0,0.0,13.096866976334454,2.031826074999543,123.944970042,4.0,0.9998384294447498,True,0.7104647797884807,0.0,0.438023238989312
cifar10,16,20,query_adaptive_R25,25.0,0.14,7.763739109039307,0.95,round(norm/delta),layer-wise cosine theorem,disabled: no norm-table or radial-layer candidate filter,"per-query, per-layer Eq. I_threshold with Binomial(K, theta/pi)",distance-table hash-bucket lookup with per-layer thresholds; union over L tables without intersecting sphere-layer masks or exact norm-table filter,0.25,1.0,0.3999999999996799,1.0,0.0001615705552502,0.0,1800.0,450.0,4.0,2.182866161616162,13.096866976334454,2.0266655000028777,123.944970042,4.0,0.9998384294447498,True,0.7112001617369961,0.0,0.43806000808673773
cifar10,16,30,query_adaptive_R25,25.0,0.14,7.763739109039307,0.95,round(norm/delta),layer-wise cosine theorem,disabled: no norm-table or radial-layer candidate filter,"per-query, per-layer Eq. I_threshold with Binomial(K, theta/pi)",distance-table hash-bucket lookup with per-layer thresholds; union over L tables without intersecting sphere-layer masks or exact norm-table filter,0.25,1.0,0.3999999999996799,1.0,0.0001615705552502,0.0,1800.0,450.0,4.0,6.102058080808081,13.096866976334454,2.0688759499975617,123.944970042,4.0,0.9998384294447498,True,0.7051851725187673,0.0,0.4377592586258263
cifar10,16,40,query_adaptive_R25,25.0,0.14,7.763739109039307,0.95,round(norm/delta),layer-wise cosine theorem,disabled: no norm-table or radial-layer candidate filter,"per-query, per-layer Eq. I_threshold with Binomial(K, theta/pi)",distance-table hash-bucket lookup with per-layer thresholds; union over L tables without intersecting sphere-layer masks or exact norm-table filter,0.25,1.0,0.3999999999996799,1.0,0.0001615705552502,0.0,1800.0,450.0,4.0,11.245713383838384,13.096866976334454,2.069671900002845,123.944970042,4.0,0.9998384294447498,True,0.7050717496412422,0.0,0.43775358748195003
cifar10,16,50,query_adaptive_R25,25.0,0.14,7.763739109039307,0.95,round(norm/delta),layer-wise cosine theorem,disabled: no norm-table or radial-layer candidate filter,"per-query, per-layer Eq. I_threshold with Binomial(K, theta/pi)",distance-table hash-bucket lookup with per-layer thresholds; union over L tables without intersecting sphere-layer masks or exact norm-table filter,0.25,1.0,0.3999999999996799,1.0,0.0001615705552502,0.0,1800.0,450.0,4.0,19.087493686868687,13.096866976334454,2.0261230000024,123.944970042,4.0,0.9998384294447498,True,0.7112774679882721,0.0,0.43806387339930153
cifar10,16,60,query_adaptive_R25,25.0,0.14,7.763739109039307,0.95,round(norm/delta),layer-wise cosine theorem,disabled: no norm-table or radial-layer candidate filter,"per-query, per-layer Eq. I_threshold with Binomial(K, theta/pi)",distance-table hash-bucket lookup with per-layer thresholds; union over L tables without intersecting sphere-layer masks or exact norm-table filter,0.25,1.0,0.3999999999996799,1.0,0.0001615705552502,0.0,1800.0,450.0,4.0,17.228125,13.096866976334454,2.067987450002562,123.944970042,4.0,0.9998384294447498,True,0.7053117837700331,0.0,0.4377655891883896
cifar10,16,70,query_adaptive_R25,25.0,0.14,7.763739109039307,0.95,round(norm/delta),layer-wise cosine theorem,disabled: no norm-table or radial-layer candidate filter,"per-query, per-layer Eq. I_threshold with Binomial(K, theta/pi)",distance-table hash-bucket lookup with per-layer thresholds; union over L tables without intersecting sphere-layer masks or exact norm-table filter,0.25,1.0,0.3999999999996799,1.0,0.0001615705552502,0.0,1800.0,450.0,4.0,15.463522727272728,13.096866976334454,2.108243775001739,123.944970042,4.0,0.9998384294447498,True,0.6995752573680152,0.0,0.4374787628682887
cifar10,16,80,query_adaptive_R25,25.0,0.14,7.763739109039307,0.95,round(norm/delta),layer-wise cosine theorem,disabled: no norm-table or radial-layer candidate filter,"per-query, per-layer Eq. I_threshold with Binomial(K, theta/pi)",distance-table hash-bucket lookup with per-layer thresholds; union over L tables without intersecting sphere-layer masks or exact norm-table filter,0.25,1.0,0.3999999999996799,1.0,0.0001615705552502,0.0,1800.0,450.0,4.0,12.966963383838385,13.096866976334454,2.05441250000149,123.944970042,4.0,0.9998384294447498,True,0.707246214175412,0.0,0.43786231070865855
cifar10,16,90,query_adaptive_R25,25.0,0.14,7.763739109039307,0.95,round(norm/delta),layer-wise cosine theorem,disabled: no norm-table or radial-layer candidate filter,"per-query, per-layer Eq. I_threshold with Binomial(K, theta/pi)",distance-table hash-bucket lookup with per-layer thresholds; union over L tables without intersecting sphere-layer masks or exact norm-table filter,0.25,1.0,0.3999999999996799,1.0,0.0001615705552502,0.0,1800.0,450.0,4.0,9.937140151515152,13.096866976334454,2.041638449999539,123.944970042,4.0,0.9998384294447498,True,0.7090665163291329,0.0,0.4379533258163446
cifar10,16,100,query_adaptive_R25,25.0,0.14,7.763739109039307,0.95,round(norm/delta),layer-wise cosine theorem,disabled: no norm-table or radial-layer candidate filter,"per-query, per-layer Eq. I_threshold with Binomial(K, theta/pi)",distance-table hash-bucket lookup with per-layer thresholds; union over L tables without intersecting sphere-layer masks or exact norm-table filter,0.25,1.0,0.3999999999996799,1.0,0.0001615705552502,0.0,1800.0,450.0,4.0,5.037689393939393,13.096866976334454,2.0332291500004374,123.944970042,4.0,0.9998384294447498,True,0.7102648415977291,0.0,0.4380132420797744
cifar10,17,10,query_adaptive_R25,25.0,0.14,7.763739109039307,0.95,round(norm/delta),layer-wise cosine theorem,disabled: no norm-table or radial-layer candidate filter,"per-query, per-layer Eq. I_threshold with Binomial(K, theta/pi)",distance-table hash-bucket lookup with per-layer thresholds; union over L tables without intersecting sphere-layer masks or exact norm-table filter,0.25,1.0,0.3999999999996799,1.0,0.0001615705552502,0.0,1800.0,450.0,4.0,0.0,13.096866976334454,2.094721924999732,123.944970042,4.0,0.9998384294447498,True,0.7015021210234091,0.0,0.4375751060510584
cifar10,17,20,query_adaptive_R25,25.0,0.14,7.763739109039307,0.95,round(norm/delta),layer-wise cosine theorem,disabled: no norm-table or radial-layer candidate filter,"per-query, per-layer Eq. I_threshold with Binomial(K, theta/pi)",distance-table hash-bucket lookup with per-layer thresholds; union over L tables without intersecting sphere-layer masks or exact norm-table filter,0.25,1.0,0.3999999999996799,1.0,0.0001615705552502,0.0,1800.0,450.0,4.0,2.176963383838384,13.096866976334454,2.098877150001499,123.944970042,4.0,0.9998384294447498,True,0.7009100014514054,0.0,0.43754550007245824
cifar10,17,30,query_adaptive_R25,25.0,0.14,7.763739109039307,0.95,round(norm/delta),layer-wise cosine theorem,disabled: no norm-table or radial-layer candidate filter,"per-query, per-layer Eq. I_threshold with Binomial(K, theta/pi)",distance-table hash-bucket lookup with per-layer thresholds; union over L tables without intersecting sphere-layer masks or exact norm-table filter,0.25,1.0,0.3999999999996799,1.0,0.0001615705552502,0.0,1800.0,450.0,4.0,6.102058080808081,13.096866976334454,2.142961499998819,123.944970042,4.0,0.9998384294447498,True,0.6946279814786285,0.0,0.43723139907381936
cifar10,17,40,query_adaptive_R25,25.0,0.14,7.763739109039307,0.95,round(norm/delta),layer-wise cosine theorem,disabled: no norm-table or radial-layer candidate filter,"per-query, per-layer Eq. I_threshold with Binomial(K, theta/pi)",distance-table hash-bucket lookup with per-layer thresholds; union over L tables without intersecting sphere-layer masks or exact norm-table filter,0.25,1.0,0.3999999999996799,1.0,0.0001615705552502,0.0,1800.0,450.0,4.0,11.243213383838384,13.096866976334454,2.135429225002383,123.944970042,4.0,0.9998384294447498,True,0.695701330682392,0.0,0.43728506653400756
cifar10,17,50,query_adaptive_R25,25.0,0.14,7.763739109039307,0.95,round(norm/delta),layer-wise cosine theorem,disabled: no norm-table or radial-layer candidate filter,"per-query, per-layer Eq. I_threshold with Binomial(K, theta/pi)",distance-table hash-bucket lookup with per-layer thresholds; union over L tables without intersecting sphere-layer masks or exact norm-table filter,0.25,1.0,0.3999999999996799,1.0,0.0001615705552502,0.0,1800.0,450.0,4.0,19.087493686868687,13.096866976334454,2.090704250000641,123.944970042,4.0,0.9998384294447498,True,0.7020746397197254,0.0,0.4376037319858742
cifar10,17,60,query_adaptive_R25,25.0,0.14,7.763739109039307,0.95,round(norm/delta),layer-wise cosine theorem,disabled: no norm-table or radial-layer candidate filter,"per-query, per-layer Eq. I_threshold with Binomial(K, theta/pi)",distance-table hash-bucket lookup with per-layer thresholds; union over L tables without intersecting sphere-layer masks or exact norm-table filter,0.25,1.0,0.3999999999996799,1.0,0.0001615705552502,0.0,1800.0,450.0,4.0,17.207954545454545,13.096866976334454,2.135748899999612,123.944970042,4.0,0.9998384294447498,True,0.6956557769945751,0.0,0.4372827888496167
cifar10,17,70,query_adaptive_R25,25.0,0.14,7.763739109039307,0.95,round(norm/delta),layer-wise cosine theorem,disabled: no norm-table or radial-layer candidate filter,"per-query, per-layer Eq. I_threshold with Binomial(K, theta/pi)",distance-table hash-bucket lookup with per-layer thresholds; union over L tables without intersecting sphere-layer masks or exact norm-table filter,0.25,1.0,0.3999999999996799,1.0,0.0001615705552502,0.0,1800.0,450.0,4.0,15.456199494949496,13.096866976334454,2.132818725000618,123.944970042,4.0,0.9998384294447498,True,0.6960733269384562,0.0,0.4373036663468108
cifar10,17,80,query_adaptive_R25,25.0,0.14,7.763739109039307,0.95,round(norm/delta),layer-wise cosine theorem,disabled: no norm-table or radial-layer candidate filter,"per-query, per-layer Eq. I_threshold with Binomial(K, theta/pi)",distance-table hash-bucket lookup with per-layer thresholds; union over L tables without intersecting sphere-layer masks or exact norm-table filter,0.25,1.0,0.3999999999996799,1.0,0.0001615705552502,0.0,1800.0,450.0,4.0,12.935612373737374,13.096866976334454,2.113631250000481,123.944970042,4.0,0.9998384294447498,True,0.6988075421686988,0.0,0.4374403771083229
cifar10,17,90,query_adaptive_R25,25.0,0.14,7.763739109039307,0.95,round(norm/delta),layer-wise cosine theorem,disabled: no norm-table or radial-layer candidate filter,"per-query, per-layer Eq. I_threshold with Binomial(K, theta/pi)",distance-table hash-bucket lookup with per-layer thresholds; union over L tables without intersecting sphere-layer masks or exact norm-table filter,0.25,1.0,0.3999999999996799,1.0,0.0001615705552502,0.0,1800.0,450.0,4.0,9.899103535353536,13.096866976334454,2.1009979500021814,123.944970042,4.0,0.9998384294447498,True,0.7006077874465859,0.0,0.4375303893722172
cifar10,17,100,query_adaptive_R25,25.0,0.14,7.763739109039307,0.95,round(norm/delta),layer-wise cosine theorem,disabled: no norm-table or radial-layer candidate filter,"per-query, per-layer Eq. I_threshold with Binomial(K, theta/pi)",distance-table hash-bucket lookup with per-layer thresholds; union over L tables without intersecting sphere-layer masks or exact norm-table filter,0.25,1.0,0.3999999999996799,1.0,0.0001615705552502,0.0,1800.0,450.0,4.0,4.95074494949495,13.096866976334454,2.1069885499983343,123.944970042,4.0,0.9998384294447498,True,0.6997541269337954,0.0,0.43748770634657774
cifar10,18,10,query_adaptive_R25,25.0,0.14,7.763739109039307,0.95,round(norm/delta),layer-wise cosine theorem,disabled: no norm-table or radial-layer candidate filter,"per-query, per-layer Eq. I_threshold with Binomial(K, theta/pi)",distance-table hash-bucket lookup with per-layer thresholds; union over L tables without intersecting sphere-layer masks or exact norm-table filter,0.25,1.0,0.3999999999996799,1.0,0.0001615705552502,0.0,1800.0,450.0,4.0,0.0,13.096866976334454,2.167252100001349,123.944970042,4.0,0.9998384294447498,True,0.6911665709241823,0.0,0.43705832854609705
cifar10,18,20,query_adaptive_R25,25.0,0.14,7.763739109039307,0.95,round(norm/delta),layer-wise cosine theorem,disabled: no norm-table or radial-layer candidate filter,"per-query, per-layer Eq. I_threshold with Binomial(K, theta/pi)",distance-table hash-bucket lookup with per-layer thresholds; union over L tables without intersecting sphere-layer masks or exact norm-table filter,0.25,1.0,0.3999999999996799,1.0,0.0001615705552502,0.0,1800.0,450.0,4.0,2.1458396464646463,13.096866976334454,2.1624999749981555,123.944970042,4.0,0.9998384294447498,True,0.6918437487477185,0.0,0.43709218743727385
cifar10,18,30,query_adaptive_R25,25.0,0.14,7.763739109039307,0.95,round(norm/delta),layer-wise cosine theorem,disabled: no norm-table or radial-layer candidate filter,"per-query, per-layer Eq. I_threshold with Binomial(K, theta/pi)",distance-table hash-bucket lookup with per-layer thresholds; union over L tables without intersecting sphere-layer masks or exact norm-table filter,0.25,1.0,0.3999999999996799,1.0,0.0001615705552502,0.0,1800.0,450.0,4.0,6.095391414141415,13.096866976334454,2.236052075001993,123.944970042,4.0,0.9998384294447498,True,0.6813625743333998,0.0,0.4365681287165579
cifar10,18,40,query_adaptive_R25,25.0,0.14,7.763739109039307,0.95,round(norm/delta),layer-wise cosine theorem,disabled: no norm-table or radial-layer candidate filter,"per-query, per-layer Eq. I_threshold with Binomial(K, theta/pi)",distance-table hash-bucket lookup with per-layer thresholds; union over L tables without intersecting sphere-layer masks or exact norm-table filter,0.25,1.0,0.3999999999996799,1.0,0.0001615705552502,0.0,1800.0,450.0,4.0,11.238213383838383,13.096866976334454,2.165498874997951,123.944970042,4.0,0.9998384294447498,True,0.6914164054910703,0.0,0.43707082027444144
cifar10,18,50,query_adaptive_R25,25.0,0.14,7.763739109039307,0.95,round(norm/delta),layer-wise cosine theorem,disabled: no norm-table or radial-layer candidate filter,"per-query, per-layer Eq. I_threshold with Binomial(K, theta/pi)",distance-table hash-bucket lookup with per-layer thresholds; union over L tables without intersecting sphere-layer masks or exact norm-table filter,0.25,1.0,0.3999999999996799,1.0,0.0001615705552502,0.0,1800.0,450.0,4.0,19.087493686868687,13.096866976334454,2.1762365249998084,123.944970042,4.0,0.9998384294447498,True,0.689886290341897,0.0,0.4369943145169828
cifar10,18,60,query_adaptive_R25,25.0,0.14,7.763739109039307,0.95,round(norm/delta),layer-wise cosine theorem,disabled: no norm-table or radial-layer candidate filter,"per-query, per-layer Eq. I_threshold with Binomial(K, theta/pi)",distance-table hash-bucket lookup with per-layer thresholds; union over L tables without intersecting sphere-layer masks or exact norm-table filter,0.25,1.0,0.3999999999996799,1.0,0.0001615705552502,0.0,1800.0,450.0,4.0,17.202051767676767,13.096866976334454,2.197533374998528,123.944970042,4.0,0.9998384294447498,True,0.6868514891696598,0.0,0.43684257445837094
cifar10,18,70,query_adaptive_R25,25.0,0.14,7.763739109039307,0.95,round(norm/delta),layer-wise cosine theorem,disabled: no norm-table or radial-layer candidate filter,"per-query, per-layer Eq. I_threshold with Binomial(K, theta/pi)",distance-table hash-bucket lookup with per-layer thresholds; union over L tables without intersecting sphere-layer masks or exact norm-table filter,0.25,1.0,0.3999999999996799,1.0,0.0001615705552502,0.0,1800.0,450.0,4.0,15.449532828282829,13.096866976334454,2.220690625000543,123.944970042,4.0,0.9998384294447498,True,0.6835515809928103,0.0,0.4366775790495285
cifar10,18,80,query_adaptive_R25,25.0,0.14,7.763739109039307,0.95,round(norm/delta),layer-wise cosine theorem,disabled: no norm-table or radial-layer candidate filter,"per-query, per-layer Eq. I_threshold with Binomial(K, theta/pi)",distance-table hash-bucket lookup with per-layer thresholds; union over L tables without intersecting sphere-layer masks or exact norm-table filter,0.25,1.0,0.3999999999996799,1.0,0.0001615705552502,0.0,1800.0,450.0,4.0,12.909469696969698,13.096866976334454,2.174860524998934,123.944970042,4.0,0.9998384294447498,True,0.6900823703450855,0.0,0.4370041185171422
cifar10,18,90,query_adaptive_R25,25.0,0.14,7.763739109039307,0.95,round(norm/delta),layer-wise cosine theorem,disabled: no norm-table or radial-layer candidate filter,"per-query, per-layer Eq. I_threshold with Binomial(K, theta/pi)",distance-table hash-bucket lookup with per-layer thresholds; union over L tables without intersecting sphere-layer masks or exact norm-table filter,0.25,1.0,0.3999999999996799,1.0,0.0001615705552502,0.0,1800.0,450.0,4.0,9.873636363636365,13.096866976334454,2.1738083499982963,123.944970042,4.0,0.9998384294447498,True,0.6902323052850191,0.0,0.4370116152641389
cifar10,18,100,query_adaptive_R25,25.0,0.14,7.763739109039307,0.95,round(norm/delta),layer-wise cosine theorem,disabled: no norm-table or radial-layer candidate filter,"per-query, per-layer Eq. I_threshold with Binomial(K, theta/pi)",distance-table hash-bucket lookup with per-layer thresholds; union over L tables without intersecting sphere-layer masks or exact norm-table filter,0.25,1.0,0.3999999999996799,1.0,0.0001615705552502,0.0,1800.0,450.0,4.0,4.890265151515152,13.096866976334454,2.169089549997949,123.944970042,4.0,0.9998384294447498,True,0.6909047342955755,0.0,0.4370452367146667
cifar10,19,10,query_adaptive_R25,25.0,0.14,7.763739109039307,0.95,round(norm/delta),layer-wise cosine theorem,disabled: no norm-table or radial-layer candidate filter,"per-query, per-layer Eq. I_threshold with Binomial(K, theta/pi)",distance-table hash-bucket lookup with per-layer thresholds; union over L tables without intersecting sphere-layer masks or exact norm-table filter,0.25,1.0,0.3999999999996799,1.0,0.0001615705552502,0.0,1800.0,450.0,4.0,0.0,13.096866976334454,2.287081174999628,123.944970042,4.0,0.9998384294447498,True,0.674090927470115,0.0,0.4362045463733937
cifar10,19,20,query_adaptive_R25,25.0,0.14,7.763739109039307,0.95,round(norm/delta),layer-wise cosine theorem,disabled: no norm-table or radial-layer candidate filter,"per-query, per-layer Eq. I_threshold with Binomial(K, theta/pi)",distance-table hash-bucket lookup with per-layer thresholds; union over L tables without intersecting sphere-layer masks or exact norm-table filter,0.25,1.0,0.3999999999996799,1.0,0.0001615705552502,0.0,1800.0,450.0,4.0,2.132645202020202,13.096866976334454,2.24072390000174,123.944970042,4.0,0.9998384294447498,True,0.6806968392605336,0.0,0.43653484196291464
cifar10,19,30,query_adaptive_R25,25.0,0.14,7.763739109039307,0.95,round(norm/delta),layer-wise cosine theorem,disabled: no norm-table or radial-layer candidate filter,"per-query, per-layer Eq. I_threshold with Binomial(K, theta/pi)",distance-table hash-bucket lookup with per-layer thresholds; union over L tables without intersecting sphere-layer masks or exact norm-table filter,0.25,1.0,0.3999999999996799,1.0,0.0001615705552502,0.0,1800.0,450.0,4.0,6.091224747474747,13.096866976334454,2.2772020499999712,123.944970042,4.0,0.9998384294447498,True,0.6754987028045629,0.0,0.4362749351401161
cifar10,19,40,query_adaptive_R25,25.0,0.14,7.763739109039307,0.95,round(norm/delta),layer-wise cosine theorem,disabled: no norm-table or radial-layer candidate filter,"per-query, per-layer Eq. I_threshold with Binomial(K, theta/pi)",distance-table hash-bucket lookup with per-layer thresholds; union over L tables without intersecting sphere-layer masks or exact norm-table filter,0.25,1.0,0.3999999999996799,1.0,0.0001615705552502,0.0,1800.0,450.0,4.0,11.235435606060603,13.096866976334454,2.2345437749990538,123.944970042,4.0,0.9998384294447498,True,0.681577507087177,0.0,0.4365788753542468
cifar10,19,50,query_adaptive_R25,25.0,0.14,7.763739109039307,0.95,round(norm/delta),layer-wise cosine theorem,disabled: no norm-table or radial-layer candidate filter,"per-query, per-layer Eq. I_threshold with Binomial(K, theta/pi)",distance-table hash-bucket lookup with per-layer thresholds; union over L tables without intersecting sphere-layer masks or exact norm-table filter,0.25,1.0,0.3999999999996799,1.0,0.0001615705552502,0.0,1800.0,450.0,4.0,19.087493686868687,13.096866976334454,2.233076024999292,123.944970042,4.0,0.9998384294447498,True,0.6817866614654112,0.0,0.4365893330731585
cifar10,19,60,query_adaptive_R25,25.0,0.14,7.763739109039307,0.95,round(norm/delta),layer-wise cosine theorem,disabled: no norm-table or radial-layer candidate filter,"per-query, per-layer Eq. I_threshold with Binomial(K, theta/pi)",distance-table hash-bucket lookup with per-layer thresholds; union over L tables without intersecting sphere-layer masks or exact norm-table filter,0.25,1.0,0.3999999999996799,1.0,0.0001615705552502,0.0,1800.0,450.0,4.0,17.193112373737375,13.096866976334454,2.2596707999959165,123.944970042,4.0,0.9998384294447498,True,0.6779969059691761,0.0,0.43639984529834674
cifar10,19,70,query_adaptive_R25,25.0,0.14,7.763739109039307,0.95,round(norm/delta),layer-wise cosine theorem,disabled: no norm-table or radial-layer candidate filter,"per-query, per-layer Eq. I_threshold with Binomial(K, theta/pi)",distance-table hash-bucket lookup with per-layer thresholds; union over L tables without intersecting sphere-layer masks or exact norm-table filter,0.25,1.0,0.3999999999996799,1.0,0.0001615705552502,0.0,1800.0,450.0,4.0,15.447449494949495,13.096866976334454,2.284801999999786,123.944970042,4.0,0.9998384294447498,True,0.6744157099126673,0.0,0.4362207854955213
cifar10,19,80,query_adaptive_R25,25.0,0.14,7.763739109039307,0.95,round(norm/delta),layer-wise cosine theorem,disabled: no norm-table or radial-layer candidate filter,"per-query, per-layer Eq. I_threshold with Binomial(K, theta/pi)",distance-table hash-bucket lookup with per-layer thresholds; union over L tables without intersecting sphere-layer masks or exact norm-table filter,0.25,1.0,0.3999999999996799,1.0,0.0001615705552502,0.0,1800.0,450.0,4.0,12.898446969696968,13.096866976334454,2.2437009750007064,123.944970042,4.0,0.9998384294447498,True,0.680272606066552,0.0,0.43651363030321555
cifar10,19,90,query_adaptive_R25,25.0,0.14,7.763739109039307,0.95,round(norm/delta),layer-wise cosine theorem,disabled: no norm-table or radial-layer candidate filter,"per-query, per-layer Eq. I_threshold with Binomial(K, theta/pi)",distance-table hash-bucket lookup with per-layer thresholds; union over L tables without intersecting sphere-layer masks or exact norm-table filter,0.25,1.0,0.3999999999996799,1.0,0.0001615705552502,0.0,1800.0,450.0,4.0,9.834924242424242,13.096866976334454,2.243179099998116,123.944970042,4.0,0.9998384294447498,True,0.6803469732555831,0.0,0.4365173486626671
cifar10,19,100,query_adaptive_R25,25.0,0.14,7.763739109039307,0.95,round(norm/delta),layer-wise cosine theorem,disabled: no norm-table or radial-layer candidate filter,"per-query, per-layer Eq. I_threshold with Binomial(K, theta/pi)",distance-table hash-bucket lookup with per-layer thresholds; union over L tables without intersecting sphere-layer masks or exact norm-table filter,0.25,1.0,0.3999999999996799,1.0,0.0001615705552502,0.0,1800.0,450.0,4.0,4.791982323232324,13.096866976334454,2.270109524999242,123.944970042,4.0,0.9998384294447498,True,0.6765093876329592,0.0,0.43632546938153594
cifar10,20,10,query_adaptive_R25,25.0,0.14,7.763739109039307,0.95,round(norm/delta),layer-wise cosine theorem,disabled: no norm-table or radial-layer candidate filter,"per-query, per-layer Eq. I_threshold with Binomial(K, theta/pi)",distance-table hash-bucket lookup with per-layer thresholds; union over L tables without intersecting sphere-layer masks or exact norm-table filter,0.25,1.0,0.3999999999996799,1.0,0.0001615705552502,0.0,1800.0,450.0,4.0,0.0,13.096866976334454,2.3107699000000537,123.944970042,4.0,0.9998384294447498,True,0.6707152841048087,0.0,0.4360357642051284
cifar10,20,20,query_adaptive_R25,25.0,0.14,7.763739109039307,0.95,round(norm/delta),layer-wise cosine theorem,disabled: no norm-table or radial-layer candidate filter,"per-query, per-layer Eq. I_threshold with Binomial(K, theta/pi)",distance-table hash-bucket lookup with per-layer thresholds; union over L tables without intersecting sphere-layer masks or exact norm-table filter,0.25,1.0,0.3999999999996799,1.0,0.0001615705552502,0.0,1800.0,450.0,4.0,2.120492424242424,13.096866976334454,2.6415978999999368,123.944970042,4.0,0.9998384294447498,True,0.6235722933682004,0.0,0.433678614668298
cifar10,20,30,query_adaptive_R25,25.0,0.14,7.763739109039307,0.95,round(norm/delta),layer-wise cosine theorem,disabled: no norm-table or radial-layer candidate filter,"per-query, per-layer Eq. I_threshold with Binomial(K, theta/pi)",distance-table hash-bucket lookup with per-layer thresholds; union over L tables without intersecting sphere-layer masks or exact norm-table filter,0.25,1.0,0.3999999999996799,1.0,0.0001615705552502,0.0,1800.0,450.0,4.0,6.089141414141414,13.096866976334454,2.362598874997701,123.944970042,4.0,0.9998384294447498,True,0.663329655052241,0.0,0.4356664827525
cifar10,20,40,query_adaptive_R25,25.0,0.14,7.763739109039307,0.95,round(norm/delta),layer-wise cosine theorem,disabled: no norm-table or radial-layer candidate filter,"per-query, per-layer Eq. I_threshold with Binomial(K, theta/pi)",distance-table hash-bucket lookup with per-layer thresholds; union over L tables without intersecting sphere-layer masks or exact norm-table filter,0.25,1.0,0.3999999999996799,1.0,0.0001615705552502,0.0,1800.0,450.0,4.0,11.235435606060603,13.096866976334454,2.328607324997733,123.944970042,4.0,0.9998384294447498,True,0.6681734510029225,0.0,0.43590867255003407
cifar10,20,50,query_adaptive_R25,25.0,0.14,7.763739109039307,0.95,round(norm/delta),layer-wise cosine theorem,disabled: no norm-table or radial-layer candidate filter,"per-query, per-layer Eq. I_threshold with Binomial(K, theta/pi)",distance-table hash-bucket lookup with per-layer thresholds; union over L tables without intersecting sphere-layer masks or exact norm-table filter,0.25,1.0,0.3999999999996799,1.0,0.0001615705552502,0.0,1800.0,450.0,4.0,19.087493686868687,13.096866976334454,2.341665674998694,123.944970042,4.0,0.9998384294447498,True,0.6663126360987096,0.0,0.4358156318048234
cifar10,20,60,query_adaptive_R25,25.0,0.14,7.763739109039307,0.95,round(norm/delta),layer-wise cosine theorem,disabled: no norm-table or radial-layer candidate filter,"per-query, per-layer Eq. I_threshold with Binomial(K, theta/pi)",distance-table hash-bucket lookup with per-layer thresholds; union over L tables without intersecting sphere-layer masks or exact norm-table filter,0.25,1.0,0.3999999999996799,1.0,0.0001615705552502,0.0,1800.0,450.0,4.0,17.190839646464646,13.096866976334454,2.365972875000466,123.944970042,4.0,0.9998384294447498,True,0.6628488600443345,0.0,0.4356424430021047
cifar10,20,70,query_adaptive_R25,25.0,0.14,7.763739109039307,0.95,round(norm/delta),layer-wise cosine theorem,disabled: no norm-table or radial-layer candidate filter,"per-query, per-layer Eq. I_threshold with Binomial(K, theta/pi)",distance-table hash-bucket lookup with per-layer thresholds; union over L tables without intersecting sphere-layer masks or exact norm-table filter,0.25,1.0,0.3999999999996799,1.0,0.0001615705552502,0.0,1800.0,450.0,4.0,15.444949494949494,13.096866976334454,2.4058135500006017,123.944970042,4.0,0.9998384294447498,True,0.6571715637681055,0.0,0.4353585781882932
cifar10,20,80,query_adaptive_R25,25.0,0.14,7.763739109039307,0.95,round(norm/delta),layer-wise cosine theorem,disabled: no norm-table or radial-layer candidate filter,"per-query, per-layer Eq. I_threshold with Binomial(K, theta/pi)",distance-table hash-bucket lookup with per-layer thresholds; union over L tables without intersecting sphere-layer masks or exact norm-table filter,0.25,1.0,0.3999999999996799,1.0,0.0001615705552502,0.0,1800.0,450.0,4.0,12.879267676767675,13.096866976334454,2.3059291500011625,123.944970042,4.0,0.9998384294447498,True,0.6714050909904292,0.0,0.4360702545494094
cifar10,20,90,query_adaptive_R25,25.0,0.14,7.763739109039307,0.95,round(norm/delta),layer-wise cosine theorem,disabled: no norm-table or radial-layer candidate filter,"per-query, per-layer Eq. I_threshold with Binomial(K, theta/pi)",distance-table hash-bucket lookup with per-layer thresholds; union over L tables without intersecting sphere-layer masks or exact norm-table filter,0.25,1.0,0.3999999999996799,1.0,0.0001615705552502,0.0,1800.0,450.0,4.0,9.809457070707072,13.096866976334454,2.316999050001556,123.944970042,4.0,0.9998384294447498,True,0.6698276302157248,0.0,0.4359913815106742
cifar10,20,100,query_adaptive_R25,25.0,0.14,7.763739109039307,0.95,round(norm/delta),layer-wise cosine theorem,disabled: no norm-table or radial-layer candidate filter,"per-query, per-layer Eq. I_threshold with Binomial(K, theta/pi)",distance-table hash-bucket lookup with per-layer thresholds; union over L tables without intersecting sphere-layer masks or exact norm-table filter,0.25,1.0,0.3999999999996799,1.0,0.0001615705552502,0.0,1800.0,450.0,4.0,4.706161616161617,13.096866976334454,2.352690674999991,123.944970042,4.0,0.9998384294447498,True,0.6647415735739765,0.0,0.4357370786785868
cifar10_gist512,2,10,query_adaptive_R25,25.0,0.14,1.6133838891983032,0.95,round(norm/delta),layer-wise cosine theorem,disabled: no norm-table or radial-layer candidate filter,"per-query, per-layer Eq. I_threshold with Binomial(K, theta/pi)",distance-table hash-bucket lookup with per-layer thresholds; union over L tables without intersecting sphere-layer masks or exact norm-table filter,0.4245636488274994,0.2121111111111111,0.2771725468875315,0.436991098738073,0.5626828463223686,0.5635612668258287,218.8,450.0,0.4862222222222222,1.687202380952381,17.84474377865812,1.5645240250009351,34.572199375,0.4862222222222222,0.43731715367763135,False,0.7757970024575074,0.8270629149541575,0.40842281320573215
cifar10_gist512,2,20,query_adaptive_R25,25.0,0.14,1.6133838891983032,0.95,round(norm/delta),layer-wise cosine theorem,disabled: no norm-table or radial-layer candidate filter,"per-query, per-layer Eq. I_threshold with Binomial(K, theta/pi)",distance-table hash-bucket lookup with per-layer thresholds; union over L tables without intersecting sphere-layer masks or exact norm-table filter,0.5219816230673413,0.16,0.224728101123615,0.3815490100543602,0.6182798320073661,0.6189572585844255,124.725,450.0,0.2771666666666667,4.271577380952381,17.84474377865812,2.403786424996923,34.572199375,0.2771666666666667,0.38172016799263386,False,0.6555271038832784,0.9014187480240279,0.4091394085578687
cifar10_gist512,2,30,query_adaptive_R25,25.0,0.14,1.6133838891983032,0.95,round(norm/delta),layer-wise cosine theorem,disabled: no norm-table or radial-layer candidate filter,"per-query, per-layer Eq. I_threshold with Binomial(K, theta/pi)",distance-table hash-bucket lookup with per-layer thresholds; union over L tables without intersecting sphere-layer masks or exact norm-table filter,0.5366909329704542,0.2155555555555555,0.2765491670943838,0.4730017435913003,0.5267680386769882,0.5277209035105054,167.75,450.0,0.3727777777777777,8.096130952380951,17.84474377865812,2.634835375001643,34.572199375,0.3727777777777777,0.4732319613230118,False,0.6224167991884862,0.867412266835283,0.4353087328214757
cifar10_gist512,2,40,query_adaptive_R25,25.0,0.14,1.6133838891983032,0.95,round(norm/delta),layer-wise cosine theorem,disabled: no norm-table or radial-layer candidate filter,"per-query, per-layer Eq. I_threshold with Binomial(K, theta/pi)",distance-table hash-bucket lookup with per-layer thresholds; union over L tables without intersecting sphere-layer masks or exact norm-table filter,0.5340433117734606,0.3388888888888889,0.3946532868476118,0.6638913772942506,0.3357191279494751,0.3371729155050505,277.325,450.0,0.6162777777777778,13.308333333333334,17.84474377865812,3.076915650002121,34.572199375,0.6162777777777778,0.6642808720505249,False,0.5590648012481174,0.7808054062598799,0.48449130711919486
cifar10_gist512,2,50,query_adaptive_R25,25.0,0.14,1.6133838891983032,0.95,round(norm/delta),layer-wise cosine theorem,disabled: no norm-table or radial-layer candidate filter,"per-query, per-layer Eq. I_threshold with Binomial(K, theta/pi)",distance-table hash-bucket lookup with per-layer thresholds; union over L tables without intersecting sphere-layer masks or exact norm-table filter,0.4301968155818921,0.6627777777777777,0.5164278048115303,0.8983653272385184,0.1005543825539711,0.102713097922474,696.7,450.0,1.5482222222222222,20.47425595238095,17.84474377865812,3.1176082250013337,34.572199375,1.5482222222222222,0.8994456174460289,False,0.5532333808629044,0.44933607334808734,0.5159165711804224
cifar10_gist512,2,60,query_adaptive_R25,25.0,0.14,1.6133838891983032,0.95,round(norm/delta),layer-wise cosine theorem,disabled: no norm-table or radial-layer candidate filter,"per-query, per-layer Eq. I_threshold with Binomial(K, theta/pi)",distance-table hash-bucket lookup with per-layer thresholds; union over L tables without intersecting sphere-layer masks or exact norm-table filter,0.6117732631193861,0.2437222222222222,0.3126641047429997,0.6010641082340757,0.3987145311835053,0.399958432610496,174.425,450.0,0.3876111111111111,19.495982142857144,17.84474377865812,3.2447645750011134,34.572199375,0.3876111111111111,0.6012854688164947,False,0.5350113309800361,0.8621364211191906,0.46719122660122125
cifar10_gist512,2,70,query_adaptive_R25,25.0,0.14,1.6133838891983032,0.95,round(norm/delta),layer-wise cosine theorem,disabled: no norm-table or radial-layer candidate filter,"per-query, per-layer Eq. I_threshold with Binomial(K, theta/pi)",distance-table hash-bucket lookup with per-layer thresholds; union over L tables without intersecting sphere-layer masks or exact norm-table filter,0.6942537511897113,0.0922777777777777,0.1289415525856489,0.3114938349163546,0.6884699665803979,0.6887831019455073,52.025,450.0,0.1156111111111111,18.725,17.84474377865812,3.3930625249979585,34.572199375,0.1156111111111111,0.31153003341960206,False,0.5137595992153676,0.958880018969333,0.4066685195641288
cifar10_gist512,2,80,query_adaptive_R25,25.0,0.14,1.6133838891983032,0.95,round(norm/delta),layer-wise cosine theorem,disabled: no norm-table or radial-layer candidate filter,"per-query, per-layer Eq. I_threshold with Binomial(K, theta/pi)",distance-table hash-bucket lookup with per-layer thresholds; union over L tables without intersecting sphere-layer masks or exact norm-table filter,0.5147642280217715,0.0404444444444444,0.0557359643691045,0.1665906800383077,0.8334080447270977,0.833490460097633,19.725,450.0,0.0438333333333333,17.19047619047619,17.84474377865812,4.311296824998578,34.572199375,0.0438333333333333,0.16659195527290227,False,0.3821726889367937,0.9844095795131205,0.3230576047973261
cifar10_gist512,2,90,query_adaptive_R25,25.0,0.14,1.6133838891983032,0.95,round(norm/delta),layer-wise cosine theorem,disabled: no norm-table or radial-layer candidate filter,"per-query, per-layer Eq. I_threshold with Binomial(K, theta/pi)",distance-table hash-bucket lookup with per-layer thresholds; union over L tables without intersecting sphere-layer masks or exact norm-table filter,0.2180664427025009,0.0223333333333333,0.0320681763603149,0.0780651349553811,0.921934856982233,0.921961134884804,10.225,450.0,0.0227222222222222,15.551636904761905,17.84474377865812,3.671532249998677,34.572199375,0.0227222222222222,0.07806514301776701,False,0.4738536942421555,0.9919182737907051,0.24268756484911563
cifar10_gist512,2,100,query_adaptive_R25,25.0,0.14,1.6133838891983032,0.95,round(norm/delta),layer-wise cosine theorem,disabled: no norm-table or radial-layer candidate filter,"per-query, per-layer Eq. I_threshold with Binomial(K, theta/pi)",distance-table hash-bucket lookup with per-layer thresholds; union over L tables without intersecting sphere-layer masks or exact norm-table filter,0.075,0.0123888888888888,0.0196304474883777,0.0590119608571834,0.940988036409916,0.9410089945767088,5.575,450.0,0.0123888888888888,12.002083333333337,17.84474377865812,3.9533593000001583,34.572199375,0.0123888888888888,0.05901196359008398,False,0.4334666702085346,0.9955935820423649,0.1991108052154914
cifar10_gist512,3,10,query_adaptive_R25,25.0,0.14,1.6133838891983032,0.95,round(norm/delta),layer-wise cosine theorem,disabled: no norm-table or radial-layer candidate filter,"per-query, per-layer Eq. I_threshold with Binomial(K, theta/pi)",distance-table hash-bucket lookup with per-layer thresholds; union over L tables without intersecting sphere-layer masks or exact norm-table filter,0.4590438800553076,0.1388888888888889,0.1897324029211604,0.2769653784690269,0.7228479848250209,0.7233086747971281,125.575,450.0,0.2790555555555555,1.054464285714286,17.84474377865812,1.187425999999192,34.572199375,0.2790555555555555,0.2771520151749791,False,0.8298367654919512,0.9007469174834019,0.38554896471111866
cifar10_gist512,3,20,query_adaptive_R25,25.0,0.14,1.6133838891983032,0.95,round(norm/delta),layer-wise cosine theorem,disabled: no norm-table or radial-layer candidate filter,"per-query, per-layer Eq. I_threshold with Binomial(K, theta/pi)",distance-table hash-bucket lookup with per-layer thresholds; union over L tables without intersecting sphere-layer masks or exact norm-table filter,0.554783898935602,0.1273333333333333,0.1830268319245899,0.3123905459090818,0.6875120321889889,0.6880465157917535,90.8,450.0,0.2017777777777777,3.726041666666667,17.84474377865812,1.645412449999384,34.572199375,0.2017777777777777,0.31248796781101107,False,0.7642053445082903,0.928232690483718,0.4056672033721459
cifar10_gist512,3,30,query_adaptive_R25,25.0,0.14,1.6133838891983032,0.95,round(norm/delta),layer-wise cosine theorem,disabled: no norm-table or radial-layer candidate filter,"per-query, per-layer Eq. I_threshold with Binomial(K, theta/pi)",distance-table hash-bucket lookup with per-layer thresholds; union over L tables without intersecting sphere-layer masks or exact norm-table filter,0.5618400189056012,0.1984444444444444,0.2569821359096827,0.4313120349334005,0.5684998839985109,0.5693327430637389,147.025,450.0,0.3267222222222222,7.582142857142857,17.84474377865812,1.7528894999990996,34.572199375,0.3267222222222222,0.4315001160014891,False,0.7488034226509725,0.8837930761934872,0.44010177374524984
cifar10_gist512,3,40,query_adaptive_R25,25.0,0.14,1.6133838891983032,0.95,round(norm/delta),layer-wise cosine theorem,disabled: no norm-table or radial-layer candidate filter,"per-query, per-layer Eq. I_threshold with Binomial(K, theta/pi)",distance-table hash-bucket lookup with per-layer thresholds; union over L tables without intersecting sphere-layer masks or exact norm-table filter,0.5457373241478768,0.3356111111111111,0.3890804720242915,0.6649746801843494,0.3346449689981349,0.3360328496513913,271.025,450.0,0.6022777777777778,12.782440476190477,17.84474377865812,2.07247504999728,34.572199375,0.6022777777777778,0.6653550310018651,False,0.7030054437539623,0.7857848561492254,0.49275271907777535
cifar10_gist512,3,50,query_adaptive_R25,25.0,0.14,1.6133838891983032,0.95,round(norm/delta),layer-wise cosine theorem,disabled: no norm-table or radial-layer candidate filter,"per-query, per-layer Eq. I_threshold with Binomial(K, theta/pi)",distance-table hash-bucket lookup with per-layer thresholds; union over L tables without intersecting sphere-layer masks or exact norm-table filter,0.4081665167125551,0.7302222222222222,0.5201771530585055,0.938143257854992,0.0605934093834401,0.0628651588034377,810.075,450.0,1.8001666666666665,20.47425595238095,17.84474377865812,2.0407396000003075,34.572199375,1.8001666666666665,0.9394065906165598,False,0.7075532697406403,0.3597257350616505,0.5194846009393397
cifar10_gist512,3,60,query_adaptive_R25,25.0,0.14,1.6133838891983032,0.95,round(norm/delta),layer-wise cosine theorem,disabled: no norm-table or radial-layer candidate filter,"per-query, per-layer Eq. I_threshold with Binomial(K, theta/pi)",distance-table hash-bucket lookup with per-layer thresholds; union over L tables without intersecting sphere-layer masks or exact norm-table filter,0.6236733464507724,0.2467777777777778,0.3164276956924612,0.5932310095143698,0.4065467650777954,0.4076805670604281,173.8,450.0,0.3862222222222222,18.98735119047619,17.84474377865812,2.0502676500022687,34.572199375,0.3862222222222222,0.5934532349222046,False,0.7061878593429487,0.8626304141637686,0.48072754075232277
cifar10_gist512,3,70,query_adaptive_R25,25.0,0.14,1.6133838891983032,0.95,round(norm/delta),layer-wise cosine theorem,disabled: no norm-table or radial-layer candidate filter,"per-query, per-layer Eq. I_threshold with Binomial(K, theta/pi)",distance-table hash-bucket lookup with per-layer thresholds; union over L tables without intersecting sphere-layer masks or exact norm-table filter,0.7381490654624078,0.0882222222222222,0.1235664642872448,0.2952399581028274,0.7047337659107002,0.7050307379548248,48.625,450.0,0.1080555555555555,17.964434523809523,17.84474377865812,2.108835475001314,34.572199375,0.1080555555555555,0.29526623408929975,False,0.6977948390284654,0.9615673411318368,0.42455481643178083
cifar10_gist512,3,80,query_adaptive_R25,25.0,0.14,1.6133838891983032,0.95,round(norm/delta),layer-wise cosine theorem,disabled: no norm-table or radial-layer candidate filter,"per-query, per-layer Eq. I_threshold with Binomial(K, theta/pi)",distance-table hash-bucket lookup with per-layer thresholds; union over L tables without intersecting sphere-layer masks or exact norm-table filter,0.3687307194500144,0.0364444444444444,0.0517121310443657,0.1471946181955229,0.8528049144567038,0.8528778687795506,17.175,450.0,0.0381666666666666,16.27485119047619,17.84474377865812,2.6194792250002763,34.572199375,0.0381666666666666,0.1471950855432962,False,0.6246174012923859,0.9864250711349984,0.29676544535178956
cifar10_gist512,3,90,query_adaptive_R25,25.0,0.14,1.6133838891983032,0.95,round(norm/delta),layer-wise cosine theorem,disabled: no norm-table or radial-layer candidate filter,"per-query, per-layer Eq. I_threshold with Binomial(K, theta/pi)",distance-table hash-bucket lookup with per-layer thresholds; union over L tables without intersecting sphere-layer masks or exact norm-table filter,0.1702018805309734,0.0202777777777777,0.0294930442037058,0.0782785714048215,0.921721424218402,0.9217485431531592,9.225,450.0,0.0205,14.460714285714284,17.84474377865812,2.251662474996152,34.572199375,0.0205,0.07827857578159803,False,0.6773271178448134,0.9927086626620297,0.23970124645114105
cifar10_gist512,3,100,query_adaptive_R25,25.0,0.14,1.6133838891983032,0.95,round(norm/delta),layer-wise cosine theorem,disabled: no norm-table or radial-layer candidate filter,"per-query, per-layer Eq. I_threshold with Binomial(K, theta/pi)",distance-table hash-bucket lookup with per-layer thresholds; union over L tables without intersecting sphere-layer masks or exact norm-table filter,0.05,0.0108333333333333,0.0174805570627458,0.0496169521998501,0.9503830516770811,0.950383057059628,4.875,450.0,0.0108333333333333,10.795535714285714,17.84474377865812,2.392133275000674,34.572199375,0.0108333333333333,0.04961694832291885,False,0.6571970502172568,0.9961468542522921,0.20306674228733435
cifar10_gist512,4,10,query_adaptive_R25,25.0,0.14,1.6133838891983032,0.95,round(norm/delta),layer-wise cosine theorem,disabled: no norm-table or radial-layer candidate filter,"per-query, per-layer Eq. I_threshold with Binomial(K, theta/pi)",distance-table hash-bucket lookup with per-layer thresholds; union over L tables without intersecting sphere-layer masks or exact norm-table filter,0.4723012400820091,0.1195555555555555,0.1792734719269481,0.2632536684864409,0.7366145954946257,0.7370524321724437,105.15,450.0,0.2336666666666667,0.8864583333333332,17.84474377865812,1.2188363749991993,34.572199375,0.2336666666666667,0.2633854045053743,False,0.8253355241454456,0.9168906101802087,0.3835325040403488
cifar10_gist512,4,20,query_adaptive_R25,25.0,0.14,1.6133838891983032,0.95,round(norm/delta),layer-wise cosine theorem,disabled: no norm-table or radial-layer candidate filter,"per-query, per-layer Eq. I_threshold with Binomial(K, theta/pi)",distance-table hash-bucket lookup with per-layer thresholds; union over L tables without intersecting sphere-layer masks or exact norm-table filter,0.5584372867064605,0.1246666666666666,0.1841560773080899,0.3134164802055051,0.6864697872043853,0.6870803414632868,89.375,450.0,0.1986111111111111,3.459077380952381,17.84474377865812,1.658768850001735,34.572199375,0.1986111111111111,0.31353021279561466,False,0.7622913151491681,0.9293589946253556,0.40651569701904167
cifar10_gist512,4,30,query_adaptive_R25,25.0,0.14,1.6133838891983032,0.95,round(norm/delta),layer-wise cosine theorem,disabled: no norm-table or radial-layer candidate filter,"per-query, per-layer Eq. I_threshold with Binomial(K, theta/pi)",distance-table hash-bucket lookup with per-layer thresholds; union over L tables without intersecting sphere-layer masks or exact norm-table filter,0.570956149355476,0.2008333333333333,0.2620992577597919,0.4352092709300727,0.5645948608518359,0.5654375084747967,147.5,450.0,0.3277777777777778,7.282440476190476,17.84474377865812,1.936510324999574,34.572199375,0.3277777777777778,0.43540513914816414,False,0.7224897715222804,0.883417641479608,0.44327757901951803
cifar10_gist512,4,40,query_adaptive_R25,25.0,0.14,1.6133838891983032,0.95,round(norm/delta),layer-wise cosine theorem,disabled: no norm-table or radial-layer candidate filter,"per-query, per-layer Eq. I_threshold with Binomial(K, theta/pi)",distance-table hash-bucket lookup with per-layer thresholds; union over L tables without intersecting sphere-layer masks or exact norm-table filter,0.550915811147499,0.3422222222222222,0.3992508167636067,0.6919590162939789,0.3076412156406835,0.309173541246998,272.45,450.0,0.6054444444444445,12.538392857142856,17.84474377865812,1.9764406749999357,34.572199375,0.6054444444444445,0.6923587843593165,False,0.716767581245914,0.7846585520075877,0.49944834496201534
cifar10_gist512,4,50,query_adaptive_R25,25.0,0.14,1.6133838891983032,0.95,round(norm/delta),layer-wise cosine theorem,disabled: no norm-table or radial-layer candidate filter,"per-query, per-layer Eq. I_threshold with Binomial(K, theta/pi)",distance-table hash-bucket lookup with per-layer thresholds; union over L tables without intersecting sphere-layer masks or exact norm-table filter,0.3965618372904969,0.7737777777777779,0.5218104529536584,0.9498754344298586,0.0487642165938421,0.0510575835809108,884.625,450.0,1.965833333333333,20.47425595238095,17.84474377865812,2.10270512499946,34.572199375,1.965833333333333,0.9512357834061579,False,0.6986733444553153,0.30080224470439476,0.5165836773403852
cifar10_gist512,4,60,query_adaptive_R25,25.0,0.14,1.6133838891983032,0.95,round(norm/delta),layer-wise cosine theorem,disabled: no norm-table or radial-layer candidate filter,"per-query, per-layer Eq. I_threshold with Binomial(K, theta/pi)",distance-table hash-bucket lookup with per-layer thresholds; union over L tables without intersecting sphere-layer masks or exact norm-table filter,0.6391225072401964,0.246,0.3157557452929171,0.574571511946186,0.425228165195441,0.4263258771003457,171.125,450.0,0.3802777777777778,18.66264880952381,17.84474377865812,2.093045750002176,34.572199375,0.3802777777777778,0.574771834804559,False,0.7000575742876292,0.8647447043945622,0.4842097220361359
cifar10_gist512,4,70,query_adaptive_R25,25.0,0.14,1.6133838891983032,0.95,round(norm/delta),layer-wise cosine theorem,disabled: no norm-table or radial-layer candidate filter,"per-query, per-layer Eq. I_threshold with Binomial(K, theta/pi)",distance-table hash-bucket lookup with per-layer thresholds; union over L tables without intersecting sphere-layer masks or exact norm-table filter,0.7342144434323113,0.0907777777777777,0.1276933015330524,0.3074175921622685,0.6925550699197054,0.6928764621316492,49.625,450.0,0.1102777777777777,17.594345238095237,17.84474377865812,2.547934350000247,34.572199375,0.1102777777777777,0.3074449300802946,False,0.6348700884850929,0.9607769522605122,0.4222618692135332
cifar10_gist512,4,80,query_adaptive_R25,25.0,0.14,1.6133838891983032,0.95,round(norm/delta),layer-wise cosine theorem,disabled: no norm-table or radial-layer candidate filter,"per-query, per-layer Eq. I_threshold with Binomial(K, theta/pi)",distance-table hash-bucket lookup with per-layer thresholds; union over L tables without intersecting sphere-layer masks or exact norm-table filter,0.3918733327034733,0.0371666666666666,0.0517397597115917,0.1474723617457597,0.8525266268788936,0.8525949915355764,17.65,450.0,0.0392222222222222,15.77127976190476,17.84474377865812,2.360839550001259,34.572199375,0.0392222222222222,0.14747337312110642,False,0.6616815751187743,0.9860496364211192,0.3045021066273653
cifar10_gist512,4,90,query_adaptive_R25,25.0,0.14,1.6133838891983032,0.95,round(norm/delta),layer-wise cosine theorem,disabled: no norm-table or radial-layer candidate filter,"per-query, per-layer Eq. I_threshold with Binomial(K, theta/pi)",distance-table hash-bucket lookup with per-layer thresholds; union over L tables without intersecting sphere-layer masks or exact norm-table filter,0.1666666666666666,0.0198888888888888,0.0287705463953108,0.0818173071504289,0.9181826860730714,0.9182097124721068,9.0,450.0,0.0199999999999999,13.808928571428572,17.84474377865812,2.270232224999802,34.572199375,0.0199999999999999,0.08181731392692859,False,0.6746659930887198,0.9928865001580778,0.23838041036095087
cifar10_gist512,4,100,query_adaptive_R25,25.0,0.14,1.6133838891983032,0.95,round(norm/delta),layer-wise cosine theorem,disabled: no norm-table or radial-layer candidate filter,"per-query, per-layer Eq. I_threshold with Binomial(K, theta/pi)",distance-table hash-bucket lookup with per-layer thresholds; union over L tables without intersecting sphere-layer masks or exact norm-table filter,0.05,0.0100555555555555,0.0164226955033574,0.0454762116163516,0.954523787017198,0.954523791494488,4.525,450.0,0.0100555555555555,9.99077380952381,17.84474377865812,2.4749843999991583,34.572199375,0.0100555555555555,0.04547621298280202,False,0.6453241289468936,0.9964234903572557,0.20198878453821922
cifar10_gist512,5,10,query_adaptive_R25,25.0,0.14,1.6133838891983032,0.95,round(norm/delta),layer-wise cosine theorem,disabled: no norm-table or radial-layer candidate filter,"per-query, per-layer Eq. I_threshold with Binomial(K, theta/pi)",distance-table hash-bucket lookup with per-layer thresholds; union over L tables without intersecting sphere-layer masks or exact norm-table filter,0.4745498539368492,0.1296111111111111,0.1959447549382543,0.2849443762214096,0.7148901431656343,0.7153887051520826,116.25,450.0,0.2583333333333333,0.8282738095238095,17.84474377865812,1.2370207749988538,34.572199375,0.2583333333333333,0.28510985683436574,False,0.8227296216963402,0.9081172937085046,0.39049442507591625
cifar10_gist512,5,20,query_adaptive_R25,25.0,0.14,1.6133838891983032,0.95,round(norm/delta),layer-wise cosine theorem,disabled: no norm-table or radial-layer candidate filter,"per-query, per-layer Eq. I_threshold with Binomial(K, theta/pi)",distance-table hash-bucket lookup with per-layer thresholds; union over L tables without intersecting sphere-layer masks or exact norm-table filter,0.5853712828028405,0.1189444444444444,0.1799905276514904,0.3192937122710456,0.6805866645115308,0.6812211245370583,83.35,450.0,0.1852222222222222,3.2008928571428568,17.84474377865812,1.6727198000005217,34.572199375,0.1852222222222222,0.3194133354884692,False,0.7602920842276158,0.9341210875750869,0.4112611616152645
cifar10_gist512,5,30,query_adaptive_R25,25.0,0.14,1.6133838891983032,0.95,round(norm/delta),layer-wise cosine theorem,disabled: no norm-table or radial-layer candidate filter,"per-query, per-layer Eq. I_threshold with Binomial(K, theta/pi)",distance-table hash-bucket lookup with per-layer thresholds; union over L tables without intersecting sphere-layer masks or exact norm-table filter,0.5844128579361503,0.1908333333333333,0.2528357234773501,0.4508733039703648,0.548953560700966,0.549771911476021,135.475,450.0,0.3010555555555555,7.041815476190476,17.84474377865812,1.955398949996123,34.572199375,0.3010555555555555,0.451046439299034,False,0.7197829506131672,0.8929220676572874,0.44268984204702827
cifar10_gist512,5,40,query_adaptive_R25,25.0,0.14,1.6133838891983032,0.95,round(norm/delta),layer-wise cosine theorem,disabled: no norm-table or radial-layer candidate filter,"per-query, per-layer Eq. I_threshold with Binomial(K, theta/pi)",distance-table hash-bucket lookup with per-layer thresholds; union over L tables without intersecting sphere-layer masks or exact norm-table filter,0.5477620918186542,0.3622777777777778,0.4125966961762929,0.7105427577647726,0.2890171545683893,0.290634475228897,292.6,450.0,0.6502222222222223,12.376488095238097,17.84474377865812,1.9655302250022544,34.572199375,0.6502222222222223,0.7109828454316107,False,0.7183310954872604,0.7687322162503952,0.5050313093838439
cifar10_gist512,5,50,query_adaptive_R25,25.0,0.14,1.6133838891983032,0.95,round(norm/delta),layer-wise cosine theorem,disabled: no norm-table or radial-layer candidate filter,"per-query, per-layer Eq. I_threshold with Binomial(K, theta/pi)",distance-table hash-bucket lookup with per-layer thresholds; union over L tables without intersecting sphere-layer masks or exact norm-table filter,0.3882864806961172,0.8089999999999999,0.5227200922784169,0.9673945849868876,0.0312284590686571,0.0334752237015577,945.4,450.0,2.1008888888888886,20.47425595238095,17.84474377865812,2.1456771499984484,34.572199375,2.1008888888888886,0.9687715409313429,False,0.6925152691165628,0.2527663610496367,0.5143643700847489
cifar10_gist512,5,60,query_adaptive_R25,25.0,0.14,1.6133838891983032,0.95,round(norm/delta),layer-wise cosine theorem,disabled: no norm-table or radial-layer candidate filter,"per-query, per-layer Eq. I_threshold with Binomial(K, theta/pi)",distance-table hash-bucket lookup with per-layer thresholds; union over L tables without intersecting sphere-layer masks or exact norm-table filter,0.6420952088694787,0.2456666666666666,0.3162231823237547,0.5927581782288623,0.4070350271934692,0.4081807779990046,169.1,450.0,0.3757777777777778,18.44449404761905,17.84474377865812,2.1034103749997257,34.572199375,0.3757777777777778,0.5929649728065308,False,0.6985722791079318,0.8663452418589946,0.48521564959826285
cifar10_gist512,5,70,query_adaptive_R25,25.0,0.14,1.6133838891983032,0.95,round(norm/delta),layer-wise cosine theorem,disabled: no norm-table or radial-layer candidate filter,"per-query, per-layer Eq. I_threshold with Binomial(K, theta/pi)",distance-table hash-bucket lookup with per-layer thresholds; union over L tables without intersecting sphere-layer masks or exact norm-table filter,0.7670574720550449,0.0893333333333333,0.1253816502122798,0.3095861495370121,0.6903876898968413,0.6907371304650761,48.825,450.0,0.1085,17.327232142857145,17.84474377865812,2.391867724998775,34.572199375,0.1085,0.3096123101031587,False,0.657235104670542,0.9614092633575719,0.43058775699188867
cifar10_gist512,5,80,query_adaptive_R25,25.0,0.14,1.6133838891983032,0.95,round(norm/delta),layer-wise cosine theorem,disabled: no norm-table or radial-layer candidate filter,"per-query, per-layer Eq. I_threshold with Binomial(K, theta/pi)",distance-table hash-bucket lookup with per-layer thresholds; union over L tables without intersecting sphere-layer masks or exact norm-table filter,0.4425515210897162,0.0358333333333333,0.0514484603634081,0.1765495362487511,0.823449453233259,0.8235207383827351,16.85,450.0,0.0374444444444444,15.454910714285711,17.84474377865812,2.216259449997437,34.572199375,0.0374444444444444,0.17655054676674098,False,0.6824005230466152,0.986681947518179,0.31793382634634615
cifar10_gist512,5,90,query_adaptive_R25,25.0,0.14,1.6133838891983032,0.95,round(norm/delta),layer-wise cosine theorem,disabled: no norm-table or radial-layer candidate filter,"per-query, per-layer Eq. I_threshold with Binomial(K, theta/pi)",distance-table hash-bucket lookup with per-layer thresholds; union over L tables without intersecting sphere-layer masks or exact norm-table filter,0.15,0.0181666666666666,0.0267937851168546,0.0951388375637439,0.9048611616418214,0.9048861969886282,8.175,450.0,0.0181666666666666,13.414285714285716,17.84474377865812,2.279171874999264,34.572199375,0.0181666666666666,0.0951388383581786,False,0.6733849029329717,0.9935385709769207,0.23321118891741913
cifar10_gist512,5,100,query_adaptive_R25,25.0,0.14,1.6133838891983032,0.95,round(norm/delta),layer-wise cosine theorem,disabled: no norm-table or radial-layer candidate filter,"per-query, per-layer Eq. I_threshold with Binomial(K, theta/pi)",distance-table hash-bucket lookup with per-layer thresholds; union over L tables without intersecting sphere-layer masks or exact norm-table filter,0.05,0.0095555555555555,0.0158150443960331,0.0454914160372508,0.954508584757184,0.9545085892380444,4.3,450.0,0.0095555555555555,9.430505952380951,17.84474377865812,2.4098083749983346,34.572199375,0.0095555555555555,0.04549141524281597,False,0.6546641326410396,0.9966013278533038,0.20216978245977021
cifar10_gist512,6,10,query_adaptive_R25,25.0,0.14,1.6133838891983032,0.95,round(norm/delta),layer-wise cosine theorem,disabled: no norm-table or radial-layer candidate filter,"per-query, per-layer Eq. I_threshold with Binomial(K, theta/pi)",distance-table hash-bucket lookup with per-layer thresholds; union over L tables without intersecting sphere-layer masks or exact norm-table filter,0.4681768592686303,0.1431666666666666,0.2122972595458538,0.3035601356791489,0.6962497447069387,0.6968293279269762,131.65,450.0,0.2925555555555555,0.7522321428571429,17.84474377865812,1.290633324997259,34.572199375,0.2925555555555555,0.3037502552930613,False,0.8150467135252547,0.8959453050901044,0.3951257204313181
cifar10_gist512,6,20,query_adaptive_R25,25.0,0.14,1.6133838891983032,0.95,round(norm/delta),layer-wise cosine theorem,disabled: no norm-table or radial-layer candidate filter,"per-query, per-layer Eq. I_threshold with Binomial(K, theta/pi)",distance-table hash-bucket lookup with per-layer thresholds; union over L tables without intersecting sphere-layer masks or exact norm-table filter,0.6330068812069313,0.0967777777777777,0.1467388513517477,0.2626098930138096,0.7373095186796921,0.7377677229203217,62.125,450.0,0.1380555555555555,2.9873511904761907,17.84474377865812,1.746137525002922,34.572199375,0.1380555555555555,0.2626904813203079,False,0.7497710096034798,0.9508970913689535,0.40908898801591703
cifar10_gist512,6,30,query_adaptive_R25,25.0,0.14,1.6133838891983032,0.95,round(norm/delta),layer-wise cosine theorem,disabled: no norm-table or radial-layer candidate filter,"per-query, per-layer Eq. I_threshold with Binomial(K, theta/pi)",distance-table hash-bucket lookup with per-layer thresholds; union over L tables without intersecting sphere-layer masks or exact norm-table filter,0.5873507286072066,0.1832777777777778,0.2426201281285655,0.416072093333531,0.5837584097764994,0.5844997134283417,129.3,450.0,0.2873333333333333,6.922619047619048,17.84474377865812,1.9783988750013748,34.572199375,0.2873333333333333,0.4162415902235006,False,0.7164869627938515,0.8978027189377173,0.43890503853270535
cifar10_gist512,6,40,query_adaptive_R25,25.0,0.14,1.6133838891983032,0.95,round(norm/delta),layer-wise cosine theorem,disabled: no norm-table or radial-layer candidate filter,"per-query, per-layer Eq. I_threshold with Binomial(K, theta/pi)",distance-table hash-bucket lookup with per-layer thresholds; union over L tables without intersecting sphere-layer masks or exact norm-table filter,0.5440210742711902,0.380111111111111,0.4259945599558594,0.7322317235736137,0.2672929073693402,0.2689821347655364,310.075,450.0,0.6890555555555556,12.279166666666663,17.84474377865812,2.280939474997723,34.572199375,0.6890555555555556,0.7327070926306598,False,0.6731315982781516,0.7549201707239962,0.5080201922970775
cifar10_gist512,6,50,query_adaptive_R25,25.0,0.14,1.6133838891983032,0.95,round(norm/delta),layer-wise cosine theorem,disabled: no norm-table or radial-layer candidate filter,"per-query, per-layer Eq. I_threshold with Binomial(K, theta/pi)",distance-table hash-bucket lookup with per-layer thresholds; union over L tables without intersecting sphere-layer masks or exact norm-table filter,0.3797092232806962,0.8308333333333333,0.5194874226454196,0.974440514352654,0.024233179939697,0.0263824991002945,993.025,450.0,2.2067222222222225,20.47425595238095,17.84474377865812,2.1789614999981666,34.572199375,2.2067222222222225,0.975766820060303,False,0.6877454791216882,0.21512409105279806,0.5095704580267417
cifar10_gist512,6,60,query_adaptive_R25,25.0,0.14,1.6133838891983032,0.95,round(norm/delta),layer-wise cosine theorem,disabled: no norm-table or radial-layer candidate filter,"per-query, per-layer Eq. I_threshold with Binomial(K, theta/pi)",distance-table hash-bucket lookup with per-layer thresholds; union over L tables without intersecting sphere-layer masks or exact norm-table filter,0.6445793650644445,0.2587222222222222,0.3317626493765989,0.6054949553880793,0.3942847843610751,0.3954901484618834,178.675,450.0,0.3970555555555555,18.36636904761905,17.84474377865812,2.1163406749984404,34.572199375,0.3970555555555555,0.6057152156389249,False,0.6967193117053803,0.8587772684160607,0.4926587688400433
cifar10_gist512,6,70,query_adaptive_R25,25.0,0.14,1.6133838891983032,0.95,round(norm/delta),layer-wise cosine theorem,disabled: no norm-table or radial-layer candidate filter,"per-query, per-layer Eq. I_threshold with Binomial(K, theta/pi)",distance-table hash-bucket lookup with per-layer thresholds; union over L tables without intersecting sphere-layer masks or exact norm-table filter,0.7649754726390888,0.0852777777777777,0.1196727634149058,0.2871691661442884,0.7128067577993029,0.7131653643466892,46.45,450.0,0.1032222222222222,17.145089285714285,17.84474377865812,2.198091674998892,34.572199375,0.1032222222222222,0.2871932422006971,False,0.6850040430618153,0.963286436926968,0.42892805860268074
cifar10_gist512,6,80,query_adaptive_R25,25.0,0.14,1.6133838891983032,0.95,round(norm/delta),layer-wise cosine theorem,disabled: no norm-table or radial-layer candidate filter,"per-query, per-layer Eq. I_threshold with Binomial(K, theta/pi)",distance-table hash-bucket lookup with per-layer thresholds; union over L tables without intersecting sphere-layer masks or exact norm-table filter,0.4420505785937786,0.0371666666666666,0.0531302961542551,0.1759933016627861,0.8240056783517818,0.8240866653903947,17.5,450.0,0.0388888888888888,15.20654761904762,17.84474377865812,2.3644499000027963,34.572199375,0.0388888888888888,0.17599432164821815,False,0.6611641964914172,0.9861681947518179,0.31752502067311084
cifar10_gist512,6,90,query_adaptive_R25,25.0,0.14,1.6133838891983032,0.95,round(norm/delta),layer-wise cosine theorem,disabled: no norm-table or radial-layer candidate filter,"per-query, per-layer Eq. I_threshold with Binomial(K, theta/pi)",distance-table hash-bucket lookup with per-layer thresholds; union over L tables without intersecting sphere-layer masks or exact norm-table filter,0.15,0.0185555555555555,0.0272659523390533,0.0806790619755314,0.9193209473672008,0.9193462454646236,8.35,450.0,0.0185555555555555,13.114434523809525,17.84474377865812,2.299238624999589,34.572199375,0.0185555555555555,0.08067905263279918,False,0.6705092516619687,0.9934002529244389,0.23328969495154403
cifar10_gist512,6,100,query_adaptive_R25,25.0,0.14,1.6133838891983032,0.95,round(norm/delta),layer-wise cosine theorem,disabled: no norm-table or radial-layer candidate filter,"per-query, per-layer Eq. I_threshold with Binomial(K, theta/pi)",distance-table hash-bucket lookup with per-layer thresholds; union over L tables without intersecting sphere-layer masks or exact norm-table filter,0.05,0.0092222222222222,0.0152473498233089,0.0447486941410218,0.9552513072254284,0.9552513115438408,4.15,450.0,0.0092222222222222,9.075595238095238,17.84474377865812,2.4448938250031915,34.572199375,0.0092222222222222,0.04474869277457161,False,0.6496362372968237,0.9967198861840025,0.2016708116750441
cifar10_gist512,7,10,query_adaptive_R25,25.0,0.14,1.6133838891983032,0.95,round(norm/delta),layer-wise cosine theorem,disabled: no norm-table or radial-layer candidate filter,"per-query, per-layer Eq. I_threshold with Binomial(K, theta/pi)",distance-table hash-bucket lookup with per-layer thresholds; union over L tables without intersecting sphere-layer masks or exact norm-table filter,0.4713760054675987,0.1486666666666666,0.2229869211428941,0.3558403956986646,0.6439504536404612,0.6445986749218517,138.325,450.0,0.3073888888888889,0.6376488095238095,17.84474377865812,1.3075406749969432,34.572199375,0.3073888888888889,0.3560495463595388,False,0.8126238178139364,0.8906694593740121,0.39985436689704457
cifar10_gist512,7,20,query_adaptive_R25,25.0,0.14,1.6133838891983032,0.95,round(norm/delta),layer-wise cosine theorem,disabled: no norm-table or radial-layer candidate filter,"per-query, per-layer Eq. I_threshold with Binomial(K, theta/pi)",distance-table hash-bucket lookup with per-layer thresholds; union over L tables without intersecting sphere-layer masks or exact norm-table filter,0.6245719609065912,0.1025555555555555,0.1543316032655718,0.2639529294638129,0.7359640429525754,0.7364045012022836,66.65,450.0,0.1481111111111111,2.9311011904761903,17.84474377865812,1.734372924998695,34.572199375,0.1481111111111111,0.26403595704742455,False,0.7514569272012197,0.9473205817262093,0.4103410960997014
cifar10_gist512,7,30,query_adaptive_R25,25.0,0.14,1.6133838891983032,0.95,round(norm/delta),layer-wise cosine theorem,disabled: no norm-table or radial-layer candidate filter,"per-query, per-layer Eq. I_threshold with Binomial(K, theta/pi)",distance-table hash-bucket lookup with per-layer thresholds; union over L tables without intersecting sphere-layer masks or exact norm-table filter,0.5814830946036642,0.1867777777777778,0.2469244261212887,0.421827530137074,0.577992047535614,0.5788461814564728,133.775,450.0,0.2972777777777778,6.866369047619048,17.84474377865812,3.036912425000793,34.572199375,0.2972777777777778,0.42200795246438605,False,0.5647974348244278,0.8942657287385394,0.43152960940092494
cifar10_gist512,7,40,query_adaptive_R25,25.0,0.14,1.6133838891983032,0.95,round(norm/delta),layer-wise cosine theorem,disabled: no norm-table or radial-layer candidate filter,"per-query, per-layer Eq. I_threshold with Binomial(K, theta/pi)",distance-table hash-bucket lookup with per-layer thresholds; union over L tables without intersecting sphere-layer masks or exact norm-table filter,0.5413088566847944,0.3904444444444444,0.4328836522675908,0.7426211749480636,0.2569051475538327,0.2585624611959151,320.05,450.0,0.7112222222222223,12.226041666666664,17.84474377865812,2.110802175003812,34.572199375,0.7112222222222223,0.7430948524461674,False,0.6975130024898244,0.7470360417325324,0.5118564377381153
cifar10_gist512,7,50,query_adaptive_R25,25.0,0.14,1.6133838891983032,0.95,round(norm/delta),layer-wise cosine theorem,disabled: no norm-table or radial-layer candidate filter,"per-query, per-layer Eq. I_threshold with Binomial(K, theta/pi)",distance-table hash-bucket lookup with per-layer thresholds; union over L tables without intersecting sphere-layer masks or exact norm-table filter,0.3718041944189406,0.8463888888888891,0.5151859478844354,0.9784448553538432,0.0202468312599971,0.0223152864430898,1032.375,450.0,2.2941666666666665,20.47425595238095,17.84474377865812,2.2162394750012027,34.572199375,2.2941666666666665,0.979753168740003,False,0.6824033855491783,0.18402228896617157,0.50426742076445
cifar10_gist512,7,60,query_adaptive_R25,25.0,0.14,1.6133838891983032,0.95,round(norm/delta),layer-wise cosine theorem,disabled: no norm-table or radial-layer candidate filter,"per-query, per-layer Eq. I_threshold with Binomial(K, theta/pi)",distance-table hash-bucket lookup with per-layer thresholds; union over L tables without intersecting sphere-layer masks or exact norm-table filter,0.6371526097485337,0.2708333333333333,0.343976030361295,0.6545002887108865,0.3452717255769645,0.3465520811152175,188.525,450.0,0.4189444444444444,18.279910714285712,17.84474377865812,2.1714749499984976,34.572199375,0.4189444444444444,0.6547282744230355,False,0.6888183338202132,0.8509919380335125,0.4959361371262909
cifar10_gist512,7,70,query_adaptive_R25,25.0,0.14,1.6133838891983032,0.95,round(norm/delta),layer-wise cosine theorem,disabled: no norm-table or radial-layer candidate filter,"per-query, per-layer Eq. I_threshold with Binomial(K, theta/pi)",distance-table hash-bucket lookup with per-layer thresholds; union over L tables without intersecting sphere-layer masks or exact norm-table filter,0.7480018943587406,0.0894444444444444,0.1256172938517549,0.2926199902219275,0.707351442816815,0.7077373383570211,49.125,450.0,0.1091666666666666,17.05922619047619,17.84474377865812,2.222378049997076,34.572199375,0.1091666666666666,0.29264855718318505,False,0.6815237014454373,0.9611721466961746,0.4271074224033863
cifar10_gist512,7,80,query_adaptive_R25,25.0,0.14,1.6133838891983032,0.95,round(norm/delta),layer-wise cosine theorem,disabled: no norm-table or radial-layer candidate filter,"per-query, per-layer Eq. I_threshold with Binomial(K, theta/pi)",distance-table hash-bucket lookup with per-layer thresholds; union over L tables without intersecting sphere-layer masks or exact norm-table filter,0.3684811638491841,0.0356666666666666,0.0500991810428171,0.1547412151264238,0.8452583176125714,0.8453137344736401,16.75,450.0,0.0372222222222222,15.029464285714289,17.84474377865812,2.235923849998045,34.572199375,0.0372222222222222,0.15474168238742858,False,0.6795825302548406,0.9867609864053114,0.2987816121341541
cifar10_gist512,7,90,query_adaptive_R25,25.0,0.14,1.6133838891983032,0.95,round(norm/delta),layer-wise cosine theorem,disabled: no norm-table or radial-layer candidate filter,"per-query, per-layer Eq. I_threshold with Binomial(K, theta/pi)",distance-table hash-bucket lookup with per-layer thresholds; union over L tables without intersecting sphere-layer masks or exact norm-table filter,0.15,0.0169999999999999,0.0255512493100412,0.0806484040432038,0.9193515986896968,0.9193768967804218,7.65,450.0,0.0169999999999999,12.848511904761905,17.84474377865812,2.3640115500015213,34.572199375,0.0169999999999999,0.08064840131030315,False,0.6612270139251468,0.9939535251343662,0.23199731672492668
cifar10_gist512,7,100,query_adaptive_R25,25.0,0.14,1.6133838891983032,0.95,round(norm/delta),layer-wise cosine theorem,disabled: no norm-table or radial-layer candidate filter,"per-query, per-layer Eq. I_threshold with Binomial(K, theta/pi)",distance-table hash-bucket lookup with per-layer thresholds; union over L tables without intersecting sphere-layer masks or exact norm-table filter,0.05,0.0084444444444444,0.0142391304347705,0.0447479846625916,0.9552520147653928,0.9552520190838052,3.8,450.0,0.0084444444444444,8.668303571428572,17.84474377865812,2.406589574997753,34.572199375,0.0084444444444444,0.04474798523460721,False,0.6551254004752742,0.9969965222889662,0.2014783329081672
cifar10_gist512,8,10,query_adaptive_R25,25.0,0.14,1.6133838891983032,0.95,round(norm/delta),layer-wise cosine theorem,disabled: no norm-table or radial-layer candidate filter,"per-query, per-layer Eq. I_threshold with Binomial(K, theta/pi)",distance-table hash-bucket lookup with per-layer thresholds; union over L tables without intersecting sphere-layer masks or exact norm-table filter,0.4839224736139531,0.1507222222222222,0.2220122945465982,0.3412910492311331,0.6584858016267652,0.6591445086846122,138.5,450.0,0.3077777777777777,0.4747023809523809,17.84474377865812,1.3516812249982024,34.572199375,0.3077777777777777,0.3415141983732348,False,0.8062982878346504,0.8905311413215302,0.40272395152920415
cifar10_gist512,8,20,query_adaptive_R25,25.0,0.14,1.6133838891983032,0.95,round(norm/delta),layer-wise cosine theorem,disabled: no norm-table or radial-layer candidate filter,"per-query, per-layer Eq. I_threshold with Binomial(K, theta/pi)",distance-table hash-bucket lookup with per-layer thresholds; union over L tables without intersecting sphere-layer masks or exact norm-table filter,0.6064145460533288,0.1037777777777777,0.1548317957400873,0.2875496440399761,0.7123756064723559,0.7127552475702756,68.025,450.0,0.1511666666666666,2.865029761904762,17.84474377865812,1.820668700001704,34.572199375,0.1511666666666666,0.28762439352764413,False,0.7390903728231778,0.9462337970281379,0.4054399087732979
cifar10_gist512,8,30,query_adaptive_R25,25.0,0.14,1.6133838891983032,0.95,round(norm/delta),layer-wise cosine theorem,disabled: no norm-table or radial-layer candidate filter,"per-query, per-layer Eq. I_threshold with Binomial(K, theta/pi)",distance-table hash-bucket lookup with per-layer thresholds; union over L tables without intersecting sphere-layer masks or exact norm-table filter,0.5735702426260831,0.1958333333333333,0.2567510492797697,0.4425025103432733,0.5572986618480058,0.5581791955180104,142.0,450.0,0.3155555555555555,6.799702380952381,17.84474377865812,2.063278124997936,34.572199375,0.3155555555555555,0.4427013381519942,False,0.7043234025197443,0.8877647802718938,0.44080298173787813
cifar10_gist512,8,40,query_adaptive_R25,25.0,0.14,1.6133838891983032,0.95,round(norm/delta),layer-wise cosine theorem,disabled: no norm-table or radial-layer candidate filter,"per-query, per-layer Eq. I_threshold with Binomial(K, theta/pi)",distance-table hash-bucket lookup with per-layer thresholds; union over L tables without intersecting sphere-layer masks or exact norm-table filter,0.5429600964835385,0.3900555555555555,0.4302436131822906,0.7368276400732852,0.262679371658797,0.2643392159786579,319.95,450.0,0.711,12.132291666666664,17.84474377865812,2.019396924998773,34.572199375,0.711,0.737320628341203,False,0.7106117665322869,0.7471150806196649,0.5119342502653615
cifar10_gist512,8,50,query_adaptive_R25,25.0,0.14,1.6133838891983032,0.95,round(norm/delta),layer-wise cosine theorem,disabled: no norm-table or radial-layer candidate filter,"per-query, per-layer Eq. I_threshold with Binomial(K, theta/pi)",distance-table hash-bucket lookup with per-layer thresholds; union over L tables without intersecting sphere-layer masks or exact norm-table filter,0.3663311928888854,0.8606666666666666,0.5125788520106053,0.9827724796240368,0.0159898025680181,0.0179477918789053,1065.475,450.0,2.3677222222222225,20.47425595238095,17.84474377865812,2.2423124999988886,34.572199375,2.3677222222222225,0.9840101974319819,False,0.6786670093311922,0.15786041732532408,0.5007311428246247
cifar10_gist512,8,60,query_adaptive_R25,25.0,0.14,1.6133838891983032,0.95,round(norm/delta),layer-wise cosine theorem,disabled: no norm-table or radial-layer candidate filter,"per-query, per-layer Eq. I_threshold with Binomial(K, theta/pi)",distance-table hash-bucket lookup with per-layer thresholds; union over L tables without intersecting sphere-layer masks or exact norm-table filter,0.630632621201551,0.2806111111111111,0.3522322997257739,0.6612692713500691,0.3384837527104278,0.3397865201317482,197.8,450.0,0.4395555555555555,18.24136904761905,17.84474377865812,2.2066479000002914,34.572199375,0.4395555555555555,0.6615162472895721,False,0.6837778993514554,0.843661081251976,0.497799739582
cifar10_gist512,8,70,query_adaptive_R25,25.0,0.14,1.6133838891983032,0.95,round(norm/delta),layer-wise cosine theorem,disabled: no norm-table or radial-layer candidate filter,"per-query, per-layer Eq. I_threshold with Binomial(K, theta/pi)",distance-table hash-bucket lookup with per-layer thresholds; union over L tables without intersecting sphere-layer masks or exact norm-table filter,0.72666495058399,0.0916666666666666,0.1283987258028857,0.305446661789419,0.6945235588228584,0.6949359264895644,50.425,450.0,0.1120555555555555,17.001934523809524,17.84474377865812,2.275566675002949,34.572199375,0.1120555555555555,0.30547644117714157,False,0.6739015435425102,0.9601446411634524,0.42265589836198414
cifar10_gist512,8,80,query_adaptive_R25,25.0,0.14,1.6133838891983032,0.95,round(norm/delta),layer-wise cosine theorem,disabled: no norm-table or radial-layer candidate filter,"per-query, per-layer Eq. I_threshold with Binomial(K, theta/pi)",distance-table hash-bucket lookup with per-layer thresholds; union over L tables without intersecting sphere-layer masks or exact norm-table filter,0.3438290233151446,0.0346111111111111,0.0491630177460272,0.1539034371704035,0.8460960989731525,0.8461535706292718,16.175,450.0,0.0359444444444444,14.886309523809524,17.84474377865812,2.2878771250013585,34.572199375,0.0359444444444444,0.15390390102684748,False,0.6721374033013664,0.9872154600063231,0.2917757234281346
cifar10_gist512,8,90,query_adaptive_R25,25.0,0.14,1.6133838891983032,0.95,round(norm/delta),layer-wise cosine theorem,disabled: no norm-table or radial-layer candidate filter,"per-query, per-layer Eq. I_threshold with Binomial(K, theta/pi)",distance-table hash-bucket lookup with per-layer thresholds; union over L tables without intersecting sphere-layer masks or exact norm-table filter,0.15,0.0170555555555555,0.0254777712217212,0.084124990912237,0.9158750110262286,0.9158960085348694,7.675,450.0,0.0170555555555555,12.640773809523813,17.84474377865812,2.4021167499988394,34.572199375,0.0170555555555555,0.08412498897377141,False,0.6557663754658877,0.993933765412583,0.23170671462389533
cifar10_gist512,8,100,query_adaptive_R25,25.0,0.14,1.6133838891983032,0.95,round(norm/delta),layer-wise cosine theorem,disabled: no norm-table or radial-layer candidate filter,"per-query, per-layer Eq. I_threshold with Binomial(K, theta/pi)",distance-table hash-bucket lookup with per-layer thresholds; union over L tables without intersecting sphere-layer masks or exact norm-table filter,0.05,0.0082777777777777,0.0138733196128972,0.0444268934493259,0.95557310848914,0.955573112737315,3.725,450.0,0.0082777777777777,8.42485119047619,17.84474377865812,2.4193968749997907,34.572199375,0.0082777777777777,0.04442689151085999,False,0.6532900594993624,0.9970558014543156,0.201234090613185
cifar10_gist512,9,10,query_adaptive_R25,25.0,0.14,1.6133838891983032,0.95,round(norm/delta),layer-wise cosine theorem,disabled: no norm-table or radial-layer candidate filter,"per-query, per-layer Eq. I_threshold with Binomial(K, theta/pi)",distance-table hash-bucket lookup with per-layer thresholds; union over L tables without intersecting sphere-layer masks or exact norm-table filter,0.4925441539241157,0.1136666666666666,0.1669334511426748,0.248318036557838,0.751527313166124,0.7520602305431521,96.8,450.0,0.2151111111111111,0.2465773809523809,17.84474377865812,1.3808509500009336,34.572199375,0.2151111111111111,0.24847268683387602,False,0.8021181412350489,0.9234903572557699,0.38292554036441634
cifar10_gist512,9,20,query_adaptive_R25,25.0,0.14,1.6133838891983032,0.95,round(norm/delta),layer-wise cosine theorem,disabled: no norm-table or radial-layer candidate filter,"per-query, per-layer Eq. I_threshold with Binomial(K, theta/pi)",distance-table hash-bucket lookup with per-layer thresholds; union over L tables without intersecting sphere-layer masks or exact norm-table filter,0.6187085915014854,0.0993888888888888,0.1506966658558237,0.2853663354764509,0.7145539523512697,0.7149580930621384,64.425,450.0,0.1431666666666666,2.818154761904762,17.84474377865812,1.9215146249990769,34.572199375,0.1431666666666666,0.2854460476487303,False,0.7246387195963487,0.9490791969649067,0.40589257422724084
cifar10_gist512,9,30,query_adaptive_R25,25.0,0.14,1.6133838891983032,0.95,round(norm/delta),layer-wise cosine theorem,disabled: no norm-table or radial-layer candidate filter,"per-query, per-layer Eq. I_threshold with Binomial(K, theta/pi)",distance-table hash-bucket lookup with per-layer thresholds; union over L tables without intersecting sphere-layer masks or exact norm-table filter,0.5681706483942612,0.2014444444444444,0.2646931364728006,0.456415123093061,0.5433763915558896,0.5443086719242374,147.7,450.0,0.3282222222222222,6.753571428571428,17.84474377865812,2.068012475001524,34.572199375,0.3282222222222222,0.45662360844411043,False,0.703644949875197,0.8832595637053431,0.44264533080249574
cifar10_gist512,9,40,query_adaptive_R25,25.0,0.14,1.6133838891983032,0.95,round(norm/delta),layer-wise cosine theorem,disabled: no norm-table or radial-layer candidate filter,"per-query, per-layer Eq. I_threshold with Binomial(K, theta/pi)",distance-table hash-bucket lookup with per-layer thresholds; union over L tables without intersecting sphere-layer masks or exact norm-table filter,0.5413086674788045,0.3892777777777778,0.4290130088615259,0.7330643968064287,0.2664586253515623,0.2680430845973569,318.675,450.0,0.7081666666666667,12.053720238095238,17.84474377865812,2.045349050001022,34.572199375,0.7081666666666667,0.7335413746484377,False,0.706892715801763,0.7481228264306039,0.5109003352814695
cifar10_gist512,9,50,query_adaptive_R25,25.0,0.14,1.6133838891983032,0.95,round(norm/delta),layer-wise cosine theorem,disabled: no norm-table or radial-layer candidate filter,"per-query, per-layer Eq. I_threshold with Binomial(K, theta/pi)",distance-table hash-bucket lookup with per-layer thresholds; union over L tables without intersecting sphere-layer masks or exact norm-table filter,0.3617461809319133,0.8725000000000002,0.5102029045090375,0.9842288586529362,0.0145638744583493,0.0164625437800008,1093.775,450.0,2.4306111111111117,20.47425595238095,17.84474377865812,2.2833635249995154,34.572199375,2.4306111111111117,0.9854361255416507,False,0.6727842215246407,0.13549241226683517,0.4974706347273988
cifar10_gist512,9,60,query_adaptive_R25,25.0,0.14,1.6133838891983032,0.95,round(norm/delta),layer-wise cosine theorem,disabled: no norm-table or radial-layer candidate filter,"per-query, per-layer Eq. I_threshold with Binomial(K, theta/pi)",distance-table hash-bucket lookup with per-layer thresholds; union over L tables without intersecting sphere-layer masks or exact norm-table filter,0.6275801569534611,0.2882222222222222,0.3583214916807661,0.6711013589787758,0.3286383840112902,0.3299981150833008,204.825,450.0,0.4551666666666668,18.19449404761905,17.84474377865812,2.254234375000408,34.572199375,0.4551666666666668,0.6713616159887098,False,0.6769585535523389,0.83810859943092,0.49951622336333285
cifar10_gist512,9,70,query_adaptive_R25,25.0,0.14,1.6133838891983032,0.95,round(norm/delta),layer-wise cosine theorem,disabled: no norm-table or radial-layer candidate filter,"per-query, per-layer Eq. I_threshold with Binomial(K, theta/pi)",distance-table hash-bucket lookup with per-layer thresholds; union over L tables without intersecting sphere-layer masks or exact norm-table filter,0.7136691716679847,0.0933333333333333,0.1318071960210312,0.3139529577581573,0.6860170757969145,0.686433870657087,50.85,450.0,0.1129999999999999,16.886904761904763,17.84474377865812,2.356761425003384,34.572199375,0.1129999999999999,0.3139829242030855,False,0.6622659879077542,0.9598087258931395,0.4203010864703824
cifar10_gist512,9,80,query_adaptive_R25,25.0,0.14,1.6133838891983032,0.95,round(norm/delta),layer-wise cosine theorem,disabled: no norm-table or radial-layer candidate filter,"per-query, per-layer Eq. I_threshold with Binomial(K, theta/pi)",distance-table hash-bucket lookup with per-layer thresholds; union over L tables without intersecting sphere-layer masks or exact norm-table filter,0.3927597544304181,0.0339444444444444,0.0487499548613618,0.1575528827840971,0.8424459136111914,0.8425032118153262,15.875,450.0,0.0352777777777777,14.819791666666667,17.84474377865812,2.3766395749987623,34.572199375,0.0352777777777777,0.15755408638880863,False,0.6594173638257044,0.9874525766677206,0.3031300663894133
cifar10_gist512,9,90,query_adaptive_R25,25.0,0.14,1.6133838891983032,0.95,round(norm/delta),layer-wise cosine theorem,disabled: no norm-table or radial-layer candidate filter,"per-query, per-layer Eq. I_threshold with Binomial(K, theta/pi)",distance-table hash-bucket lookup with per-layer thresholds; union over L tables without intersecting sphere-layer masks or exact norm-table filter,0.15,0.0173888888888888,0.0258173942843228,0.0680424384227308,0.9319575643101696,0.9319786646356212,7.825,450.0,0.0173888888888888,12.515773809523813,17.84474377865812,2.4587656000001346,34.572199375,0.0173888888888888,0.06804243568983037,False,0.6476483524923397,0.9938152070818843,0.23146856446419037
cifar10_gist512,9,100,query_adaptive_R25,25.0,0.14,1.6133838891983032,0.95,round(norm/delta),layer-wise cosine theorem,disabled: no norm-table or radial-layer candidate filter,"per-query, per-layer Eq. I_threshold with Binomial(K, theta/pi)",distance-table hash-bucket lookup with per-layer thresholds; union over L tables without intersecting sphere-layer masks or exact norm-table filter,0.05,0.0078333333333333,0.013302660606139,0.0485037100538914,0.9514962946174748,0.951496299757123,3.525,450.0,0.0078333333333333,8.217113095238094,17.84474377865812,2.504415574999541,34.572199375,0.0078333333333333,0.04850370538252524,False,0.6411065154421859,0.9972138792285805,0.20036000553521166
cifar10_gist512,10,10,query_adaptive_R25,25.0,0.14,1.6133838891983032,0.95,round(norm/delta),layer-wise cosine theorem,disabled: no norm-table or radial-layer candidate filter,"per-query, per-layer Eq. I_threshold with Binomial(K, theta/pi)",distance-table hash-bucket lookup with per-layer thresholds; union over L tables without intersecting sphere-layer masks or exact norm-table filter,0.5107198637233794,0.0806666666666666,0.1202099424364724,0.196846465271516,0.8030766034487428,0.8033726775610441,64.775,450.0,0.1439444444444444,0.1434523809523809,17.84474377865812,1.3910510750015703,34.572199375,0.1439444444444444,0.19692339655125723,False,0.8006564196098731,0.9488025608599431,0.3682399842264286
cifar10_gist512,10,20,query_adaptive_R25,25.0,0.14,1.6133838891983032,0.95,round(norm/delta),layer-wise cosine theorem,disabled: no norm-table or radial-layer candidate filter,"per-query, per-layer Eq. I_threshold with Binomial(K, theta/pi)",distance-table hash-bucket lookup with per-layer thresholds; union over L tables without intersecting sphere-layer masks or exact norm-table filter,0.6036981884511473,0.1035,0.1559455435958622,0.2969561900708664,0.7029595771121258,0.7033739474419224,68.2,450.0,0.1515555555555555,2.782738095238096,17.84474377865812,2.345313600000054,34.572199375,0.1515555555555555,0.29704042288787424,False,0.6639065102903279,0.946095478975656,0.40131513473220337
cifar10_gist512,10,30,query_adaptive_R25,25.0,0.14,1.6133838891983032,0.95,round(norm/delta),layer-wise cosine theorem,disabled: no norm-table or radial-layer candidate filter,"per-query, per-layer Eq. I_threshold with Binomial(K, theta/pi)",distance-table hash-bucket lookup with per-layer thresholds; union over L tables without intersecting sphere-layer masks or exact norm-table filter,0.5742699316315297,0.2030555555555556,0.2663850030145472,0.4576576427809886,0.5421673579880156,0.5430089287139386,148.025,450.0,0.3289444444444444,6.69375,17.84474377865812,1.9985135750026477,34.572199375,0.3289444444444444,0.45783264201198437,False,0.7136044400822232,0.8830026873221626,0.4455439701765206
cifar10_gist512,10,40,query_adaptive_R25,25.0,0.14,1.6133838891983032,0.95,round(norm/delta),layer-wise cosine theorem,disabled: no norm-table or radial-layer candidate filter,"per-query, per-layer Eq. I_threshold with Binomial(K, theta/pi)",distance-table hash-bucket lookup with per-layer thresholds; union over L tables without intersecting sphere-layer masks or exact norm-table filter,0.5397983109335847,0.3938888888888888,0.4320017280743023,0.744422019847981,0.2550939868819907,0.2567043462541968,324.3,450.0,0.7206666666666666,12.013095238095238,17.84474377865812,2.0695917000018937,34.572199375,0.7206666666666666,0.7449060131180093,False,0.7034186401648832,0.7436768890294025,0.5116504256998342
cifar10_gist512,10,50,query_adaptive_R25,25.0,0.14,1.6133838891983032,0.95,round(norm/delta),layer-wise cosine theorem,disabled: no norm-table or radial-layer candidate filter,"per-query, per-layer Eq. I_threshold with Binomial(K, theta/pi)",distance-table hash-bucket lookup with per-layer thresholds; union over L tables without intersecting sphere-layer masks or exact norm-table filter,0.3575644175098565,0.8810555555555556,0.5075178693175271,0.98552767437381,0.0132800993744329,0.01513441491924,1117.65,450.0,2.4836666666666667,20.47425595238095,17.84474377865812,2.2872572499998967,34.572199375,2.4836666666666667,0.9867199006255671,False,0.672226234045547,0.1166218779639584,0.4943380631465808
cifar10_gist512,10,60,query_adaptive_R25,25.0,0.14,1.6133838891983032,0.95,round(norm/delta),layer-wise cosine theorem,disabled: no norm-table or radial-layer candidate filter,"per-query, per-layer Eq. I_threshold with Binomial(K, theta/pi)",distance-table hash-bucket lookup with per-layer thresholds; union over L tables without intersecting sphere-layer masks or exact norm-table filter,0.6269447347937902,0.294,0.3648486089536774,0.6766713297311837,0.3230628230467315,0.3244380285517682,209.0,450.0,0.4644444444444445,18.144494047619048,17.84474377865812,2.2922250000007693,34.572199375,0.4644444444444445,0.6769371769532685,False,0.6715143341811542,0.8348087258931394,0.5020302224252632
cifar10_gist512,10,70,query_adaptive_R25,25.0,0.14,1.6133838891983032,0.95,round(norm/delta),layer-wise cosine theorem,disabled: no norm-table or radial-layer candidate filter,"per-query, per-layer Eq. I_threshold with Binomial(K, theta/pi)",distance-table hash-bucket lookup with per-layer thresholds; union over L tables without intersecting sphere-layer masks or exact norm-table filter,0.7048175195947246,0.0949444444444444,0.1332531995970506,0.3250961974545147,0.6748757985818858,0.6752977024278252,51.6,450.0,0.1146666666666666,16.808779761904763,17.84474377865812,2.4018458249990715,34.572199375,0.1146666666666666,0.32512420141811416,False,0.6558052001794021,0.9592159342396459,0.41850453879145477
cifar10_gist512,10,80,query_adaptive_R25,25.0,0.14,1.6133838891983032,0.95,round(norm/delta),layer-wise cosine theorem,disabled: no norm-table or radial-layer candidate filter,"per-query, per-layer Eq. I_threshold with Binomial(K, theta/pi)",distance-table hash-bucket lookup with per-layer thresholds; union over L tables without intersecting sphere-layer masks or exact norm-table filter,0.392811308305817,0.0344444444444444,0.0494012361700884,0.1582507843132795,0.8417480057489211,0.8418060911608507,16.125,450.0,0.0358333333333333,14.719345238095238,17.84474377865812,2.380145624999841,34.572199375,0.0358333333333333,0.15825199425107894,False,0.6589149318353901,0.9872549794498894,0.303416142134127
cifar10_gist512,10,90,query_adaptive_R25,25.0,0.14,1.6133838891983032,0.95,round(norm/delta),layer-wise cosine theorem,disabled: no norm-table or radial-layer candidate filter,"per-query, per-layer Eq. I_threshold with Binomial(K, theta/pi)",distance-table hash-bucket lookup with per-layer thresholds; union over L tables without intersecting sphere-layer masks or exact norm-table filter,0.15,0.0176666666666666,0.0261772513658416,0.0684164865186241,0.9315835142758108,0.9316054523260568,7.95,450.0,0.0176666666666666,12.406994047619047,17.84474377865812,2.501283250001052,34.572199375,0.0176666666666666,0.06841648572418924,False,0.6415553910380325,0.9937164084729687,0.2313306021342248
cifar10_gist512,10,100,query_adaptive_R25,25.0,0.14,1.6133838891983032,0.95,round(norm/delta),layer-wise cosine theorem,disabled: no norm-table or radial-layer candidate filter,"per-query, per-layer Eq. I_threshold with Binomial(K, theta/pi)",distance-table hash-bucket lookup with per-layer thresholds; union over L tables without intersecting sphere-layer masks or exact norm-table filter,0.05,0.008,0.0135618479880659,0.0485825030089396,0.951417498929526,0.9514175040863624,3.6,450.0,0.008,8.020238095238096,17.84474377865812,2.474264599999998,34.572199375,0.008,0.048582501070474016,False,0.6454272793714725,0.9971546000632311,0.20069120077388136
cifar10_gist512,11,10,query_adaptive_R25,25.0,0.14,1.6133838891983032,0.95,round(norm/delta),layer-wise cosine theorem,disabled: no norm-table or radial-layer candidate filter,"per-query, per-layer Eq. I_threshold with Binomial(K, theta/pi)",distance-table hash-bucket lookup with per-layer thresholds; union over L tables without intersecting sphere-layer masks or exact norm-table filter,0.5154363566459953,0.0775555555555555,0.1157438339234113,0.1914079676183112,0.8085569783186152,0.8087714397289446,61.2,450.0,0.1359999999999999,0.0867559523809523,17.84474377865812,1.3928833750021852,34.572199375,0.1359999999999999,0.19144302168138483,False,0.8003938431674726,0.951628201074929,0.3676444644654168
cifar10_gist512,11,20,query_adaptive_R25,25.0,0.14,1.6133838891983032,0.95,round(norm/delta),layer-wise cosine theorem,disabled: no norm-table or radial-layer candidate filter,"per-query, per-layer Eq. I_threshold with Binomial(K, theta/pi)",distance-table hash-bucket lookup with per-layer thresholds; union over L tables without intersecting sphere-layer masks or exact norm-table filter,0.595591209256324,0.1036666666666666,0.1574425619358159,0.2981510859155903,0.7017649946357323,0.7021826544402936,69.05,450.0,0.1534444444444444,2.7504464285714283,17.84474377865812,1.9787968250000176,34.572199375,0.1534444444444444,0.2982350053642677,False,0.7164299348536333,0.94542364843503,0.40237107633288605
cifar10_gist512,11,30,query_adaptive_R25,25.0,0.14,1.6133838891983032,0.95,round(norm/delta),layer-wise cosine theorem,disabled: no norm-table or radial-layer candidate filter,"per-query, per-layer Eq. I_threshold with Binomial(K, theta/pi)",distance-table hash-bucket lookup with per-layer thresholds; union over L tables without intersecting sphere-layer masks or exact norm-table filter,0.5715434852688178,0.2097777777777777,0.2747990808808384,0.4668892437256374,0.5329202574835822,0.5338038631198779,153.775,450.0,0.3417222222222222,6.675,17.84474377865812,1.9927041250007,34.572199375,0.3417222222222222,0.4670797425164178,False,0.7144369591638711,0.8784579513120455,0.44851164583605374
cifar10_gist512,11,40,query_adaptive_R25,25.0,0.14,1.6133838891983032,0.95,round(norm/delta),layer-wise cosine theorem,disabled: no norm-table or radial-layer candidate filter,"per-query, per-layer Eq. I_threshold with Binomial(K, theta/pi)",distance-table hash-bucket lookup with per-layer thresholds; union over L tables without intersecting sphere-layer masks or exact norm-table filter,0.5392619269240184,0.3998888888888888,0.4377725742393291,0.7551899922565413,0.2442934080422372,0.2459393821982144,330.4,450.0,0.7342222222222222,11.968898809523813,17.84474377865812,2.158692700002973,34.572199375,0.7342222222222222,0.7557065919577628,False,0.6906500850228401,0.7388555169143218,0.5133744922808378
cifar10_gist512,11,50,query_adaptive_R25,25.0,0.14,1.6133838891983032,0.95,round(norm/delta),layer-wise cosine theorem,disabled: no norm-table or radial-layer candidate filter,"per-query, per-layer Eq. I_threshold with Binomial(K, theta/pi)",distance-table hash-bucket lookup with per-layer thresholds; union over L tables without intersecting sphere-layer masks or exact norm-table filter,0.3537828951824496,0.8893888888888888,0.5050999616712539,0.9867295987297496,0.0120678121672506,0.0138970486734681,1140.225,450.0,2.533833333333333,20.47425595238095,17.84474377865812,2.3122125749992506,34.572199375,2.533833333333333,0.9879321878327494,False,0.6686500290272196,0.09877884919380364,0.4913578169887606
cifar10_gist512,11,60,query_adaptive_R25,25.0,0.14,1.6133838891983032,0.95,round(norm/delta),layer-wise cosine theorem,disabled: no norm-table or radial-layer candidate filter,"per-query, per-layer Eq. I_threshold with Binomial(K, theta/pi)",distance-table hash-bucket lookup with per-layer thresholds; union over L tables without intersecting sphere-layer masks or exact norm-table filter,0.6258954612687492,0.2975,0.3659272787459306,0.6766151472631645,0.3231034552743507,0.3245024906635635,212.0,450.0,0.471111111111111,18.094047619047625,17.84474377865812,2.301268624997732,34.572199375,0.471111111111111,0.6768965447256493,False,0.67021834396268,0.8324375592791654,0.5024249639682719
cifar10_gist512,11,70,query_adaptive_R25,25.0,0.14,1.6133838891983032,0.95,round(norm/delta),layer-wise cosine theorem,disabled: no norm-table or radial-layer candidate filter,"per-query, per-layer Eq. I_threshold with Binomial(K, theta/pi)",distance-table hash-bucket lookup with per-layer thresholds; union over L tables without intersecting sphere-layer masks or exact norm-table filter,0.7082544851368389,0.0953333333333333,0.133867740803395,0.3238080378761007,0.6761661499936322,0.6765622161486018,51.875,450.0,0.1152777777777777,16.757738095238096,17.84474377865812,2.370920824997569,34.572199375,0.1152777777777777,0.3238338500063678,False,0.6602368852085498,0.9589985773000317,0.41984562808749687
cifar10_gist512,11,80,query_adaptive_R25,25.0,0.14,1.6133838891983032,0.95,round(norm/delta),layer-wise cosine theorem,disabled: no norm-table or radial-layer candidate filter,"per-query, per-layer Eq. I_threshold with Binomial(K, theta/pi)",distance-table hash-bucket lookup with per-layer thresholds; union over L tables without intersecting sphere-layer masks or exact norm-table filter,0.3928352310461384,0.0355555555555555,0.0510005671403106,0.1620191743334395,0.8379796216872529,0.8380409364771172,16.7,450.0,0.0371111111111111,14.638095238095238,17.84474377865812,2.436264600000726,34.572199375,0.0371111111111111,0.16202037831274707,False,0.6508728422201775,0.9868005058488777,0.3037338353600949
cifar10_gist512,11,90,query_adaptive_R25,25.0,0.14,1.6133838891983032,0.95,round(norm/delta),layer-wise cosine theorem,disabled: no norm-table or radial-layer candidate filter,"per-query, per-layer Eq. I_threshold with Binomial(K, theta/pi)",distance-table hash-bucket lookup with per-layer thresholds; union over L tables without intersecting sphere-layer masks or exact norm-table filter,0.1464285714285714,0.0181666666666666,0.0268903637464073,0.0688948945653714,0.9311051018419632,0.9311270438799352,8.2,450.0,0.0182222222222222,12.29047619047619,17.84474377865812,2.4134698750003736,34.572199375,0.0182222222222222,0.06889489815803684,False,0.6541394239994076,0.9935188112551375,0.2313868963899597
cifar10_gist512,11,100,query_adaptive_R25,25.0,0.14,1.6133838891983032,0.95,round(norm/delta),layer-wise cosine theorem,disabled: no norm-table or radial-layer candidate filter,"per-query, per-layer Eq. I_threshold with Binomial(K, theta/pi)",distance-table hash-bucket lookup with per-layer thresholds; union over L tables without intersecting sphere-layer masks or exact norm-table filter,0.05,0.0081666666666666,0.0138192793122253,0.0485942435495511,0.9514057564504488,0.9514057616098522,3.675,450.0,0.0081666666666666,7.8203869047619055,17.84474377865812,2.6451542750031365,34.572199375,0.0081666666666666,0.04859424354955122,False,0.620938056596678,0.9970953208978818,0.19958128205712833
cifar10_gist512,12,10,query_adaptive_R25,25.0,0.14,1.6133838891983032,0.95,round(norm/delta),layer-wise cosine theorem,disabled: no norm-table or radial-layer candidate filter,"per-query, per-layer Eq. I_threshold with Binomial(K, theta/pi)",distance-table hash-bucket lookup with per-layer thresholds; union over L tables without intersecting sphere-layer masks or exact norm-table filter,0.5122474049191437,0.0637222222222222,0.0999858487312574,0.1876339007156691,0.8123316061677471,0.8125429949605512,46.75,450.0,0.1038888888888888,0.0492559523809523,17.84474377865812,1.4060312000012232,34.572199375,0.1038888888888888,0.18766839383225287,False,0.7985097035001724,0.9630493202655707,0.36018422594501465
cifar10_gist512,12,20,query_adaptive_R25,25.0,0.14,1.6133838891983032,0.95,round(norm/delta),layer-wise cosine theorem,disabled: no norm-table or radial-layer candidate filter,"per-query, per-layer Eq. I_threshold with Binomial(K, theta/pi)",distance-table hash-bucket lookup with per-layer thresholds; union over L tables without intersecting sphere-layer masks or exact norm-table filter,0.5913968495261719,0.1042777777777777,0.1584929249111077,0.3231662674247106,0.6767463653656469,0.6771960336480042,70.25,450.0,0.1561111111111111,2.722321428571429,17.84474377865812,1.9218750250026064,34.572199375,0.1561111111111111,0.3232536346343531,False,0.7245870727313506,0.9444751817894405,0.4020779225609698
cifar10_gist512,12,30,query_adaptive_R25,25.0,0.14,1.6133838891983032,0.95,round(norm/delta),layer-wise cosine theorem,disabled: no norm-table or radial-layer candidate filter,"per-query, per-layer Eq. I_threshold with Binomial(K, theta/pi)",distance-table hash-bucket lookup with per-layer thresholds; union over L tables without intersecting sphere-layer masks or exact norm-table filter,0.5670821456378519,0.2124444444444444,0.2792306499915067,0.4745647787114175,0.5252309178287302,0.5261465791659191,157.025,450.0,0.3489444444444444,6.646875,17.84474377865812,2.0346250500018925,34.572199375,0.3489444444444444,0.4747690821712698,False,0.7084295109592864,0.8758891874802404,0.44879500646537956
cifar10_gist512,12,40,query_adaptive_R25,25.0,0.14,1.6133838891983032,0.95,round(norm/delta),layer-wise cosine theorem,disabled: no norm-table or radial-layer candidate filter,"per-query, per-layer Eq. I_threshold with Binomial(K, theta/pi)",distance-table hash-bucket lookup with per-layer thresholds; union over L tables without intersecting sphere-layer masks or exact norm-table filter,0.5380236236556548,0.4086111111111111,0.4438085659621027,0.7601817971897635,0.2392833714751523,0.2409431723004594,337.075,450.0,0.7490555555555555,11.937648809523813,17.84474377865812,2.1428791999987595,34.572199375,0.7490555555555555,0.7607166285248477,False,0.6929162273421188,0.7335796711982296,0.5162438882697122
cifar10_gist512,12,50,query_adaptive_R25,25.0,0.14,1.6133838891983032,0.95,round(norm/delta),layer-wise cosine theorem,disabled: no norm-table or radial-layer candidate filter,"per-query, per-layer Eq. I_threshold with Binomial(K, theta/pi)",distance-table hash-bucket lookup with per-layer thresholds; union over L tables without intersecting sphere-layer masks or exact norm-table filter,0.3510464989557499,0.8963888888888889,0.5034472493382202,0.9882200686192704,0.0105924109611448,0.0123853222026986,1158.15,450.0,2.573666666666667,20.47425595238095,17.84474377865812,2.3636208249989465,34.572199375,2.573666666666667,0.9894075890388552,False,0.6612830064924657,0.08461112867530829,0.4890017594110118
cifar10_gist512,12,60,query_adaptive_R25,25.0,0.14,1.6133838891983032,0.95,round(norm/delta),layer-wise cosine theorem,disabled: no norm-table or radial-layer candidate filter,"per-query, per-layer Eq. I_threshold with Binomial(K, theta/pi)",distance-table hash-bucket lookup with per-layer thresholds; union over L tables without intersecting sphere-layer masks or exact norm-table filter,0.6262477106694397,0.2996666666666667,0.3688206454308366,0.6765568573451473,0.3231719856510465,0.3245468252576385,213.225,450.0,0.4738333333333333,18.04002976190476,17.84474377865812,2.342093700000447,34.572199375,0.4738333333333333,0.6768280143489536,False,0.6643679357591369,0.8314693329117926,0.5035212836262117
cifar10_gist512,12,70,query_adaptive_R25,25.0,0.14,1.6133838891983032,0.95,round(norm/delta),layer-wise cosine theorem,disabled: no norm-table or radial-layer candidate filter,"per-query, per-layer Eq. I_threshold with Binomial(K, theta/pi)",distance-table hash-bucket lookup with per-layer thresholds; union over L tables without intersecting sphere-layer masks or exact norm-table filter,0.7117229915195951,0.0968888888888888,0.1357014564594459,0.3234091843286508,0.6765623341777955,0.6769590672625678,53.1,450.0,0.118,16.71979166666667,17.84474377865812,2.36599067500336,34.572199375,0.118,0.32343766582220446,False,0.660943396830853,0.9580303509326589,0.42155575789992406
cifar10_gist512,12,80,query_adaptive_R25,25.0,0.14,1.6133838891983032,0.95,round(norm/delta),layer-wise cosine theorem,disabled: no norm-table or radial-layer candidate filter,"per-query, per-layer Eq. I_threshold with Binomial(K, theta/pi)",distance-table hash-bucket lookup with per-layer thresholds; union over L tables without intersecting sphere-layer masks or exact norm-table filter,0.4181207586427657,0.0364444444444444,0.0522152485738375,0.1637800813184775,0.836218711801217,0.8362848215961641,17.1,450.0,0.038,14.577678571428573,17.84474377865812,2.5086654999981306,34.572199375,0.038,0.16378128819878301,False,0.6404974829768557,0.9864843503003478,0.31009194224431835
cifar10_gist512,12,90,query_adaptive_R25,25.0,0.14,1.6133838891983032,0.95,round(norm/delta),layer-wise cosine theorem,disabled: no norm-table or radial-layer candidate filter,"per-query, per-layer Eq. I_threshold with Binomial(K, theta/pi)",distance-table hash-bucket lookup with per-layer thresholds; union over L tables without intersecting sphere-layer masks or exact norm-table filter,0.1464285714285714,0.0166111111111111,0.025140418737984,0.0688805856350128,0.93111942205352,0.9311413640884764,7.5,450.0,0.0166666666666666,12.173363095238097,17.84474377865812,2.422393700002345,34.572199375,0.0166666666666666,0.06888057794647995,False,0.6528606016336178,0.9940720834650648,0.23048235423910007
cifar10_gist512,12,100,query_adaptive_R25,25.0,0.14,1.6133838891983032,0.95,round(norm/delta),layer-wise cosine theorem,disabled: no norm-table or radial-layer candidate filter,"per-query, per-layer Eq. I_threshold with Binomial(K, theta/pi)",distance-table hash-bucket lookup with per-layer thresholds; union over L tables without intersecting sphere-layer masks or exact norm-table filter,0.05,0.0077222222222222,0.0130786391522476,0.0444811763497137,0.9555188250167366,0.9555188292768916,3.475,450.0,0.0077222222222222,7.657589285714286,17.84474377865812,2.638645800000461,34.572199375,0.0077222222222222,0.04448117498326343,False,0.6218707489565984,0.9972533986721467,0.199303515396383
cifar10_gist512,13,10,query_adaptive_R25,25.0,0.14,1.6133838891983032,0.95,round(norm/delta),layer-wise cosine theorem,disabled: no norm-table or radial-layer candidate filter,"per-query, per-layer Eq. I_threshold with Binomial(K, theta/pi)",distance-table hash-bucket lookup with per-layer thresholds; union over L tables without intersecting sphere-layer masks or exact norm-table filter,0.5135306022058207,0.0544999999999999,0.0892335763332256,0.1833101971346789,0.8166571763740034,0.8168900305551716,40.525,450.0,0.0900555555555555,0.0232142857142857,17.84474377865812,1.4927364499989435,34.572199375,0.0900555555555555,0.18334282362599663,False,0.7860844696005853,0.9679694909895669,0.3550140493965484
cifar10_gist512,13,20,query_adaptive_R25,25.0,0.14,1.6133838891983032,0.95,round(norm/delta),layer-wise cosine theorem,disabled: no norm-table or radial-layer candidate filter,"per-query, per-layer Eq. I_threshold with Binomial(K, theta/pi)",distance-table hash-bucket lookup with per-layer thresholds; union over L tables without intersecting sphere-layer masks or exact norm-table filter,0.5867220021023145,0.1082222222222222,0.1638352975705418,0.3301636507169044,0.6697440959914617,0.670203452075761,73.625,450.0,0.1636111111111111,2.69375,17.84474377865812,1.9187135500004613,34.572199375,0.1636111111111111,0.3302559040085383,False,0.7250401256476432,0.9418076193487196,0.4031904483044028
cifar10_gist512,13,30,query_adaptive_R25,25.0,0.14,1.6133838891983032,0.95,round(norm/delta),layer-wise cosine theorem,disabled: no norm-table or radial-layer candidate filter,"per-query, per-layer Eq. I_threshold with Binomial(K, theta/pi)",distance-table hash-bucket lookup with per-layer thresholds; union over L tables without intersecting sphere-layer masks or exact norm-table filter,0.5643854334440694,0.2128333333333333,0.2774136588891109,0.4874599874475521,0.5123319128733946,0.5132665030710986,157.25,450.0,0.3494444444444445,6.615625,17.84474377865812,2.0458228749987484,34.572199375,0.3494444444444445,0.48766808712660537,False,0.7068248146490141,0.8757113499841922,0.44745574886895234
cifar10_gist512,13,40,query_adaptive_R25,25.0,0.14,1.6133838891983032,0.95,round(norm/delta),layer-wise cosine theorem,disabled: no norm-table or radial-layer candidate filter,"per-query, per-layer Eq. I_threshold with Binomial(K, theta/pi)",distance-table hash-bucket lookup with per-layer thresholds; union over L tables without intersecting sphere-layer masks or exact norm-table filter,0.5356936457956741,0.415388888888889,0.4485197450863234,0.7690160423894031,0.230447412106762,0.2321618227977325,343.075,450.0,0.7623888888888889,11.91577380952381,17.84474377865812,2.294168724999679,34.572199375,0.7623888888888889,0.769552587893238,False,0.6712357900589868,0.7288373379702815,0.516870490205401
cifar10_gist512,13,50,query_adaptive_R25,25.0,0.14,1.6133838891983032,0.95,round(norm/delta),layer-wise cosine theorem,disabled: no norm-table or radial-layer candidate filter,"per-query, per-layer Eq. I_threshold with Binomial(K, theta/pi)",distance-table hash-bucket lookup with per-layer thresholds; union over L tables without intersecting sphere-layer masks or exact norm-table filter,0.3485503640198476,0.9040555555555556,0.5020769822964308,0.9894461525141096,0.0094493031355718,0.0111347188655971,1176.575,450.0,2.614611111111111,20.47425595238095,17.84474377865812,2.3782207750024043,34.572199375,2.614611111111111,0.9905506968644282,True,0.6591907710889577,0.070048213721151,0.4871424165324444
cifar10_gist512,13,60,query_adaptive_R25,25.0,0.14,1.6133838891983032,0.95,round(norm/delta),layer-wise cosine theorem,disabled: no norm-table or radial-layer candidate filter,"per-query, per-layer Eq. I_threshold with Binomial(K, theta/pi)",distance-table hash-bucket lookup with per-layer thresholds; union over L tables without intersecting sphere-layer masks or exact norm-table filter,0.624471202353101,0.3045555555555556,0.373694560399131,0.6905885244384935,0.309134837133975,0.3105679234147565,217.275,450.0,0.4828333333333333,18.015029761904763,17.84474377865812,2.399557300001476,34.572199375,0.4828333333333333,0.690865162866025,False,0.65613315561902,0.8282682579829277,0.5048689043174724
cifar10_gist512,13,70,query_adaptive_R25,25.0,0.14,1.6133838891983032,0.95,round(norm/delta),layer-wise cosine theorem,disabled: no norm-table or radial-layer candidate filter,"per-query, per-layer Eq. I_threshold with Binomial(K, theta/pi)",distance-table hash-bucket lookup with per-layer thresholds; union over L tables without intersecting sphere-layer masks or exact norm-table filter,0.7370728012622608,0.0981111111111111,0.1369515598485274,0.3246139283800374,0.6753573726071626,0.6757560502996881,53.85,450.0,0.1196666666666666,16.697916666666668,17.84474377865812,2.435620775002434,34.572199375,0.1196666666666666,0.32464262739283745,False,0.6509651051015415,0.9574375592791654,0.4279873576317239
cifar10_gist512,13,80,query_adaptive_R25,25.0,0.14,1.6133838891983032,0.95,round(norm/delta),layer-wise cosine theorem,disabled: no norm-table or radial-layer candidate filter,"per-query, per-layer Eq. I_threshold with Binomial(K, theta/pi)",distance-table hash-bucket lookup with per-layer thresholds; union over L tables without intersecting sphere-layer masks or exact norm-table filter,0.4287907896243975,0.0368333333333333,0.0527672646147319,0.1634891884410213,0.8365094816934476,0.836575633504561,17.325,450.0,0.0384999999999999,14.546428571428573,17.84474377865812,2.5036104250027336,34.572199375,0.0384999999999999,0.16349051830655237,False,0.6412218968871948,0.9863065128042997,0.3130399784529269
cifar10_gist512,13,90,query_adaptive_R25,25.0,0.14,1.6133838891983032,0.95,round(norm/delta),layer-wise cosine theorem,disabled: no norm-table or radial-layer candidate filter,"per-query, per-layer Eq. I_threshold with Binomial(K, theta/pi)",distance-table hash-bucket lookup with per-layer thresholds; union over L tables without intersecting sphere-layer masks or exact norm-table filter,0.1964285714285714,0.0169444444444444,0.025672838414774,0.0835421128654017,0.9164578901517648,0.9164825153835334,7.65,450.0,0.017,12.084821428571429,17.84474377865812,2.438784399997473,34.572199375,0.017,0.08354210984823518,False,0.6505117440820534,0.9939535251343661,0.2431001411654602
cifar10_gist512,13,100,query_adaptive_R25,25.0,0.14,1.6133838891983032,0.95,round(norm/delta),layer-wise cosine theorem,disabled: no norm-table or radial-layer candidate filter,"per-query, per-layer Eq. I_threshold with Binomial(K, theta/pi)",distance-table hash-bucket lookup with per-layer thresholds; union over L tables without intersecting sphere-layer masks or exact norm-table filter,0.05,0.0071666666666666,0.0123376623376516,0.0444922288599636,0.955507770568021,0.9555077748308136,3.225,450.0,0.0071666666666666,7.519047619047619,17.84474377865812,2.528536525001357,34.572199375,0.0071666666666666,0.04449222943197895,False,0.6376498799367155,0.9974509958899779,0.19975165853184385
cifar10_gist512,14,10,query_adaptive_R25,25.0,0.14,1.6133838891983032,0.95,round(norm/delta),layer-wise cosine theorem,disabled: no norm-table or radial-layer candidate filter,"per-query, per-layer Eq. I_threshold with Binomial(K, theta/pi)",distance-table hash-bucket lookup with per-layer thresholds; union over L tables without intersecting sphere-layer masks or exact norm-table filter,0.5141227194447333,0.0564999999999999,0.0922247615931716,0.18505765261452,0.8149073493368235,0.8151469863856977,42.3,450.0,0.094,0.0196428571428571,17.84474377865812,1.4999311749996025,34.572199375,0.094,0.18509265066317648,False,0.785053434675033,0.9665665507429655,0.3563470007639898
cifar10_gist512,14,20,query_adaptive_R25,25.0,0.14,1.6133838891983032,0.95,round(norm/delta),layer-wise cosine theorem,disabled: no norm-table or radial-layer candidate filter,"per-query, per-layer Eq. I_threshold with Binomial(K, theta/pi)",distance-table hash-bucket lookup with per-layer thresholds; union over L tables without intersecting sphere-layer masks or exact norm-table filter,0.5842712630134035,0.1119444444444444,0.1689966807047999,0.3399585644264704,0.6599473641576683,0.6604359266667812,76.65,450.0,0.1703333333333333,2.6708333333333334,17.84474377865812,1.9444293000020707,34.572199375,0.1703333333333333,0.3400526358423317,False,0.721354948467695,0.9394166930129624,0.40458579426424884
cifar10_gist512,14,30,query_adaptive_R25,25.0,0.14,1.6133838891983032,0.95,round(norm/delta),layer-wise cosine theorem,disabled: no norm-table or radial-layer candidate filter,"per-query, per-layer Eq. I_threshold with Binomial(K, theta/pi)",distance-table hash-bucket lookup with per-layer thresholds; union over L tables without intersecting sphere-layer masks or exact norm-table filter,0.5639170673117387,0.2201111111111111,0.2851870483688862,0.5027938620646383,0.4969836687231636,0.4979650666204444,163.45,450.0,0.3632222222222222,6.59375,17.84474377865812,2.0992592499993634,34.572199375,0.3632222222222222,0.5030163312768364,False,0.6991671531101091,0.8708109389819791,0.4503969544820694
cifar10_gist512,14,40,query_adaptive_R25,25.0,0.14,1.6133838891983032,0.95,round(norm/delta),layer-wise cosine theorem,disabled: no norm-table or radial-layer candidate filter,"per-query, per-layer Eq. I_threshold with Binomial(K, theta/pi)",distance-table hash-bucket lookup with per-layer thresholds; union over L tables without intersecting sphere-layer masks or exact norm-table filter,0.5334692772444523,0.4215,0.4520270502899336,0.7713815668951802,0.228071255435849,0.2297974643418134,349.65,450.0,0.7769999999999999,11.890773809523813,17.84474377865812,2.23628225000283,34.572199375,0.7769999999999999,0.771928744564151,False,0.6795311699982334,0.7236405311413217,0.5183994250836997
cifar10_gist512,14,50,query_adaptive_R25,25.0,0.14,1.6133838891983032,0.95,round(norm/delta),layer-wise cosine theorem,disabled: no norm-table or radial-layer candidate filter,"per-query, per-layer Eq. I_threshold with Binomial(K, theta/pi)",distance-table hash-bucket lookup with per-layer thresholds; union over L tables without intersecting sphere-layer masks or exact norm-table filter,0.3460610997534288,0.9105555555555556,0.5005210525076261,0.9905419856544532,0.0084186456471582,0.0100161817456606,1193.425,450.0,2.652055555555555,20.47425595238095,17.84474377865812,2.4311812250005005,34.572199375,2.652055555555555,0.9915813543528418,True,0.6516013116424879,0.05673016123933006,0.4848983441951613
cifar10_gist512,14,60,query_adaptive_R25,25.0,0.14,1.6133838891983032,0.95,round(norm/delta),layer-wise cosine theorem,disabled: no norm-table or radial-layer candidate filter,"per-query, per-layer Eq. I_threshold with Binomial(K, theta/pi)",distance-table hash-bucket lookup with per-layer thresholds; union over L tables without intersecting sphere-layer masks or exact norm-table filter,0.6227320154130547,0.3121666666666667,0.3807018688620364,0.6961307328194456,0.3035838656947413,0.3050464389212066,223.4,450.0,0.4964444444444444,18.00565476190476,17.84474377865812,2.430942649999679,34.572199375,0.4964444444444444,0.6964161343052587,False,0.6516355004625176,0.823427126146064,0.5074578352333452
cifar10_gist512,14,70,query_adaptive_R25,25.0,0.14,1.6133838891983032,0.95,round(norm/delta),layer-wise cosine theorem,disabled: no norm-table or radial-layer candidate filter,"per-query, per-layer Eq. I_threshold with Binomial(K, theta/pi)",distance-table hash-bucket lookup with per-layer thresholds; union over L tables without intersecting sphere-layer masks or exact norm-table filter,0.7399099942128163,0.0992222222222222,0.1380406283957937,0.3262175023765864,0.6737526160680545,0.6741521035180481,54.65,450.0,0.1214444444444444,16.66041666666667,17.84474377865812,2.4454885250001723,34.572199375,0.1214444444444444,0.3262473839319455,False,0.6495510142386725,0.9568052481821057,0.4291345008754259
cifar10_gist512,14,80,query_adaptive_R25,25.0,0.14,1.6133838891983032,0.95,round(norm/delta),layer-wise cosine theorem,disabled: no norm-table or radial-layer candidate filter,"per-query, per-layer Eq. I_threshold with Binomial(K, theta/pi)",distance-table hash-bucket lookup with per-layer thresholds; union over L tables without intersecting sphere-layer masks or exact norm-table filter,0.4533279293782081,0.0371666666666666,0.0529337670162404,0.1652437782790869,0.8347545538271518,0.8348222042028848,17.525,450.0,0.0389444444444444,14.482440476190476,17.84474377865812,2.462821924997627,34.572199375,0.0389444444444444,0.1652454461728482,False,0.6470670637368385,0.9861484350300348,0.3195677525749166
cifar10_gist512,14,90,query_adaptive_R25,25.0,0.14,1.6133838891983032,0.95,round(norm/delta),layer-wise cosine theorem,disabled: no norm-table or radial-layer candidate filter,"per-query, per-layer Eq. I_threshold with Binomial(K, theta/pi)",distance-table hash-bucket lookup with per-layer thresholds; union over L tables without intersecting sphere-layer masks or exact norm-table filter,0.1964285714285714,0.0172222222222222,0.0260004200188181,0.0835561619125133,0.9164438430431188,0.9164684682779584,7.775,450.0,0.0172777777777777,12.00625,17.84474377865812,2.4544427249949763,34.572199375,0.0172777777777777,0.08355615695688123,False,0.648267839006238,0.9938547265254506,0.24314333523730308
cifar10_gist512,14,100,query_adaptive_R25,25.0,0.14,1.6133838891983032,0.95,round(norm/delta),layer-wise cosine theorem,disabled: no norm-table or radial-layer candidate filter,"per-query, per-layer Eq. I_threshold with Binomial(K, theta/pi)",distance-table hash-bucket lookup with per-layer thresholds; union over L tables without intersecting sphere-layer masks or exact norm-table filter,0.05,0.0074444444444444,0.0127386886610821,0.0445142664626813,0.955485734109334,0.9554857383768992,3.35,450.0,0.0074444444444444,7.412797619047619,17.84474377865812,2.6616719000031708,34.572199375,0.0074444444444444,0.04451426589066598,False,0.618571010147974,0.9973521972810623,0.19897881001982567
cifar10_gist512,15,10,query_adaptive_R25,25.0,0.14,1.6133838891983032,0.95,round(norm/delta),layer-wise cosine theorem,disabled: no norm-table or radial-layer candidate filter,"per-query, per-layer Eq. I_threshold with Binomial(K, theta/pi)",distance-table hash-bucket lookup with per-layer thresholds; union over L tables without intersecting sphere-layer masks or exact norm-table filter,0.5125424793713927,0.0593888888888888,0.0964957223336053,0.1904823522627199,0.809476871107045,0.8097231498123956,44.725,450.0,0.0993888888888888,0.0196428571428571,17.84474377865812,1.67032819999946,34.572199375,0.0993888888888888,0.19052312889295497,False,0.7606348107569578,0.9646498577300032,0.35651611963473623
cifar10_gist512,15,20,query_adaptive_R25,25.0,0.14,1.6133838891983032,0.95,round(norm/delta),layer-wise cosine theorem,disabled: no norm-table or radial-layer candidate filter,"per-query, per-layer Eq. I_threshold with Binomial(K, theta/pi)",distance-table hash-bucket lookup with per-layer thresholds; union over L tables without intersecting sphere-layer masks or exact norm-table filter,0.5808282816141785,0.1155,0.1737916314170699,0.3432542142820464,0.6566453125928607,0.6571371284658881,79.725,450.0,0.1771666666666666,2.6552083333333334,17.84474377865812,1.974083325000464,34.572199375,0.1771666666666666,0.34335468740713926,False,0.7171053996032499,0.936986247233639,0.4055373484647274
cifar10_gist512,15,30,query_adaptive_R25,25.0,0.14,1.6133838891983032,0.95,round(norm/delta),layer-wise cosine theorem,disabled: no norm-table or radial-layer candidate filter,"per-query, per-layer Eq. I_threshold with Binomial(K, theta/pi)",distance-table hash-bucket lookup with per-layer thresholds; union over L tables without intersecting sphere-layer masks or exact norm-table filter,0.5665011501960466,0.2257222222222222,0.2909393936898532,0.5071321469923691,0.4926339111956845,0.4936251736981339,168.125,450.0,0.373611111111111,6.555208333333333,17.84474377865812,2.1101384999994366,34.572199375,0.373611111111111,0.5073660888043154,False,0.6976081099621274,0.8671158710085363,0.4535463059342915
cifar10_gist512,15,40,query_adaptive_R25,25.0,0.14,1.6133838891983032,0.95,round(norm/delta),layer-wise cosine theorem,disabled: no norm-table or radial-layer candidate filter,"per-query, per-layer Eq. I_threshold with Binomial(K, theta/pi)",distance-table hash-bucket lookup with per-layer thresholds; union over L tables without intersecting sphere-layer masks or exact norm-table filter,0.5333068188240541,0.4293888888888889,0.4570928463054905,0.7778702714831652,0.2215573190791951,0.223296304841867,357.9,450.0,0.7953333333333333,11.875148809523813,17.84474377865812,2.2811239749998435,34.572199375,0.7953333333333333,0.7784426809208049,False,0.6731051586371739,0.7171198229528929,0.5204102100655057
cifar10_gist512,15,50,query_adaptive_R25,25.0,0.14,1.6133838891983032,0.95,round(norm/delta),layer-wise cosine theorem,disabled: no norm-table or radial-layer candidate filter,"per-query, per-layer Eq. I_threshold with Binomial(K, theta/pi)",distance-table hash-bucket lookup with per-layer thresholds; union over L tables without intersecting sphere-layer masks or exact norm-table filter,0.3436022051556364,0.9145,0.4985620543235975,0.9909413747712318,0.0080044417229366,0.0095985595504098,1207.0,450.0,2.6822222222222223,20.47425595238095,17.84474377865812,2.4648146250001446,34.572199375,2.6822222222222223,0.9919955582770634,True,0.6467815012867719,0.04600063231109719,0.4825364402131714
cifar10_gist512,15,60,query_adaptive_R25,25.0,0.14,1.6133838891983032,0.95,round(norm/delta),layer-wise cosine theorem,disabled: no norm-table or radial-layer candidate filter,"per-query, per-layer Eq. I_threshold with Binomial(K, theta/pi)",distance-table hash-bucket lookup with per-layer thresholds; union over L tables without intersecting sphere-layer masks or exact norm-table filter,0.6259255686556283,0.3140555555555555,0.3833250453490424,0.7024886872284889,0.2972050426603442,0.2986852849391458,225.275,450.0,0.5006111111111111,17.98020833333333,17.84474377865812,2.419047874997915,34.572199375,0.5006111111111111,0.7027949573396558,False,0.653340072695269,0.8219451470123301,0.5094150448337961
cifar10_gist512,15,70,query_adaptive_R25,25.0,0.14,1.6133838891983032,0.95,round(norm/delta),layer-wise cosine theorem,disabled: no norm-table or radial-layer candidate filter,"per-query, per-layer Eq. I_threshold with Binomial(K, theta/pi)",distance-table hash-bucket lookup with per-layer thresholds; union over L tables without intersecting sphere-layer masks or exact norm-table filter,0.7607659511821561,0.0985,0.1373671451713082,0.3263694817073855,0.673600057629697,0.6739908372810206,54.15,450.0,0.1203333333333333,16.631845238095238,17.84474377865812,2.4616832999960536,34.572199375,0.1203333333333333,0.326399942370303,False,0.6472302335791358,0.9572004426177679,0.4339115666771189
cifar10_gist512,15,80,query_adaptive_R25,25.0,0.14,1.6133838891983032,0.95,round(norm/delta),layer-wise cosine theorem,disabled: no norm-table or radial-layer candidate filter,"per-query, per-layer Eq. I_threshold with Binomial(K, theta/pi)",distance-table hash-bucket lookup with per-layer thresholds; union over L tables without intersecting sphere-layer masks or exact norm-table filter,0.4542670143604798,0.0370555555555555,0.0525230469486286,0.1661968877960083,0.8338018789620211,0.8338680316451473,17.45,450.0,0.0387777777777777,14.429315476190476,17.84474377865812,2.439828199997862,34.572199375,0.0387777777777777,0.16619812103797893,False,0.6503621630687979,0.9862077141953841,0.31981019641599856
cifar10_gist512,15,90,query_adaptive_R25,25.0,0.14,1.6133838891983032,0.95,round(norm/delta),layer-wise cosine theorem,disabled: no norm-table or radial-layer candidate filter,"per-query, per-layer Eq. I_threshold with Binomial(K, theta/pi)",distance-table hash-bucket lookup with per-layer thresholds; union over L tables without intersecting sphere-layer masks or exact norm-table filter,0.1964285714285714,0.0174444444444444,0.0262774073977509,0.0835790828732783,0.9164209240208194,0.9164455493186328,7.875,450.0,0.0175,11.959375,17.84474377865812,2.4692136500028994,34.572199375,0.0175,0.08357907597918057,False,0.6461511021518775,0.993775687638318,0.24316703258858613
cifar10_gist512,15,100,query_adaptive_R25,25.0,0.14,1.6133838891983032,0.95,round(norm/delta),layer-wise cosine theorem,disabled: no norm-table or radial-layer candidate filter,"per-query, per-layer Eq. I_threshold with Binomial(K, theta/pi)",distance-table hash-bucket lookup with per-layer thresholds; union over L tables without intersecting sphere-layer masks or exact norm-table filter,0.05,0.0075,0.012831828594518,0.04453549563388,0.9554645076710356,0.9554645119432416,3.375,450.0,0.0075,7.32485119047619,17.84474377865812,2.8129489749993297,34.572199375,0.0075,0.044535492328964366,False,0.5968923570038787,0.9973324375592791,0.1979356234921671
cifar10_gist512,16,10,query_adaptive_R25,25.0,0.14,1.6133838891983032,0.95,round(norm/delta),layer-wise cosine theorem,disabled: no norm-table or radial-layer candidate filter,"per-query, per-layer Eq. I_threshold with Binomial(K, theta/pi)",distance-table hash-bucket lookup with per-layer thresholds; union over L tables without intersecting sphere-layer masks or exact norm-table filter,0.504777795364913,0.0613333333333333,0.0993475787760974,0.1929141045696224,0.807042831632194,0.8073040471798005,46.8,450.0,0.104,0.0160714285714285,17.84474377865812,1.7472239499994655,34.572199375,0.104,0.19295716836780596,False,0.7496153202456062,0.9630098008220045,0.35516500421510994
cifar10_gist512,16,20,query_adaptive_R25,25.0,0.14,1.6133838891983032,0.95,round(norm/delta),layer-wise cosine theorem,disabled: no norm-table or radial-layer candidate filter,"per-query, per-layer Eq. I_threshold with Binomial(K, theta/pi)",distance-table hash-bucket lookup with per-layer thresholds; union over L tables without intersecting sphere-layer masks or exact norm-table filter,0.5815872385406908,0.1137777777777777,0.1754814302944294,0.349667813942051,0.6502289159965239,0.6507524970022283,77.65,450.0,0.1725555555555555,2.619345238095238,17.84474377865812,3.85431869999664,34.572199375,0.1725555555555555,0.3497710840034761,False,0.44765961262703313,0.9386263041416377,0.39274779204637583
cifar10_gist512,16,30,query_adaptive_R25,25.0,0.14,1.6133838891983032,0.95,round(norm/delta),layer-wise cosine theorem,disabled: no norm-table or radial-layer candidate filter,"per-query, per-layer Eq. I_threshold with Binomial(K, theta/pi)",distance-table hash-bucket lookup with per-layer thresholds; union over L tables without intersecting sphere-layer masks or exact norm-table filter,0.5717017008353924,0.2304444444444444,0.2954594035146011,0.5190176916321529,0.4807434452992694,0.4817609148239358,171.275,450.0,0.3806111111111111,6.542708333333333,17.84474377865812,2.1480197749994545,34.572199375,0.3806111111111111,0.5192565547007306,False,0.6921795609146109,0.8646261460638635,0.45672800528315743
cifar10_gist512,16,40,query_adaptive_R25,25.0,0.14,1.6133838891983032,0.95,round(norm/delta),layer-wise cosine theorem,disabled: no norm-table or radial-layer candidate filter,"per-query, per-layer Eq. I_threshold with Binomial(K, theta/pi)",distance-table hash-bucket lookup with per-layer thresholds; union over L tables without intersecting sphere-layer masks or exact norm-table filter,0.5320512978455592,0.4381666666666667,0.4625622211048331,0.7922153401678226,0.2072011646560899,0.2089606818772121,366.475,450.0,0.8143888888888888,11.86889880952381,17.84474377865812,2.2681343750015515,34.572199375,0.8143888888888888,0.7927988353439102,False,0.6749666239837948,0.7103422383812836,0.522842602137797
cifar10_gist512,16,50,query_adaptive_R25,25.0,0.14,1.6133838891983032,0.95,round(norm/delta),layer-wise cosine theorem,disabled: no norm-table or radial-layer candidate filter,"per-query, per-layer Eq. I_threshold with Binomial(K, theta/pi)",distance-table hash-bucket lookup with per-layer thresholds; union over L tables without intersecting sphere-layer masks or exact norm-table filter,0.3413633422624876,0.9186666666666669,0.4968307122350957,0.9917576573024705,0.0072005941670638,0.0087642187427285,1220.45,450.0,2.7121111111111107,20.47425595238095,17.84474377865812,2.4905229749997204,34.572199375,2.7121111111111107,0.9927994058329362,True,0.6430973845588278,0.03536990199178025,0.4804252727079472
cifar10_gist512,16,60,query_adaptive_R25,25.0,0.14,1.6133838891983032,0.95,round(norm/delta),layer-wise cosine theorem,disabled: no norm-table or radial-layer candidate filter,"per-query, per-layer Eq. I_threshold with Binomial(K, theta/pi)",distance-table hash-bucket lookup with per-layer thresholds; union over L tables without intersecting sphere-layer masks or exact norm-table filter,0.6275837987661694,0.3177222222222222,0.3892129500496074,0.7113657202710478,0.2883146766138014,0.2898290444912204,226.275,450.0,0.5028333333333334,17.963541666666668,17.84474377865812,2.50583444999819,34.572199375,0.5028333333333334,0.7116853233861986,False,0.6409031845742978,0.8211547581410054,0.5118832996032151
cifar10_gist512,16,70,query_adaptive_R25,25.0,0.14,1.6133838891983032,0.95,round(norm/delta),layer-wise cosine theorem,disabled: no norm-table or radial-layer candidate filter,"per-query, per-layer Eq. I_threshold with Binomial(K, theta/pi)",distance-table hash-bucket lookup with per-layer thresholds; union over L tables without intersecting sphere-layer masks or exact norm-table filter,0.7573358534209207,0.0995555555555555,0.1388679285047946,0.3298054680658133,0.6701625269517514,0.6705696130450098,54.925,450.0,0.1220555555555555,16.613095238095237,17.84474377865812,2.553510399999226,34.572199375,0.1220555555555555,0.3298374730482486,False,0.6340710166241048,0.9565878912424913,0.4330405839605983
cifar10_gist512,16,80,query_adaptive_R25,25.0,0.14,1.6133838891983032,0.95,round(norm/delta),layer-wise cosine theorem,disabled: no norm-table or radial-layer candidate filter,"per-query, per-layer Eq. I_threshold with Binomial(K, theta/pi)",distance-table hash-bucket lookup with per-layer thresholds; union over L tables without intersecting sphere-layer masks or exact norm-table filter,0.4542753855050866,0.0373333333333333,0.0528869810517211,0.1740994774666636,0.8258992920242662,0.8259664814910324,17.575,450.0,0.0390555555555555,14.382440476190476,17.84474377865812,2.4672790750010165,34.572199375,0.0390555555555555,0.17410070797573385,False,0.6464283350402589,0.9861089155864685,0.31978371050102394
cifar10_gist512,16,90,query_adaptive_R25,25.0,0.14,1.6133838891983032,0.95,round(norm/delta),layer-wise cosine theorem,disabled: no norm-table or radial-layer candidate filter,"per-query, per-layer Eq. I_threshold with Binomial(K, theta/pi)",distance-table hash-bucket lookup with per-layer thresholds; union over L tables without intersecting sphere-layer masks or exact norm-table filter,0.1714285714285714,0.0173333333333333,0.0259634335210527,0.0736416801463071,0.9263583220764244,0.9263593264901854,7.825,450.0,0.0173888888888888,11.884375,17.84474377865812,2.4860604000039643,34.572199375,0.0173888888888888,0.07364167792357557,False,0.6437368906800625,0.9938152070818843,0.23667013685246374
cifar10_gist512,16,100,query_adaptive_R25,25.0,0.14,1.6133838891983032,0.95,round(norm/delta),layer-wise cosine theorem,disabled: no norm-table or radial-layer candidate filter,"per-query, per-layer Eq. I_threshold with Binomial(K, theta/pi)",distance-table hash-bucket lookup with per-layer thresholds; union over L tables without intersecting sphere-layer masks or exact norm-table filter,0.05,0.0075555555555555,0.0129079985652687,0.0445355789879033,0.9554644243170128,0.9554644285892184,3.4,450.0,0.0075555555555555,7.23735119047619,17.84474377865812,6.9781583749986,34.572199375,0.0075555555555555,0.04453557568298716,False,0.0,0.9973126778374961,0.16812581228457957
cifar10_gist512,17,10,query_adaptive_R25,25.0,0.14,1.6133838891983032,0.95,round(norm/delta),layer-wise cosine theorem,disabled: no norm-table or radial-layer candidate filter,"per-query, per-layer Eq. I_threshold with Binomial(K, theta/pi)",distance-table hash-bucket lookup with per-layer thresholds; union over L tables without intersecting sphere-layer masks or exact norm-table filter,0.5076958906445574,0.0564444444444444,0.0956331415183858,0.1782464010085087,0.8217075041599283,0.8219705911670605,43.975,450.0,0.0977222222222222,0.0125,17.84474377865812,1.5992802000006634,34.572199375,0.0977222222222222,0.17829249584007167,False,0.7708162936326328,0.9652426493834967,0.35501167317061944
cifar10_gist512,17,20,query_adaptive_R25,25.0,0.14,1.6133838891983032,0.95,round(norm/delta),layer-wise cosine theorem,disabled: no norm-table or radial-layer candidate filter,"per-query, per-layer Eq. I_threshold with Binomial(K, theta/pi)",distance-table hash-bucket lookup with per-layer thresholds; union over L tables without intersecting sphere-layer masks or exact norm-table filter,0.5782672168068694,0.1175,0.180572119415245,0.3562594518020106,0.643629567296251,0.6441672106560448,80.8,450.0,0.1795555555555555,2.600595238095238,17.84474377865812,2.2400926250014663,34.572199375,0.1795555555555555,0.356370432703749,False,0.6789851269315859,0.9361365791969649,0.40563678922317714
cifar10_gist512,17,30,query_adaptive_R25,25.0,0.14,1.6133838891983032,0.95,round(norm/delta),layer-wise cosine theorem,disabled: no norm-table or radial-layer candidate filter,"per-query, per-layer Eq. I_threshold with Binomial(K, theta/pi)",distance-table hash-bucket lookup with per-layer thresholds; union over L tables without intersecting sphere-layer masks or exact norm-table filter,0.5694570690252745,0.235,0.2997935844650586,0.5252515950994733,0.4744993265450176,0.4755324932268331,175.575,450.0,0.3901666666666666,6.529166666666667,17.84474377865812,2.20338960000106,34.572199375,0.3901666666666666,0.5255006734549824,False,0.6842448277047736,0.8612274739171673,0.45768838429190295
cifar10_gist512,17,40,query_adaptive_R25,25.0,0.14,1.6133838891983032,0.95,round(norm/delta),layer-wise cosine theorem,disabled: no norm-table or radial-layer candidate filter,"per-query, per-layer Eq. I_threshold with Binomial(K, theta/pi)",distance-table hash-bucket lookup with per-layer thresholds; union over L tables without intersecting sphere-layer masks or exact norm-table filter,0.5324568560319562,0.4354444444444444,0.4624558266788233,0.7923830549687603,0.2070774065771523,0.2088170999484813,363.6,450.0,0.808,11.85639880952381,17.84474377865812,2.3321915750017297,34.572199375,0.808,0.7929225934228477,False,0.6657869527069601,0.7126146063863421,0.5222441808277654
cifar10_gist512,17,50,query_adaptive_R25,25.0,0.14,1.6133838891983032,0.95,round(norm/delta),layer-wise cosine theorem,disabled: no norm-table or radial-layer candidate filter,"per-query, per-layer Eq. I_threshold with Binomial(K, theta/pi)",distance-table hash-bucket lookup with per-layer thresholds; union over L tables without intersecting sphere-layer masks or exact norm-table filter,0.3394123409511618,0.922388888888889,0.4953294684800051,0.9924758199139966,0.0065230878706236,0.0080368369558596,1232.3,450.0,2.7384444444444447,20.47425595238095,17.84474377865812,2.5584843499977694,34.572199375,2.7384444444444447,0.9934769121293764,True,0.6333582282734758,0.02600379386658247,0.4782646574772313
cifar10_gist512,17,60,query_adaptive_R25,25.0,0.14,1.6133838891983032,0.95,round(norm/delta),layer-wise cosine theorem,disabled: no norm-table or radial-layer candidate filter,"per-query, per-layer Eq. I_threshold with Binomial(K, theta/pi)",distance-table hash-bucket lookup with per-layer thresholds; union over L tables without intersecting sphere-layer masks or exact norm-table filter,0.6265726121992113,0.3181666666666666,0.3902311595167259,0.7097420083152269,0.2899698164199808,0.2913669639137819,226.65,450.0,0.5036666666666667,17.95,17.84474377865812,2.53956469999892,34.572199375,0.5036666666666667,0.7100301835800191,False,0.6360694951983761,0.8208583623142587,0.5117896213210479
cifar10_gist512,17,70,query_adaptive_R25,25.0,0.14,1.6133838891983032,0.95,round(norm/delta),layer-wise cosine theorem,disabled: no norm-table or radial-layer candidate filter,"per-query, per-layer Eq. I_threshold with Binomial(K, theta/pi)",distance-table hash-bucket lookup with per-layer thresholds; union over L tables without intersecting sphere-layer masks or exact norm-table filter,0.7791700383534239,0.0998333333333333,0.1396787615106045,0.333698808843908,0.666272204773021,0.6666900758827338,55.0,450.0,0.1222222222222222,16.58809523809524,17.84474377865812,2.5718000000004797,34.572199375,0.1222222222222222,0.33372779522697904,False,0.6314500385639361,0.956528612077142,0.4386985365235023
cifar10_gist512,17,80,query_adaptive_R25,25.0,0.14,1.6133838891983032,0.95,round(norm/delta),layer-wise cosine theorem,disabled: no norm-table or radial-layer candidate filter,"per-query, per-layer Eq. I_threshold with Binomial(K, theta/pi)",distance-table hash-bucket lookup with per-layer thresholds; union over L tables without intersecting sphere-layer masks or exact norm-table filter,0.4540129697712418,0.0368333333333333,0.0519249503553915,0.1715010251855162,0.8284977447045115,0.8285577399922698,17.375,450.0,0.0386111111111111,14.344940476190477,17.84474377865812,2.5395677250031667,34.572199375,0.0386111111111111,0.17150225529548846,False,0.6360690617023039,0.9862669933607335,0.3187871438230893
cifar10_gist512,17,90,query_adaptive_R25,25.0,0.14,1.6133838891983032,0.95,round(norm/delta),layer-wise cosine theorem,disabled: no norm-table or radial-layer candidate filter,"per-query, per-layer Eq. I_threshold with Binomial(K, theta/pi)",distance-table hash-bucket lookup with per-layer thresholds; union over L tables without intersecting sphere-layer masks or exact norm-table filter,0.175,0.0171666666666666,0.0256381042066357,0.0727691659218674,0.927230837955064,0.927231834979112,7.725,450.0,0.0171666666666666,11.827083333333334,17.84474377865812,2.513538499997736,34.572199375,0.0171666666666666,0.072769162044936,False,0.6397991611936953,0.9938942459690168,0.2372307647606931
cifar10_gist512,17,100,query_adaptive_R25,25.0,0.14,1.6133838891983032,0.95,round(norm/delta),layer-wise cosine theorem,disabled: no norm-table or radial-layer candidate filter,"per-query, per-layer Eq. I_threshold with Binomial(K, theta/pi)",distance-table hash-bucket lookup with per-layer thresholds; union over L tables without intersecting sphere-layer masks or exact norm-table filter,0.05,0.0076111111111111,0.013000760649076,0.04454283483877,0.9554571643667952,0.9554571686405884,3.425,450.0,0.0076111111111111,7.115625,17.84474377865812,2.902959374999625,34.572199375,0.0076111111111111,0.044542835633204825,False,0.5839934809447188,0.997292918115713,0.1973661002139917
cifar10_gist512,18,10,query_adaptive_R25,25.0,0.14,1.6133838891983032,0.95,round(norm/delta),layer-wise cosine theorem,disabled: no norm-table or radial-layer candidate filter,"per-query, per-layer Eq. I_threshold with Binomial(K, theta/pi)",distance-table hash-bucket lookup with per-layer thresholds; union over L tables without intersecting sphere-layer masks or exact norm-table filter,0.5074912779524434,0.0578333333333333,0.0976889253200762,0.1821946248380092,0.8177572532944952,0.818029294539125,45.225,450.0,0.1004999999999999,0.0125,17.84474377865812,1.6073457999993934,34.572199375,0.1004999999999999,0.18224274670550478,False,0.7696604585877265,0.9642546632943408,0.35575183244034164
cifar10_gist512,18,20,query_adaptive_R25,25.0,0.14,1.6133838891983032,0.95,round(norm/delta),layer-wise cosine theorem,disabled: no norm-table or radial-layer candidate filter,"per-query, per-layer Eq. I_threshold with Binomial(K, theta/pi)",distance-table hash-bucket lookup with per-layer thresholds; union over L tables without intersecting sphere-layer masks or exact norm-table filter,0.5770056761794077,0.1202777777777777,0.1842518146609766,0.3591276580159342,0.6407604645328029,0.6413250265431699,82.85,450.0,0.1841111111111111,2.594345238095238,17.84474377865812,2.209533250000817,34.572199375,0.1841111111111111,0.3592395354671971,False,0.6833644163312271,0.9345162820107493,0.407140772849923
cifar10_gist512,18,30,query_adaptive_R25,25.0,0.14,1.6133838891983032,0.95,round(norm/delta),layer-wise cosine theorem,disabled: no norm-table or radial-layer candidate filter,"per-query, per-layer Eq. I_threshold with Binomial(K, theta/pi)",distance-table hash-bucket lookup with per-layer thresholds; union over L tables without intersecting sphere-layer masks or exact norm-table filter,0.567200164009709,0.2362222222222222,0.301426274643816,0.5253178776137992,0.4744321531637095,0.4754669550074522,176.7,450.0,0.3926666666666666,6.516666666666668,17.84474377865812,2.217085399999519,34.572199375,0.3926666666666666,0.5255678468362905,False,0.6822821608717122,0.860338286436927,0.45770853258133193
cifar10_gist512,18,40,query_adaptive_R25,25.0,0.14,1.6133838891983032,0.95,round(norm/delta),layer-wise cosine theorem,disabled: no norm-table or radial-layer candidate filter,"per-query, per-layer Eq. I_threshold with Binomial(K, theta/pi)",distance-table hash-bucket lookup with per-layer thresholds; union over L tables without intersecting sphere-layer masks or exact norm-table filter,0.5328182146312553,0.4387777777777778,0.4650211775521528,0.8049464501070733,0.1945034451865016,0.1962688719567808,366.725,450.0,0.8149444444444445,11.84702380952381,17.84474377865812,2.3333614999991426,34.572199375,0.8149444444444445,0.8054965548134985,False,0.665619297441123,0.7101446411634524,0.5235201824031969
cifar10_gist512,18,50,query_adaptive_R25,25.0,0.14,1.6133838891983032,0.95,round(norm/delta),layer-wise cosine theorem,disabled: no norm-table or radial-layer candidate filter,"per-query, per-layer Eq. I_threshold with Binomial(K, theta/pi)",distance-table hash-bucket lookup with per-layer thresholds; union over L tables without intersecting sphere-layer masks or exact norm-table filter,0.3374173200104671,0.9255555555555556,0.493662299815948,0.9926784331029244,0.0063126817206469,0.0078164366235284,1243.875,450.0,2.7641666666666667,20.47425595238095,17.84474377865812,2.610063450001121,34.572199375,2.7641666666666667,0.9936873182793531,True,0.6259667222010212,0.016855042680999244,0.4760738385615106
cifar10_gist512,18,60,query_adaptive_R25,25.0,0.14,1.6133838891983032,0.95,round(norm/delta),layer-wise cosine theorem,disabled: no norm-table or radial-layer candidate filter,"per-query, per-layer Eq. I_threshold with Binomial(K, theta/pi)",distance-table hash-bucket lookup with per-layer thresholds; union over L tables without intersecting sphere-layer masks or exact norm-table filter,0.6239063554720028,0.322611111111111,0.3940246254472211,0.7128858768656596,0.2868206487947227,0.2882249770631994,230.95,450.0,0.5132222222222222,17.940625,17.84474377865812,2.5989217749994964,34.572199375,0.5132222222222222,0.7131793512052773,False,0.6275633719763465,0.8174596901675625,0.512404552120702
cifar10_gist512,18,70,query_adaptive_R25,25.0,0.14,1.6133838891983032,0.95,round(norm/delta),layer-wise cosine theorem,disabled: no norm-table or radial-layer candidate filter,"per-query, per-layer Eq. I_threshold with Binomial(K, theta/pi)",distance-table hash-bucket lookup with per-layer thresholds; union over L tables without intersecting sphere-layer masks or exact norm-table filter,0.7778981419100903,0.0991111111111111,0.1382617634898015,0.3332512454910812,0.666719295504007,0.6671358573890511,54.7,450.0,0.1215555555555555,16.547470238095237,17.84474377865812,2.907725074998524,34.572199375,0.1215555555555555,0.333280704495993,False,0.5833105357114932,0.9567657287385394,0.43536876101753086
cifar10_gist512,18,80,query_adaptive_R25,25.0,0.14,1.6133838891983032,0.95,round(norm/delta),layer-wise cosine theorem,disabled: no norm-table or radial-layer candidate filter,"per-query, per-layer Eq. I_threshold with Binomial(K, theta/pi)",distance-table hash-bucket lookup with per-layer thresholds; union over L tables without intersecting sphere-layer masks or exact norm-table filter,0.4545391920966139,0.0359444444444444,0.0513996850511443,0.1714951074575979,0.8285036577610636,0.8285636530417543,16.8,450.0,0.0373333333333333,14.31577380952381,17.84474377865812,2.4839157000002388,34.572199375,0.0373333333333333,0.1714963422389364,False,0.6440442353816973,0.9867214669617452,0.3190240084942896
cifar10_gist512,18,90,query_adaptive_R25,25.0,0.14,1.6133838891983032,0.95,round(norm/delta),layer-wise cosine theorem,disabled: no norm-table or radial-layer candidate filter,"per-query, per-layer Eq. I_threshold with Binomial(K, theta/pi)",distance-table hash-bucket lookup with per-layer thresholds; union over L tables without intersecting sphere-layer masks or exact norm-table filter,0.2,0.0172222222222222,0.0257489689516467,0.0728417913244394,0.927158212552492,0.9271592142415525,7.75,450.0,0.0172222222222222,11.789583333333336,17.84474377865812,2.5239927250012784,34.572199375,0.0172222222222222,0.07284178744750802,False,0.6383010259491588,0.9938744862472336,0.24345280781206377
cifar10_gist512,18,100,query_adaptive_R25,25.0,0.14,1.6133838891983032,0.95,round(norm/delta),layer-wise cosine theorem,disabled: no norm-table or radial-layer candidate filter,"per-query, per-layer Eq. I_threshold with Binomial(K, theta/pi)",distance-table hash-bucket lookup with per-layer thresholds; union over L tables without intersecting sphere-layer masks or exact norm-table filter,0.05,0.0071111111111111,0.0121521025765574,0.0432439405156602,0.9567560655221564,0.956756069511968,3.2,450.0,0.0071111111111111,7.005803571428572,17.84474377865812,3.30598122500092,34.572199375,0.0071111111111111,0.04324393447784358,False,0.5262387226914174,0.997470755611761,0.19410800760035232
cifar10_gist512,19,10,query_adaptive_R25,25.0,0.14,1.6133838891983032,0.95,round(norm/delta),layer-wise cosine theorem,disabled: no norm-table or radial-layer candidate filter,"per-query, per-layer Eq. I_threshold with Binomial(K, theta/pi)",distance-table hash-bucket lookup with per-layer thresholds; union over L tables without intersecting sphere-layer masks or exact norm-table filter,0.5084161564438082,0.0591666666666666,0.0998997787008696,0.1825492344877127,0.8174017767238586,0.8176748643329027,46.375,450.0,0.1030555555555555,0.0083333333333333,17.84474377865812,1.6720469000006233,34.572199375,0.1030555555555555,0.1825982232761414,False,0.7603885136813109,0.9633457160923175,0.3564235780875029
cifar10_gist512,19,20,query_adaptive_R25,25.0,0.14,1.6133838891983032,0.95,round(norm/delta),layer-wise cosine theorem,disabled: no norm-table or radial-layer candidate filter,"per-query, per-layer Eq. I_threshold with Binomial(K, theta/pi)",distance-table hash-bucket lookup with per-layer thresholds; union over L tables without intersecting sphere-layer masks or exact norm-table filter,0.5838094925488038,0.1238333333333333,0.1892851789393756,0.3646527274091413,0.6352318517470594,0.6358192628693822,85.175,450.0,0.1892777777777777,2.584970238095238,17.84474377865812,2.100131200001698,34.572199375,0.1892777777777777,0.36476814825294057,False,0.6990421989380372,0.9326786278849194,0.4118227565622888
cifar10_gist512,19,30,query_adaptive_R25,25.0,0.14,1.6133838891983032,0.95,round(norm/delta),layer-wise cosine theorem,disabled: no norm-table or radial-layer candidate filter,"per-query, per-layer Eq. I_threshold with Binomial(K, theta/pi)",distance-table hash-bucket lookup with per-layer thresholds; union over L tables without intersecting sphere-layer masks or exact norm-table filter,0.5663733431864449,0.2404444444444444,0.3058785624014638,0.5307096294571455,0.4690315854725234,0.4700888635856494,180.6,450.0,0.4013333333333334,6.507291666666667,17.84474377865812,2.2645437999990747,34.572199375,0.4013333333333334,0.5309684145274767,False,0.6754811687690409,0.8572557698387606,0.4591021454402786
cifar10_gist512,19,40,query_adaptive_R25,25.0,0.14,1.6133838891983032,0.95,round(norm/delta),layer-wise cosine theorem,disabled: no norm-table or radial-layer candidate filter,"per-query, per-layer Eq. I_threshold with Binomial(K, theta/pi)",distance-table hash-bucket lookup with per-layer thresholds; union over L tables without intersecting sphere-layer masks or exact norm-table filter,0.5330633760291551,0.4439999999999999,0.4696370173111068,0.8105429591164363,0.1888949152403533,0.1906757748913324,371.675,450.0,0.8259444444444444,11.828273809523813,17.84474377865812,2.3802352749996203,34.572199375,0.8259444444444444,0.8111050847596467,False,0.658902084606227,0.7062322162503953,0.5253187367340468
cifar10_gist512,19,50,query_adaptive_R25,25.0,0.14,1.6133838891983032,0.95,round(norm/delta),layer-wise cosine theorem,disabled: no norm-table or radial-layer candidate filter,"per-query, per-layer Eq. I_threshold with Binomial(K, theta/pi)",distance-table hash-bucket lookup with per-layer thresholds; union over L tables without intersecting sphere-layer masks or exact norm-table filter,0.3351800318680982,0.929,0.4917713989119529,0.993407725087146,0.0056090938714463,0.0070726723760734,1256.575,450.0,2.792388888888889,20.47425595238095,17.84474377865812,2.619001099998286,34.572199375,2.792388888888889,0.9943909061285537,True,0.6246859186541733,0.006817104015175546,0.47397185912119305
cifar10_gist512,19,60,query_adaptive_R25,25.0,0.14,1.6133838891983032,0.95,round(norm/delta),layer-wise cosine theorem,disabled: no norm-table or radial-layer candidate filter,"per-query, per-layer Eq. I_threshold with Binomial(K, theta/pi)",distance-table hash-bucket lookup with per-layer thresholds; union over L tables without intersecting sphere-layer masks or exact norm-table filter,0.6213109275595082,0.3276666666666666,0.3985130348435982,0.7204815121862543,0.2792111688303041,0.2806412055098345,235.525,450.0,0.5233888888888889,17.940625,17.84474377865812,2.543222925001487,34.572199375,0.5233888888888889,0.7207888311696959,False,0.6355452558782033,0.8138436610812521,0.5141944393745677
cifar10_gist512,19,70,query_adaptive_R25,25.0,0.14,1.6133838891983032,0.95,round(norm/delta),layer-wise cosine theorem,disabled: no norm-table or radial-layer candidate filter,"per-query, per-layer Eq. I_threshold with Binomial(K, theta/pi)",distance-table hash-bucket lookup with per-layer thresholds; union over L tables without intersecting sphere-layer masks or exact norm-table filter,0.7723738944421132,0.1003888888888888,0.1400293011258487,0.347339903350894,0.6526302039827553,0.65305391609851,55.55,450.0,0.1234444444444444,16.534970238095237,17.84474377865812,2.590710325001311,34.572199375,0.1234444444444444,0.3473697960172447,False,0.6287401079512143,0.9560938981979133,0.4370325969096009
cifar10_gist512,19,80,query_adaptive_R25,25.0,0.14,1.6133838891983032,0.95,round(norm/delta),layer-wise cosine theorem,disabled: no norm-table or radial-layer candidate filter,"per-query, per-layer Eq. I_threshold with Binomial(K, theta/pi)",distance-table hash-bucket lookup with per-layer thresholds; union over L tables without intersecting sphere-layer masks or exact norm-table filter,0.504477676938758,0.0362222222222222,0.0517740451934985,0.1721841341000058,0.8278146298905773,0.8278768087235466,16.95,450.0,0.0376666666666666,14.292857142857144,17.84474377865812,2.499538574997473,34.572199375,0.0376666666666666,0.1721853701094227,False,0.6418054104428412,0.9866029086310465,0.33156548631365745
cifar10_gist512,19,90,query_adaptive_R25,25.0,0.14,1.6133838891983032,0.95,round(norm/delta),layer-wise cosine theorem,disabled: no norm-table or radial-layer candidate filter,"per-query, per-layer Eq. I_threshold with Binomial(K, theta/pi)",distance-table hash-bucket lookup with per-layer thresholds; union over L tables without intersecting sphere-layer masks or exact norm-table filter,0.175,0.0172222222222222,0.0257092153739334,0.0727691659218674,0.9272308406879644,0.9272318377120122,7.75,450.0,0.0172222222222222,11.742708333333336,17.84474377865812,2.6518125000002613,34.572199375,0.0172222222222222,0.07276915931203565,False,0.6199839044208002,0.9938744862472336,0.23627303798344618
cifar10_gist512,19,100,query_adaptive_R25,25.0,0.14,1.6133838891983032,0.95,round(norm/delta),layer-wise cosine theorem,disabled: no norm-table or radial-layer candidate filter,"per-query, per-layer Eq. I_threshold with Binomial(K, theta/pi)",distance-table hash-bucket lookup with per-layer thresholds; union over L tables without intersecting sphere-layer masks or exact norm-table filter,0.05,0.0072222222222222,0.012343409586046,0.0440003499872375,0.9559996560505788,0.955999660205766,3.25,450.0,0.0072222222222222,6.923511904761905,17.84474377865812,3.1414614749962766,34.572199375,0.0072222222222222,0.044000343949421206,False,0.5498151079156459,0.9974312361681947,0.19537007862057204
cifar10_gist512,20,10,query_adaptive_R25,25.0,0.14,1.6133838891983032,0.95,round(norm/delta),layer-wise cosine theorem,disabled: no norm-table or radial-layer candidate filter,"per-query, per-layer Eq. I_threshold with Binomial(K, theta/pi)",distance-table hash-bucket lookup with per-layer thresholds; union over L tables without intersecting sphere-layer masks or exact norm-table filter,0.5066015488849226,0.0607777777777777,0.1023683897485761,0.183281657044651,0.8166684775293535,0.8169441672152127,47.825,450.0,0.1062777777777777,0.0083333333333333,17.84474377865812,1.6797331999988785,34.572199375,0.1062777777777777,0.18333152247064655,False,0.7592870339519608,0.9621996522288967,0.3569291787207204
cifar10_gist512,20,20,query_adaptive_R25,25.0,0.14,1.6133838891983032,0.95,round(norm/delta),layer-wise cosine theorem,disabled: no norm-table or radial-layer candidate filter,"per-query, per-layer Eq. I_threshold with Binomial(K, theta/pi)",distance-table hash-bucket lookup with per-layer thresholds; union over L tables without intersecting sphere-layer masks or exact norm-table filter,0.5869515963299253,0.1242222222222222,0.189360673075568,0.3665112636552868,0.6333719315483897,0.6339649720734686,85.1,450.0,0.1891111111111111,2.5532738095238097,17.84474377865812,2.113583299996691,34.572199375,0.1891111111111111,0.36662806845161033,False,0.6971144553598477,0.9327379070502687,0.4126249879289073
cifar10_gist512,20,30,query_adaptive_R25,25.0,0.14,1.6133838891983032,0.95,round(norm/delta),layer-wise cosine theorem,disabled: no norm-table or radial-layer candidate filter,"per-query, per-layer Eq. I_threshold with Binomial(K, theta/pi)",distance-table hash-bucket lookup with per-layer thresholds; union over L tables without intersecting sphere-layer masks or exact norm-table filter,0.5662152524334927,0.2416666666666667,0.305637383169495,0.5306100075423561,0.4691289404264602,0.470179513527903,181.7,450.0,0.4037777777777777,6.488541666666667,17.84474377865812,2.272740525000927,34.572199375,0.4037777777777777,0.5308710595735397,False,0.6743065429492516,0.8563863420803035,0.45903350901053785
cifar10_gist512,20,40,query_adaptive_R25,25.0,0.14,1.6133838891983032,0.95,round(norm/delta),layer-wise cosine theorem,disabled: no norm-table or radial-layer candidate filter,"per-query, per-layer Eq. I_threshold with Binomial(K, theta/pi)",distance-table hash-bucket lookup with per-layer thresholds; union over L tables without intersecting sphere-layer masks or exact norm-table filter,0.5316705358676215,0.4495555555555556,0.4726475934926289,0.8179265979027995,0.1814998133798738,0.1833711052657861,377.625,450.0,0.8391666666666667,11.82514880952381,17.84474377865812,2.454686425000574,34.572199375,0.8391666666666667,0.8185001866201262,False,0.6482329157510607,0.7015294024660133,0.5258964589578916
cifar10_gist512,20,50,query_adaptive_R25,25.0,0.14,1.6133838891983032,0.95,round(norm/delta),layer-wise cosine theorem,disabled: no norm-table or radial-layer candidate filter,"per-query, per-layer Eq. I_threshold with Binomial(K, theta/pi)",distance-table hash-bucket lookup with per-layer thresholds; union over L tables without intersecting sphere-layer masks or exact norm-table filter,0.3335836595726171,0.9309999999999998,0.4903418425940968,0.9935437826162696,0.005540261555411,0.0069151129449964,1265.2,450.0,2.811555555555556,20.47425595238095,17.84474377865812,2.645248974999248,34.572199375,2.811555555555556,0.994459738444589,True,0.6209244856813989,0.0,0.47226178408515807
cifar10_gist512,20,60,query_adaptive_R25,25.0,0.14,1.6133838891983032,0.95,round(norm/delta),layer-wise cosine theorem,disabled: no norm-table or radial-layer candidate filter,"per-query, per-layer Eq. I_threshold with Binomial(K, theta/pi)",distance-table hash-bucket lookup with per-layer thresholds; union over L tables without intersecting sphere-layer masks or exact norm-table filter,0.6197569171585393,0.3298888888888889,0.3996839604255058,0.7260982306234973,0.273589243249059,0.2751388487659209,237.525,450.0,0.5278333333333334,17.928125,17.84474377865812,2.57164480000256,34.572199375,0.5278333333333334,0.726410756750941,False,0.6314722793887468,0.8122628833386026,0.5142194396865674
cifar10_gist512,20,70,query_adaptive_R25,25.0,0.14,1.6133838891983032,0.95,round(norm/delta),layer-wise cosine theorem,disabled: no norm-table or radial-layer candidate filter,"per-query, per-layer Eq. I_threshold with Binomial(K, theta/pi)",distance-table hash-bucket lookup with per-layer thresholds; union over L tables without intersecting sphere-layer masks or exact norm-table filter,0.7712063564619681,0.0996111111111111,0.1398214365648111,0.3467022825396636,0.6532660348375428,0.653690029816194,55.225,450.0,0.1227222222222222,16.51577380952381,17.84474377865812,2.6560312750014248,34.572199375,0.1227222222222222,0.34673396516245725,False,0.6193793358835944,0.956350774581094,0.4360828971167419
cifar10_gist512,20,80,query_adaptive_R25,25.0,0.14,1.6133838891983032,0.95,round(norm/delta),layer-wise cosine theorem,disabled: no norm-table or radial-layer candidate filter,"per-query, per-layer Eq. I_threshold with Binomial(K, theta/pi)",distance-table hash-bucket lookup with per-layer thresholds; union over L tables without intersecting sphere-layer masks or exact norm-table filter,0.5046145054966391,0.0364444444444444,0.052189365547214,0.1760028248729073,0.8239959403457542,0.8240702371174031,17.05,450.0,0.0378888888888888,14.277232142857144,17.84474377865812,2.633125975000894,34.572199375,0.0378888888888888,0.17600405965424581,False,0.6226617635342186,0.986523869743914,0.3308204618428716
cifar10_gist512,20,90,query_adaptive_R25,25.0,0.14,1.6133838891983032,0.95,round(norm/delta),layer-wise cosine theorem,disabled: no norm-table or radial-layer candidate filter,"per-query, per-layer Eq. I_threshold with Binomial(K, theta/pi)",distance-table hash-bucket lookup with per-layer thresholds; union over L tables without intersecting sphere-layer masks or exact norm-table filter,0.175,0.0172222222222222,0.0257092153739334,0.0727691659218674,0.9272308406879644,0.9272318377120122,7.75,450.0,0.0172222222222222,11.710416666666664,17.84474377865812,2.697293725002225,34.572199375,0.0172222222222222,0.07276915931203565,False,0.6134662499684573,0.9938744862472336,0.23594715526082902
cifar10_gist512,20,100,query_adaptive_R25,25.0,0.14,1.6133838891983032,0.95,round(norm/delta),layer-wise cosine theorem,disabled: no norm-table or radial-layer candidate filter,"per-query, per-layer Eq. I_threshold with Binomial(K, theta/pi)",distance-table hash-bucket lookup with per-layer thresholds; union over L tables without intersecting sphere-layer masks or exact norm-table filter,0.05,0.0065,0.0113308223477616,0.0439997529398154,0.9560002511595354,0.9560002553147224,2.925,450.0,0.0065,6.84702380952381,17.84474377865812,2.876719775002812,34.572199375,0.0065,0.04399974884046465,False,0.5877537280739362,0.9976881125513752,0.19680669110811966
isolet,2,10,query_adaptive_R25,25.0,0.14,3.3612990379333496,0.95,round(norm/delta),layer-wise cosine theorem,disabled: no norm-table or radial-layer candidate filter,"per-query, per-layer Eq. I_threshold with Binomial(K, theta/pi)",distance-table hash-bucket lookup with per-layer thresholds; union over L tables without intersecting sphere-layer masks or exact norm-table filter,0.4300390487045037,0.3722179108154718,0.3695578225561743,0.6585234273359942,0.3414705408523611,0.3414826133818127,408.95,450.025,0.9087562207440256,1.415,15.815579646800566,1.0519416499999323,38.155421292,0.9087562207440256,0.6585294591476389,False,0.7413737220991847,0.6594644255297071,0.44728693216829657
isolet,2,20,query_adaptive_R25,25.0,0.14,3.3612990379333496,0.95,round(norm/delta),layer-wise cosine theorem,disabled: no norm-table or radial-layer candidate filter,"per-query, per-layer Eq. I_threshold with Binomial(K, theta/pi)",distance-table hash-bucket lookup with per-layer thresholds; union over L tables without intersecting sphere-layer masks or exact norm-table filter,0.4797095880653115,0.3664975363389997,0.37492630821499,0.7080729520264138,0.291924297102118,0.2919353480040116,360.625,450.025,0.8013842079329884,3.985,15.815579646800566,1.6964665750000665,38.155421292,0.8013842079329884,0.708075702897882,False,0.5829133337619633,0.6996996274793589,0.4585517229693763
isolet,2,30,query_adaptive_R25,25.0,0.14,3.3612990379333496,0.95,round(norm/delta),layer-wise cosine theorem,disabled: no norm-table or radial-layer candidate filter,"per-query, per-layer Eq. I_threshold with Binomial(K, theta/pi)",distance-table hash-bucket lookup with per-layer thresholds; union over L tables without intersecting sphere-layer masks or exact norm-table filter,0.5013459246406253,0.412050135501355,0.4092691141433699,0.8251540292583932,0.1748428697388951,0.1748553264578838,406.1,450.025,0.9024368070953436,7.515000000000001,15.815579646800566,2.218419799999616,38.155421292,0.9024368070953436,0.8251571302611049,False,0.45458794630347754,0.6618324810192282,0.4729949676786649
isolet,2,40,query_adaptive_R25,25.0,0.14,3.3612990379333496,0.95,round(norm/delta),layer-wise cosine theorem,disabled: no norm-table or radial-layer candidate filter,"per-query, per-layer Eq. I_threshold with Binomial(K, theta/pi)",distance-table hash-bucket lookup with per-layer thresholds; union over L tables without intersecting sphere-layer masks or exact norm-table filter,0.4667353645583857,0.5305941118502094,0.4677711877833424,0.9280872419439812,0.071907135263061,0.0719215183669076,555.4,450.025,1.23420054200542,12.465,15.815579646800566,2.503227099999528,38.155421292,1.23420054200542,0.928092864736939,False,0.3845663325400497,0.537511621940525,0.4863776391518894
isolet,2,50,query_adaptive_R25,25.0,0.14,3.3612990379333496,0.95,round(norm/delta),layer-wise cosine theorem,disabled: no norm-table or radial-layer candidate filter,"per-query, per-layer Eq. I_threshold with Binomial(K, theta/pi)",distance-table hash-bucket lookup with per-layer thresholds; union over L tables without intersecting sphere-layer masks or exact norm-table filter,0.4000205003468052,0.671630327666913,0.4973987867533829,0.9586256710699091,0.0413655954634736,0.0413815547406079,772.1,450.025,1.715720620842572,19.19,15.815579646800566,2.7981696999992423,38.155421292,1.715720620842572,0.9586344045365264,False,0.3120528933846365,0.35707300383506735,0.47758436122825987
isolet,2,60,query_adaptive_R25,25.0,0.14,3.3612990379333496,0.95,round(norm/delta),layer-wise cosine theorem,disabled: no norm-table or radial-layer candidate filter,"per-query, per-layer Eq. I_threshold with Binomial(K, theta/pi)",distance-table hash-bucket lookup with per-layer thresholds; union over L tables without intersecting sphere-layer masks or exact norm-table filter,0.5285493437968064,0.4826542251786154,0.4593181995006309,0.8777479662207284,0.1222482417185015,0.1222620843521676,469.85,450.025,1.0440976841586598,18.130000000000003,15.815579646800566,4.067419825000762,38.155421292,1.0440976841586598,0.8777517582814985,False,0.0,0.6087483127356528,0.48074179772049336
isolet,2,70,query_adaptive_R25,25.0,0.14,3.3612990379333496,0.95,round(norm/delta),layer-wise cosine theorem,disabled: no norm-table or radial-layer candidate filter,"per-query, per-layer Eq. I_threshold with Binomial(K, theta/pi)",distance-table hash-bucket lookup with per-layer thresholds; union over L tables without intersecting sphere-layer masks or exact norm-table filter,0.6166480626337243,0.3654945799457995,0.3883600131901465,0.817673191863895,0.1823250001463456,0.1823368083400042,325.8,450.025,0.7239945799457995,17.395000000000003,15.815579646800566,3.37620525000073,38.155421292,0.7239945799457995,0.8176749998536544,False,0.16993932388081,0.7286996176011133,0.48098884509834977
isolet,2,80,query_adaptive_R25,25.0,0.14,3.3612990379333496,0.95,round(norm/delta),layer-wise cosine theorem,disabled: no norm-table or radial-layer candidate filter,"per-query, per-layer Eq. I_threshold with Binomial(K, theta/pi)",distance-table hash-bucket lookup with per-layer thresholds; union over L tables without intersecting sphere-layer masks or exact norm-table filter,0.7301882089442306,0.2395549396403055,0.2949130751998382,0.6582311599307162,0.3417682429944931,0.3417783511650835,178.9,450.025,0.3975549396403054,15.789999999999996,15.815579646800566,3.43155307500016,38.155421292,0.3975549396403054,0.658231757005507,False,0.15633172314600763,0.8510253941996974,0.46914801177131715
isolet,2,90,query_adaptive_R25,25.0,0.14,3.3612990379333496,0.95,round(norm/delta),layer-wise cosine theorem,disabled: no norm-table or radial-layer candidate filter,"per-query, per-layer Eq. I_threshold with Binomial(K, theta/pi)",distance-table hash-bucket lookup with per-layer thresholds; union over L tables without intersecting sphere-layer masks or exact norm-table filter,0.7390697695524213,0.1468332101502833,0.2035481081779775,0.5129764294916643,0.4870233110929843,0.4870313284910595,94.225,450.025,0.2093887657058388,14.389999999999995,15.815579646800566,3.6360918000003295,38.155421292,0.2093887657058388,0.5129766889070158,False,0.10604462867325282,0.9215363570673724,0.4289086072742226
isolet,2,100,query_adaptive_R25,25.0,0.14,3.3612990379333496,0.95,round(norm/delta),layer-wise cosine theorem,disabled: no norm-table or radial-layer candidate filter,"per-query, per-layer Eq. I_threshold with Binomial(K, theta/pi)",distance-table hash-bucket lookup with per-layer thresholds; union over L tables without intersecting sphere-layer masks or exact norm-table filter,0.5387062032603248,0.0514444444444444,0.0859523698514413,0.2718954376707659,0.7281045272335025,0.7281054987966036,26.2,450.025,0.0582222222222222,10.825,15.815579646800566,3.7789040999994574,38.155421292,0.0582222222222222,0.2718954727664975,False,0.0709333526939896,0.9781825560708143,0.32532282019729614
isolet,3,10,query_adaptive_R25,25.0,0.14,3.3612990379333496,0.95,round(norm/delta),layer-wise cosine theorem,disabled: no norm-table or radial-layer candidate filter,"per-query, per-layer Eq. I_threshold with Binomial(K, theta/pi)",distance-table hash-bucket lookup with per-layer thresholds; union over L tables without intersecting sphere-layer masks or exact norm-table filter,0.4544222120802968,0.3393281596452328,0.3626054972425379,0.6356095965926503,0.3643877977897807,0.3643934665628644,337.675,450.025,0.7503662232076866,1.0,15.815579646800566,0.7986479249993295,38.155421292,0.7503662232076866,0.6356122022102193,False,0.8036475310243688,0.7188174484528682,0.45638810280315767
isolet,3,20,query_adaptive_R25,25.0,0.14,3.3612990379333496,0.95,round(norm/delta),layer-wise cosine theorem,disabled: no norm-table or radial-layer candidate filter,"per-query, per-layer Eq. I_threshold with Binomial(K, theta/pi)",distance-table hash-bucket lookup with per-layer thresholds; union over L tables without intersecting sphere-layer masks or exact norm-table filter,0.5196911771725847,0.3439988913525499,0.3745311287335185,0.7242212072530213,0.2757760221576748,0.2757872969766535,321.55,450.025,0.7145538309928553,3.33,15.815579646800566,1.174684400000281,38.155421292,0.7145538309928553,0.7242239778423252,False,0.7111966675335608,0.7322373219873222,0.475203899295164
isolet,3,30,query_adaptive_R25,25.0,0.14,3.3612990379333496,0.95,round(norm/delta),layer-wise cosine theorem,disabled: no norm-table or radial-layer candidate filter,"per-query, per-layer Eq. I_threshold with Binomial(K, theta/pi)",distance-table hash-bucket lookup with per-layer thresholds; union over L tables without intersecting sphere-layer masks or exact norm-table filter,0.5167047554777211,0.4279344666173933,0.4291714912170675,0.8231190795183674,0.1768781923575131,0.1768902612826378,406.675,450.025,0.903709780734171,6.98,15.815579646800566,1.425394774999944,38.155421292,0.903709780734171,0.8231218076424869,False,0.6495579909802704,0.6613554633114114,0.4966543231646078
isolet,3,40,query_adaptive_R25,25.0,0.14,3.3612990379333496,0.95,round(norm/delta),layer-wise cosine theorem,disabled: no norm-table or radial-layer candidate filter,"per-query, per-layer Eq. I_threshold with Binomial(K, theta/pi)",distance-table hash-bucket lookup with per-layer thresholds; union over L tables without intersecting sphere-layer masks or exact norm-table filter,0.4614334571251712,0.5882451342695244,0.50231094107003,0.921448732769628,0.0785456039781794,0.0785598018891483,599.3,450.025,1.3317362650899238,11.97,15.815579646800566,1.5753186749998704,38.155421292,1.3317362650899238,0.9214543960218206,False,0.6126982847167552,0.5009623442202985,0.5145954863785908
isolet,3,50,query_adaptive_R25,25.0,0.14,3.3612990379333496,0.95,round(norm/delta),layer-wise cosine theorem,disabled: no norm-table or radial-layer candidate filter,"per-query, per-layer Eq. I_threshold with Binomial(K, theta/pi)",distance-table hash-bucket lookup with per-layer thresholds; union over L tables without intersecting sphere-layer masks or exact norm-table filter,0.3895233606975405,0.737730968218773,0.5088447422971956,0.9701122437344554,0.0298781578118441,0.0298946721790733,861.575,450.025,1.9145330130574032,19.19,15.815579646800566,1.6976136000000253,38.155421292,1.9145330130574032,0.9701218421881559,False,0.5826313306618878,0.2825726145675689,0.4945401523403879
isolet,3,60,query_adaptive_R25,25.0,0.14,3.3612990379333496,0.95,round(norm/delta),layer-wise cosine theorem,disabled: no norm-table or radial-layer candidate filter,"per-query, per-layer Eq. I_threshold with Binomial(K, theta/pi)",distance-table hash-bucket lookup with per-layer thresholds; union over L tables without intersecting sphere-layer masks or exact norm-table filter,0.5260218210594317,0.5143141167775314,0.4827504242184862,0.8907977291950566,0.1091986210780528,0.1092118313892672,493.9,450.025,1.0975355999014536,17.630000000000003,15.815579646800566,1.8027261000003847,38.155421292,1.0975355999014536,0.8908013789219472,False,0.55678878071062,0.5887236780530218,0.5194789178403186
isolet,3,70,query_adaptive_R25,25.0,0.14,3.3612990379333496,0.95,round(norm/delta),layer-wise cosine theorem,disabled: no norm-table or radial-layer candidate filter,"per-query, per-layer Eq. I_threshold with Binomial(K, theta/pi)",distance-table hash-bucket lookup with per-layer thresholds; union over L tables without intersecting sphere-layer masks or exact norm-table filter,0.6290491339665298,0.3786589061345159,0.4067431423927415,0.8178579640086727,0.1821399709035205,0.182151845119592,328.5,450.025,0.7299922394678491,16.615,15.815579646800566,1.9776364000007265,38.155421292,0.7299922394678491,0.8178600290964795,False,0.5137860154378443,0.7264521320992852,0.5100112851427802
isolet,3,80,query_adaptive_R25,25.0,0.14,3.3612990379333496,0.95,round(norm/delta),layer-wise cosine theorem,disabled: no norm-table or radial-layer candidate filter,"per-query, per-layer Eq. I_threshold with Binomial(K, theta/pi)",distance-table hash-bucket lookup with per-layer thresholds; union over L tables without intersecting sphere-layer masks or exact norm-table filter,0.7702889686079852,0.2316100024636609,0.2893242772008078,0.6873857646364095,0.3126136687445074,0.3126236336341509,170.0,450.025,0.3777766691303276,14.875,15.815579646800566,2.0399582750000533,38.155421292,0.3777766691303276,0.6873863312554926,False,0.49846380192640405,0.858436847960784,0.493846456955449
isolet,3,90,query_adaptive_R25,25.0,0.14,3.3612990379333496,0.95,round(norm/delta),layer-wise cosine theorem,disabled: no norm-table or radial-layer candidate filter,"per-query, per-layer Eq. I_threshold with Binomial(K, theta/pi)",distance-table hash-bucket lookup with per-layer thresholds; union over L tables without intersecting sphere-layer masks or exact norm-table filter,0.7316206501201261,0.1325550628233555,0.1913893899778977,0.497041698212264,0.5029580783483281,0.5029611506227378,80.8,450.025,0.1795550628233555,13.225,15.815579646800566,2.0780687250004704,38.155421292,0.1795550628233555,0.49704192165167194,False,0.48909411508803835,0.9327158537439889,0.44076454540296706
isolet,3,100,query_adaptive_R25,25.0,0.14,3.3612990379333496,0.95,round(norm/delta),layer-wise cosine theorem,disabled: no norm-table or radial-layer candidate filter,"per-query, per-layer Eq. I_threshold with Binomial(K, theta/pi)",distance-table hash-bucket lookup with per-layer thresholds; union over L tables without intersecting sphere-layer masks or exact norm-table filter,0.5351207706586267,0.0413888888888888,0.0704427514915394,0.2582371736199372,0.7417628105878369,0.7417635723073057,20.525,450.025,0.0456111111111111,9.62,15.815579646800566,2.152059449999655,38.155421292,0.0456111111111111,0.2582371894121631,False,0.47090304355310764,0.9829082810440253,0.33769432779873243
isolet,4,10,query_adaptive_R25,25.0,0.14,3.3612990379333496,0.95,round(norm/delta),layer-wise cosine theorem,disabled: no norm-table or radial-layer candidate filter,"per-query, per-layer Eq. I_threshold with Binomial(K, theta/pi)",distance-table hash-bucket lookup with per-layer thresholds; union over L tables without intersecting sphere-layer masks or exact norm-table filter,0.4616609461628421,0.383160753880266,0.3991686732844149,0.7315843492943546,0.2684126746314052,0.2684193647757807,375.475,450.025,0.8343647450110865,1.0,15.815579646800566,0.7598271749987617,38.155421292,0.8343647450110865,0.7315873253685947,False,0.8131918494549257,0.68734092678069,0.4755171544561587
isolet,4,20,query_adaptive_R25,25.0,0.14,3.3612990379333496,0.95,round(norm/delta),layer-wise cosine theorem,disabled: no norm-table or radial-layer candidate filter,"per-query, per-layer Eq. I_threshold with Binomial(K, theta/pi)",distance-table hash-bucket lookup with per-layer thresholds; union over L tables without intersecting sphere-layer masks or exact norm-table filter,0.5395799499522245,0.3459983986203498,0.3787938806599126,0.7112349540910097,0.288762730268622,0.2887737508248545,307.525,450.025,0.6833858093126386,3.0450000000000004,15.815579646800566,1.1762615249997666,38.155421292,0.6833858093126386,0.711237269731378,False,0.7108089217223732,0.7439168240646618,0.48380049513891343
isolet,4,30,query_adaptive_R25,25.0,0.14,3.3612990379333496,0.95,round(norm/delta),layer-wise cosine theorem,disabled: no norm-table or radial-layer candidate filter,"per-query, per-layer Eq. I_threshold with Binomial(K, theta/pi)",distance-table hash-bucket lookup with per-layer thresholds; union over L tables without intersecting sphere-layer masks or exact norm-table filter,0.5375505768176394,0.4298284060113328,0.4367500442240565,0.8114232398275153,0.188574290510658,0.1885865065724392,392.8,450.025,0.8728822370041882,6.590000000000001,15.815579646800566,1.4293707249994014,38.155421292,0.8728822370041882,0.811425709489342,False,0.6485804793954031,0.672907379077119,0.5065809717164342
isolet,4,40,query_adaptive_R25,25.0,0.14,3.3612990379333496,0.95,round(norm/delta),layer-wise cosine theorem,disabled: no norm-table or radial-layer candidate filter,"per-query, per-layer Eq. I_threshold with Binomial(K, theta/pi)",distance-table hash-bucket lookup with per-layer thresholds; union over L tables without intersecting sphere-layer masks or exact norm-table filter,0.4681683952018654,0.5835304262133529,0.5029944162680093,0.9248943092745796,0.0751000442765246,0.0751146804636688,590.325,450.025,1.3118021680216805,11.6,15.815579646800566,1.5869385000002012,38.155421292,1.3118021680216805,0.9248999557234754,False,0.6098414797887495,0.5084321904141689,0.516553132288503
isolet,4,50,query_adaptive_R25,25.0,0.14,3.3612990379333496,0.95,round(norm/delta),layer-wise cosine theorem,disabled: no norm-table or radial-layer candidate filter,"per-query, per-layer Eq. I_threshold with Binomial(K, theta/pi)",distance-table hash-bucket lookup with per-layer thresholds; union over L tables without intersecting sphere-layer masks or exact norm-table filter,0.3811767284797555,0.7615071446169008,0.507253919895507,0.9833349053582304,0.01665468426261,0.0166715974945703,908.025,450.025,2.0177461197339244,19.19,15.815579646800566,1.7317677000001197,38.155421292,2.0177461197339244,0.98334531573739,False,0.5742343366289229,0.24389586741289593,0.490430579950127
isolet,4,60,query_adaptive_R25,25.0,0.14,3.3612990379333496,0.95,round(norm/delta),layer-wise cosine theorem,disabled: no norm-table or radial-layer candidate filter,"per-query, per-layer Eq. I_threshold with Binomial(K, theta/pi)",distance-table hash-bucket lookup with per-layer thresholds; union over L tables without intersecting sphere-layer masks or exact norm-table filter,0.5310088244465689,0.5249791820645479,0.4949877979248221,0.8948956907120437,0.1051005273408923,0.1051143173989134,497.025,450.025,1.1044778270509978,17.375,15.815579646800566,1.8077645999996503,38.155421292,1.1044778270509978,0.8948994726591077,False,0.5555500347202759,0.586122237472469,0.5266896091551236
isolet,4,70,query_adaptive_R25,25.0,0.14,3.3612990379333496,0.95,round(norm/delta),layer-wise cosine theorem,disabled: no norm-table or radial-layer candidate filter,"per-query, per-layer Eq. I_threshold with Binomial(K, theta/pi)",distance-table hash-bucket lookup with per-layer thresholds; union over L tables without intersecting sphere-layer masks or exact norm-table filter,0.6402512710996741,0.3695466863759546,0.4046910919003882,0.8203168175276513,0.1796813720930796,0.1796926848976282,314.95,450.025,0.699880019709288,16.185,15.815579646800566,2.096251050000397,38.155421292,0.699880019709288,0.8203186279069203,False,0.48462387946392915,0.737735996594498,0.5105056306776166
isolet,4,80,query_adaptive_R25,25.0,0.14,3.3612990379333496,0.95,round(norm/delta),layer-wise cosine theorem,disabled: no norm-table or radial-layer candidate filter,"per-query, per-layer Eq. I_threshold with Binomial(K, theta/pi)",distance-table hash-bucket lookup with per-layer thresholds; union over L tables without intersecting sphere-layer masks or exact norm-table filter,0.7810509106536434,0.2299430894308943,0.2900754996279936,0.6924660045974826,0.3075334370676985,0.3075430362202008,165.5,450.025,0.3677764227642276,14.37,15.815579646800566,2.0191468999993134,38.155421292,0.3677764227642276,0.6924665629323015,False,0.5035804055464239,0.8621842111847036,0.49728442237441417
isolet,4,90,query_adaptive_R25,25.0,0.14,3.3612990379333496,0.95,round(norm/delta),layer-wise cosine theorem,disabled: no norm-table or radial-layer candidate filter,"per-query, per-layer Eq. I_threshold with Binomial(K, theta/pi)",distance-table hash-bucket lookup with per-layer thresholds; union over L tables without intersecting sphere-layer masks or exact norm-table filter,0.723947674681156,0.124110741561961,0.1821460448460382,0.5166066851710353,0.4833931645350642,0.4833961921833613,73.375,450.025,0.1630551860064055,12.63,15.815579646800566,2.115448925000329,38.155421292,0.1630551860064055,0.5166068354649358,False,0.4799039646712808,0.9388988045753448,0.4343902015986603
isolet,4,100,query_adaptive_R25,25.0,0.14,3.3612990379333496,0.95,round(norm/delta),layer-wise cosine theorem,disabled: no norm-table or radial-layer candidate filter,"per-query, per-layer Eq. I_threshold with Binomial(K, theta/pi)",distance-table hash-bucket lookup with per-layer thresholds; union over L tables without intersecting sphere-layer masks or exact norm-table filter,0.5349266657555296,0.0303333333333333,0.052981694394017,0.2265137690457471,0.7734862236142649,0.7734869646628469,14.8,450.025,0.0328888888888888,8.815000000000001,15.815579646800566,2.1960916250005624,38.155421292,0.0328888888888888,0.2265137763857351,False,0.46007746446479714,0.9876756423606127,0.32949714572078675
isolet,5,10,query_adaptive_R25,25.0,0.14,3.3612990379333496,0.95,round(norm/delta),layer-wise cosine theorem,disabled: no norm-table or radial-layer candidate filter,"per-query, per-layer Eq. I_threshold with Binomial(K, theta/pi)",distance-table hash-bucket lookup with per-layer thresholds; union over L tables without intersecting sphere-layer masks or exact norm-table filter,0.4430808983162174,0.4209938408474993,0.4123710713978562,0.7699406207959136,0.2300561130951559,0.2300642524147181,432.575,450.025,0.9612525252525252,0.8550000000000001,15.815579646800566,0.7866323000005337,38.155421292,0.9612525252525252,0.769943886904844,False,0.8066016457987868,0.6397926380851788,0.4755978457405201
isolet,5,20,query_adaptive_R25,25.0,0.14,3.3612990379333496,0.95,round(norm/delta),layer-wise cosine theorem,disabled: no norm-table or radial-layer candidate filter,"per-query, per-layer Eq. I_threshold with Binomial(K, theta/pi)",distance-table hash-bucket lookup with per-layer thresholds; union over L tables without intersecting sphere-layer masks or exact norm-table filter,0.54307911714208,0.3559425966986942,0.3873282955054523,0.7503337183473463,0.2496645768659634,0.2496766580967325,314.55,450.025,0.6989964276915497,2.99,15.815579646800566,1.223908374999283,38.155421292,0.6989964276915497,0.7503354231340366,False,0.699094652714131,0.738067102460394,0.4881880000569328
isolet,5,30,query_adaptive_R25,25.0,0.14,3.3612990379333496,0.95,round(norm/delta),layer-wise cosine theorem,disabled: no norm-table or radial-layer candidate filter,"per-query, per-layer Eq. I_threshold with Binomial(K, theta/pi)",distance-table hash-bucket lookup with per-layer thresholds; union over L tables without intersecting sphere-layer masks or exact norm-table filter,0.5379903561148502,0.4368279132791327,0.4435819293240771,0.842324289181471,0.1576731667000943,0.1576857836077016,401.725,450.025,0.8927149544222714,6.44,15.815579646800566,1.4671990000005408,38.155421292,0.8927149544222714,0.8423268332999057,False,0.6392801670035952,0.6654755225845774,0.5089021836858325
isolet,5,40,query_adaptive_R25,25.0,0.14,3.3612990379333496,0.95,round(norm/delta),layer-wise cosine theorem,disabled: no norm-table or radial-layer candidate filter,"per-query, per-layer Eq. I_threshold with Binomial(K, theta/pi)",distance-table hash-bucket lookup with per-layer thresholds; union over L tables without intersecting sphere-layer masks or exact norm-table filter,0.4692419452960288,0.5978064794284307,0.5093540720646224,0.9371064958850244,0.062888399773635,0.0629030039226459,606.625,450.025,1.348021803399852,11.465,15.815579646800566,1.605366675000397,38.155421292,1.348021803399852,0.937111600226365,False,0.6053108004408922,0.49485971183403676,0.5196402042294612
isolet,5,50,query_adaptive_R25,25.0,0.14,3.3612990379333496,0.95,round(norm/delta),layer-wise cosine theorem,disabled: no norm-table or radial-layer candidate filter,"per-query, per-layer Eq. I_threshold with Binomial(K, theta/pi)",distance-table hash-bucket lookup with per-layer thresholds; union over L tables without intersecting sphere-layer masks or exact norm-table filter,0.3774919972611153,0.7852275190933727,0.5090154326696508,0.9862507361648536,0.0137381656986239,0.0137552435138783,945.125,450.025,2.100183050012318,19.19,15.815579646800566,1.766266799999805,38.155421292,2.100183050012318,0.9862618343013762,False,0.5657525222394583,0.21300451638925577,0.4898122081386924
isolet,5,60,query_adaptive_R25,25.0,0.14,3.3612990379333496,0.95,round(norm/delta),layer-wise cosine theorem,disabled: no norm-table or radial-layer candidate filter,"per-query, per-layer Eq. I_threshold with Binomial(K, theta/pi)",distance-table hash-bucket lookup with per-layer thresholds; union over L tables without intersecting sphere-layer masks or exact norm-table filter,0.5274070970524856,0.5461425227888642,0.507657577410292,0.9196116602333144,0.0803843288499429,0.0803985124651236,515.225,450.025,1.1449170978073415,17.3,15.815579646800566,1.9010780749994185,38.155421292,1.1449170978073415,0.9196156711500572,False,0.5326083471112888,0.5709685472045812,0.5310361303507481
isolet,5,70,query_adaptive_R25,25.0,0.14,3.3612990379333496,0.95,round(norm/delta),layer-wise cosine theorem,disabled: no norm-table or radial-layer candidate filter,"per-query, per-layer Eq. I_threshold with Binomial(K, theta/pi)",distance-table hash-bucket lookup with per-layer thresholds; union over L tables without intersecting sphere-layer masks or exact norm-table filter,0.644761181280131,0.3737155703375215,0.4115840938823742,0.8337160090408853,0.1662821628243555,0.1662938973463137,314.725,450.025,0.6993822370041883,15.895,15.815579646800566,2.043572924999637,38.155421292,0.6993822370041883,0.8337178371756445,False,0.4975751181526352,0.7379225292592249,0.5155549775428835
isolet,5,80,query_adaptive_R25,25.0,0.14,3.3612990379333496,0.95,round(norm/delta),layer-wise cosine theorem,disabled: no norm-table or radial-layer candidate filter,"per-query, per-layer Eq. I_threshold with Binomial(K, theta/pi)",distance-table hash-bucket lookup with per-layer thresholds; union over L tables without intersecting sphere-layer masks or exact norm-table filter,0.7663788170726417,0.2249427198817442,0.2892279274472548,0.7160791500548322,0.2839203576918883,0.28392996964069,157.95,450.025,0.3509982754372998,14.014999999999995,15.815579646800566,2.024354124999661,38.155421292,0.3509982754372998,0.7160796423081117,False,0.5023001774843142,0.8684714375146039,0.4931987473524547
isolet,5,90,query_adaptive_R25,25.0,0.14,3.3612990379333496,0.95,round(norm/delta),layer-wise cosine theorem,disabled: no norm-table or radial-layer candidate filter,"per-query, per-layer Eq. I_threshold with Binomial(K, theta/pi)",distance-table hash-bucket lookup with per-layer thresholds; union over L tables without intersecting sphere-layer masks or exact norm-table filter,0.7544571493838929,0.1189996304508499,0.177062634700447,0.5399395843619099,0.4600602674059534,0.4600641881070739,69.525,450.025,0.1544996304508499,12.15,15.815579646800566,2.11101764999988,38.155421292,0.1544996304508499,0.5399397325940466,False,0.4809934206878965,0.9421048030153206,0.4397515270679926
isolet,5,100,query_adaptive_R25,25.0,0.14,3.3612990379333496,0.95,round(norm/delta),layer-wise cosine theorem,disabled: no norm-table or radial-layer candidate filter,"per-query, per-layer Eq. I_threshold with Binomial(K, theta/pi)",distance-table hash-bucket lookup with per-layer thresholds; union over L tables without intersecting sphere-layer masks or exact norm-table filter,0.5111215229662811,0.0308333333333333,0.053753450980797,0.2350294383299704,0.7649705499702282,0.7649711465497366,14.85,450.025,0.0329999999999999,8.295,15.815579646800566,2.1890573749994147,38.155421292,0.0329999999999999,0.23502945002977182,False,0.46180687777932916,0.9876340060172364,0.32399620004306784
isolet,6,10,query_adaptive_R25,25.0,0.14,3.3612990379333496,0.95,round(norm/delta),layer-wise cosine theorem,disabled: no norm-table or radial-layer candidate filter,"per-query, per-layer Eq. I_threshold with Binomial(K, theta/pi)",distance-table hash-bucket lookup with per-layer thresholds; union over L tables without intersecting sphere-layer masks or exact norm-table filter,0.4688770155041057,0.3523881497905888,0.3741010632118972,0.6995692085065716,0.3004276760609337,0.3004358189470432,346.575,450.025,0.7701637102734664,0.4349999999999999,15.815579646800566,0.7668020500004147,38.155421292,0.7701637102734664,0.6995723239390663,False,0.8114770338465686,0.7113987937277388,0.4659159267097975
isolet,6,20,query_adaptive_R25,25.0,0.14,3.3612990379333496,0.95,round(norm/delta),layer-wise cosine theorem,disabled: no norm-table or radial-layer candidate filter,"per-query, per-layer Eq. I_threshold with Binomial(K, theta/pi)",distance-table hash-bucket lookup with per-layer thresholds; union over L tables without intersecting sphere-layer masks or exact norm-table filter,0.530262552599358,0.3829409953190441,0.4028584334043998,0.811430438292432,0.1885676728039045,0.188580358976036,352.525,450.025,0.7833827297363882,2.87,15.815579646800566,1.1573114749992897,38.155421292,0.7833827297363882,0.8114323271960955,False,0.7154679072256642,0.7064452690266319,0.4918944746204662
isolet,6,30,query_adaptive_R25,25.0,0.14,3.3612990379333496,0.95,round(norm/delta),layer-wise cosine theorem,disabled: no norm-table or radial-layer candidate filter,"per-query, per-layer Eq. I_threshold with Binomial(K, theta/pi)",distance-table hash-bucket lookup with per-layer thresholds; union over L tables without intersecting sphere-layer masks or exact norm-table filter,0.5322446571176569,0.4493271741808327,0.4477219074284456,0.8602052018832047,0.1397920164520317,0.1398052523546856,423.6,450.025,0.9413250800689824,6.315,15.815579646800566,1.4270676999997178,38.155421292,0.9413250800689824,0.8602079835479683,False,0.6491466921540487,0.6472599916376498,0.5091756000688866
isolet,6,40,query_adaptive_R25,25.0,0.14,3.3612990379333496,0.95,round(norm/delta),layer-wise cosine theorem,disabled: no norm-table or radial-layer candidate filter,"per-query, per-layer Eq. I_threshold with Binomial(K, theta/pi)",distance-table hash-bucket lookup with per-layer thresholds; union over L tables without intersecting sphere-layer masks or exact norm-table filter,0.4588201434974263,0.6190250061591523,0.5151659019843449,0.943246765655002,0.0567478363225806,0.0567628527933673,637.15,450.025,1.415850455777285,11.345,15.815579646800566,1.5716780250000897,38.155421292,1.415850455777285,0.9432521636774194,False,0.6135933607493307,0.46944247828378505,0.5199141425807421
isolet,6,50,query_adaptive_R25,25.0,0.14,3.3612990379333496,0.95,round(norm/delta),layer-wise cosine theorem,disabled: no norm-table or radial-layer candidate filter,"per-query, per-layer Eq. I_threshold with Binomial(K, theta/pi)",distance-table hash-bucket lookup with per-layer thresholds; union over L tables without intersecting sphere-layer masks or exact norm-table filter,0.3681231751800607,0.8028369056417837,0.503820940497347,0.987775855316112,0.0122122481513055,0.0122295000417349,990.275,450.025,2.20050135501355,19.19,15.815579646800566,1.7570947249998523,38.155421292,2.20050135501355,0.9877877518486945,False,0.5680075328836941,0.1754125298436109,0.48364776021816974
isolet,6,60,query_adaptive_R25,25.0,0.14,3.3612990379333496,0.95,round(norm/delta),layer-wise cosine theorem,disabled: no norm-table or radial-layer candidate filter,"per-query, per-layer Eq. I_threshold with Binomial(K, theta/pi)",distance-table hash-bucket lookup with per-layer thresholds; union over L tables without intersecting sphere-layer masks or exact norm-table filter,0.5192278598700558,0.5654727765459473,0.5125277614540862,0.9250994427345102,0.0748964936078283,0.0749109501991813,541.25,450.025,1.2027464892830746,17.225,15.815579646800566,1.8453552499993364,38.155421292,1.2027464892830746,0.9251035063921718,False,0.5463081438860344,0.5492983075980419,0.5319963901196416
isolet,6,70,query_adaptive_R25,25.0,0.14,3.3612990379333496,0.95,round(norm/delta),layer-wise cosine theorem,disabled: no norm-table or radial-layer candidate filter,"per-query, per-layer Eq. I_threshold with Binomial(K, theta/pi)",distance-table hash-bucket lookup with per-layer thresholds; union over L tables without intersecting sphere-layer masks or exact norm-table filter,0.6331459128417736,0.3889376693766938,0.4155133433611683,0.8412346112314679,0.1587634223121381,0.1587755301486319,337.175,450.025,0.7492710027100271,15.76,15.815579646800566,2.001930225000592,38.155421292,0.7492710027100271,0.8412365776878619,False,0.5078132302213929,0.7192278572432882,0.514778522359754
isolet,6,80,query_adaptive_R25,25.0,0.14,3.3612990379333496,0.95,round(norm/delta),layer-wise cosine theorem,disabled: no norm-table or radial-layer candidate filter,"per-query, per-layer Eq. I_threshold with Binomial(K, theta/pi)",distance-table hash-bucket lookup with per-layer thresholds; union over L tables without intersecting sphere-layer masks or exact norm-table filter,0.7729637683354477,0.2311655580192165,0.2914380746568854,0.6898355783270352,0.3101639170758775,0.3101734934766355,167.275,450.025,0.3717211135747721,13.764999999999995,15.815579646800566,2.042031225000152,38.155421292,0.3717211135747721,0.6898360829241226,False,0.49795415451126457,0.8607060286747927,0.4954809918443972
isolet,6,90,query_adaptive_R25,25.0,0.14,3.3612990379333496,0.95,round(norm/delta),layer-wise cosine theorem,disabled: no norm-table or radial-layer candidate filter,"per-query, per-layer Eq. I_threshold with Binomial(K, theta/pi)",distance-table hash-bucket lookup with per-layer thresholds; union over L tables without intersecting sphere-layer masks or exact norm-table filter,0.7148172064793364,0.1234443212613944,0.1777570748271976,0.5161800986436053,0.4838197369121811,0.4838235301482267,75.325,450.025,0.1673887657058388,11.84,15.815579646800566,2.119231250000197,38.155421292,0.1673887657058388,0.516180263087819,False,0.47897405697485385,0.937274894863617,0.43014807913991737
isolet,6,100,query_adaptive_R25,25.0,0.14,3.3612990379333496,0.95,round(norm/delta),layer-wise cosine theorem,disabled: no norm-table or radial-layer candidate filter,"per-query, per-layer Eq. I_threshold with Binomial(K, theta/pi)",distance-table hash-bucket lookup with per-layer thresholds; union over L tables without intersecting sphere-layer masks or exact norm-table filter,0.4863330035646216,0.0335,0.0573866425350772,0.2272616090572244,0.7727383907788622,0.7727389101109781,16.275,450.025,0.0361666666666666,7.875,15.815579646800566,2.1996781250010145,38.155421292,0.0361666666666666,0.2272616092211378,False,0.4591957015402013,0.9864473702310116,0.31929546639009426
isolet,7,10,query_adaptive_R25,25.0,0.14,3.3612990379333496,0.95,round(norm/delta),layer-wise cosine theorem,disabled: no norm-table or radial-layer candidate filter,"per-query, per-layer Eq. I_threshold with Binomial(K, theta/pi)",distance-table hash-bucket lookup with per-layer thresholds; union over L tables without intersecting sphere-layer masks or exact norm-table filter,0.5155117756463401,0.2587764227642276,0.3047337310893938,0.588901429859167,0.4110955712406842,0.4111011560451977,230.375,450.025,0.511940872135994,0.1249999999999999,15.815579646800566,0.8017957499999895,38.155421292,0.511940872135994,0.5889044287593158,False,0.8028736190270599,0.8081618865344096,0.4486579982772328
isolet,7,20,query_adaptive_R25,25.0,0.14,3.3612990379333496,0.95,round(norm/delta),layer-wise cosine theorem,disabled: no norm-table or radial-layer candidate filter,"per-query, per-layer Eq. I_threshold with Binomial(K, theta/pi)",distance-table hash-bucket lookup with per-layer thresholds; union over L tables without intersecting sphere-layer masks or exact norm-table filter,0.5311698433096348,0.3919926090169993,0.4147290986493648,0.8405186577674126,0.1594791068014066,0.1594922841765509,359.325,450.025,0.7984892830746488,2.715,15.815579646800566,1.2793280999998655,38.155421292,0.7984892830746488,0.8405208931985935,False,0.6854693749250176,0.7007844342484129,0.495737301041599
isolet,7,30,query_adaptive_R25,25.0,0.14,3.3612990379333496,0.95,round(norm/delta),layer-wise cosine theorem,disabled: no norm-table or radial-layer candidate filter,"per-query, per-layer Eq. I_threshold with Binomial(K, theta/pi)",distance-table hash-bucket lookup with per-layer thresholds; union over L tables without intersecting sphere-layer masks or exact norm-table filter,0.5287160161405424,0.4659348361665435,0.461023345509207,0.8809316476530424,0.1190651105231587,0.1190784859937371,436.4,450.025,0.9697653362897264,6.225,15.815579646800566,1.4887844000000428,38.155421292,0.9697653362897264,0.8809348894768413,False,0.6339732646113648,0.636602657174196,0.5139132040033644
isolet,7,40,query_adaptive_R25,25.0,0.14,3.3612990379333496,0.95,round(norm/delta),layer-wise cosine theorem,disabled: no norm-table or radial-layer candidate filter,"per-query, per-layer Eq. I_threshold with Binomial(K, theta/pi)",distance-table hash-bucket lookup with per-layer thresholds; union over L tables without intersecting sphere-layer masks or exact norm-table filter,0.4501611986485885,0.6434078590785908,0.5207559120544427,0.9426657268688204,0.0573279281117429,0.0573430120535847,669.675,450.025,1.4881156688839616,11.32,15.815579646800566,1.6234031499996249,38.155421292,1.4881156688839616,0.9426720718882571,False,0.6008764229300276,0.44236274524013974,0.5198846736294426
isolet,7,50,query_adaptive_R25,25.0,0.14,3.3612990379333496,0.95,round(norm/delta),layer-wise cosine theorem,disabled: no norm-table or radial-layer candidate filter,"per-query, per-layer Eq. I_threshold with Binomial(K, theta/pi)",distance-table hash-bucket lookup with per-layer thresholds; union over L tables without intersecting sphere-layer masks or exact norm-table filter,0.3557814942915888,0.8433360433604336,0.4988089598504105,0.9900912793673924,0.009895553640917,0.0099128193313298,1080.875,450.025,2.401818797733432,19.19,15.815579646800566,1.7865082499998408,38.155421292,2.401818797733432,0.990104446359083,False,0.5607760381608736,0.09997343028908268,0.4752305346440337
isolet,7,60,query_adaptive_R25,25.0,0.14,3.3612990379333496,0.95,round(norm/delta),layer-wise cosine theorem,disabled: no norm-table or radial-layer candidate filter,"per-query, per-layer Eq. I_threshold with Binomial(K, theta/pi)",distance-table hash-bucket lookup with per-layer thresholds; union over L tables without intersecting sphere-layer masks or exact norm-table filter,0.5038422380152184,0.5991861295885685,0.5274361120394205,0.9317485893004328,0.0682464606129176,0.0682610154871413,576.025,450.025,1.2800096082779011,17.195,15.815579646800566,1.8616604250002664,38.155421292,1.2800096082779011,0.9317535393870824,False,0.5422994170512218,0.5203457238229032,0.5355672540613121
isolet,7,70,query_adaptive_R25,25.0,0.14,3.3612990379333496,0.95,round(norm/delta),layer-wise cosine theorem,disabled: no norm-table or radial-layer candidate filter,"per-query, per-layer Eq. I_threshold with Binomial(K, theta/pi)",distance-table hash-bucket lookup with per-layer thresholds; union over L tables without intersecting sphere-layer masks or exact norm-table filter,0.6294640346863807,0.3955439763488543,0.4249547837298128,0.8434828908956558,0.1565153492234202,0.1565274297052793,338.925,450.025,0.7531543483616654,15.639999999999995,15.815579646800566,1.9609333500000048,38.155421292,0.7531543483616654,0.8434846507765799,False,0.5178925622708157,0.7177726624262837,0.5187695057242839
isolet,7,80,query_adaptive_R25,25.0,0.14,3.3612990379333496,0.95,round(norm/delta),layer-wise cosine theorem,disabled: no norm-table or radial-layer candidate filter,"per-query, per-layer Eq. I_threshold with Binomial(K, theta/pi)",distance-table hash-bucket lookup with per-layer thresholds; union over L tables without intersecting sphere-layer masks or exact norm-table filter,0.7684736980467549,0.235720867208672,0.2973657542777312,0.6963597084790376,0.3036397702017407,0.3036494181834735,170.1,450.025,0.3779986449864498,13.605,15.815579646800566,2.0482448000006315,38.155421292,0.3779986449864498,0.6963602297982593,False,0.4964265091567607,0.8583536675940832,0.49691498754757957
isolet,7,90,query_adaptive_R25,25.0,0.14,3.3612990379333496,0.95,round(norm/delta),layer-wise cosine theorem,disabled: no norm-table or radial-layer candidate filter,"per-query, per-layer Eq. I_threshold with Binomial(K, theta/pi)",distance-table hash-bucket lookup with per-layer thresholds; union over L tables without intersecting sphere-layer masks or exact norm-table filter,0.7391787435208169,0.1223887657058388,0.1777408172514452,0.5254391877457975,0.4745606710758164,0.4745644723162344,73.925,450.025,0.1642776545947277,11.64,15.815579646800566,2.140034350001585,38.155421292,0.1642776545947277,0.5254393289241837,False,0.4738594878139524,0.9384407124781536,0.4359408063217985
isolet,7,100,query_adaptive_R25,25.0,0.14,3.3612990379333496,0.95,round(norm/delta),layer-wise cosine theorem,disabled: no norm-table or radial-layer candidate filter,"per-query, per-layer Eq. I_threshold with Binomial(K, theta/pi)",distance-table hash-bucket lookup with per-layer thresholds; union over L tables without intersecting sphere-layer masks or exact norm-table filter,0.4881192629748521,0.0326666666666666,0.0558521520216952,0.2265806620335899,0.7734193376836702,0.7734197968796687,15.85,450.025,0.0352222222222222,7.615,15.815579646800566,2.182841750000364,38.155421292,0.0352222222222222,0.22658066231632978,False,0.4633350271384993,0.9868012791497102,0.31929834551402114
isolet,8,10,query_adaptive_R25,25.0,0.14,3.3612990379333496,0.95,round(norm/delta),layer-wise cosine theorem,disabled: no norm-table or radial-layer candidate filter,"per-query, per-layer Eq. I_threshold with Binomial(K, theta/pi)",distance-table hash-bucket lookup with per-layer thresholds; union over L tables without intersecting sphere-layer masks or exact norm-table filter,0.5294157833504061,0.2221649421039664,0.2794804747545777,0.5560594041919528,0.4439393824262336,0.4439440750295681,189.725,450.025,0.4216067997043607,0.025,15.815579646800566,0.8148427499994781,38.155421292,0.4216067997043607,0.5560606175737663,False,0.7996659344110549,0.842012510659504,0.44089027374197526
isolet,8,20,query_adaptive_R25,25.0,0.14,3.3612990379333496,0.95,round(norm/delta),layer-wise cosine theorem,disabled: no norm-table or radial-layer candidate filter,"per-query, per-layer Eq. I_threshold with Binomial(K, theta/pi)",distance-table hash-bucket lookup with per-layer thresholds; union over L tables without intersecting sphere-layer masks or exact norm-table filter,0.5476648729140086,0.3785523527962552,0.4039296412000391,0.8130042757979791,0.1869935264424284,0.1870065947374262,340.45,450.025,0.7565519832471053,2.545,15.815579646800566,1.294459299999673,38.155421292,0.7565519832471053,0.8130064735575716,False,0.6817492770126254,0.7164994765914661,0.49556444854711806
isolet,8,30,query_adaptive_R25,25.0,0.14,3.3612990379333496,0.95,round(norm/delta),layer-wise cosine theorem,disabled: no norm-table or radial-layer candidate filter,"per-query, per-layer Eq. I_threshold with Binomial(K, theta/pi)",distance-table hash-bucket lookup with per-layer thresholds; union over L tables without intersecting sphere-layer masks or exact norm-table filter,0.5247915390790725,0.4791529933481152,0.4691377849006161,0.8966922764804099,0.1033043467270835,0.103318069505021,448.175,450.025,0.9959264597191426,6.175,15.815579646800566,1.4918781249996016,38.155421292,0.9959264597191426,0.8966956532729164,False,0.633212653429666,0.6267993755102415,0.5169072471526264
isolet,8,40,query_adaptive_R25,25.0,0.14,3.3612990379333496,0.95,round(norm/delta),layer-wise cosine theorem,disabled: no norm-table or radial-layer candidate filter,"per-query, per-layer Eq. I_threshold with Binomial(K, theta/pi)",distance-table hash-bucket lookup with per-layer thresholds; union over L tables without intersecting sphere-layer masks or exact norm-table filter,0.445168836932269,0.6556810790835181,0.52252277638232,0.945851774455063,0.0541417099867606,0.0541568917211441,685.55,450.025,1.5233778024143878,11.28,15.815579646800566,1.6440217999997842,38.155421292,1.5233778024143878,0.9458582900132394,False,0.5958072019281964,0.42914906854145307,0.5194741171612106
isolet,8,50,query_adaptive_R25,25.0,0.14,3.3612990379333496,0.95,round(norm/delta),layer-wise cosine theorem,disabled: no norm-table or radial-layer candidate filter,"per-query, per-layer Eq. I_threshold with Binomial(K, theta/pi)",distance-table hash-bucket lookup with per-layer thresholds; union over L tables without intersecting sphere-layer masks or exact norm-table filter,0.3515842393444797,0.8531669130327666,0.4961882480702194,0.990575678714784,0.0094111100539911,0.009428299724478,1106.925,450.025,2.4596783690564177,19.19,15.815579646800566,1.8111436250000776,38.155421292,2.4596783690564177,0.9905888899460089,False,0.5547192807912966,0.07829188147619404,0.471675075528244
isolet,8,60,query_adaptive_R25,25.0,0.14,3.3612990379333496,0.95,round(norm/delta),layer-wise cosine theorem,disabled: no norm-table or radial-layer candidate filter,"per-query, per-layer Eq. I_threshold with Binomial(K, theta/pi)",distance-table hash-bucket lookup with per-layer thresholds; union over L tables without intersecting sphere-layer masks or exact norm-table filter,0.5050473290612519,0.6049623059866962,0.5304312305853524,0.9329088675598048,0.0670862706191988,0.067100742240697,579.25,450.025,1.2871725794530673,17.135,15.815579646800566,1.8754562000006916,38.155421292,1.2871725794530673,0.9329137293808012,False,0.5389076415291505,0.5176615644759088,0.5374998409153695
isolet,8,70,query_adaptive_R25,25.0,0.14,3.3612990379333496,0.95,round(norm/delta),layer-wise cosine theorem,disabled: no norm-table or radial-layer candidate filter,"per-query, per-layer Eq. I_threshold with Binomial(K, theta/pi)",distance-table hash-bucket lookup with per-layer thresholds; union over L tables without intersecting sphere-layer masks or exact norm-table filter,0.6267252593837062,0.3997091648189209,0.4272746770534301,0.8549356558919301,0.1450623984845606,0.1450746447193196,344.525,450.025,0.7655971914264598,15.575,15.815579646800566,2.582678150000639,38.155421292,0.7655971914264598,0.8549376015154394,False,0.3650328067621701,0.713109992048474,0.5113874239237909
isolet,8,80,query_adaptive_R25,25.0,0.14,3.3612990379333496,0.95,round(norm/delta),layer-wise cosine theorem,disabled: no norm-table or radial-layer candidate filter,"per-query, per-layer Eq. I_threshold with Binomial(K, theta/pi)",distance-table hash-bucket lookup with per-layer thresholds; union over L tables without intersecting sphere-layer masks or exact norm-table filter,0.7714624529856628,0.2368317319536831,0.2965079886855229,0.7060143089636174,0.2939851219344819,0.2939948650232916,171.675,450.025,0.3814983986203498,13.439999999999998,15.815579646800566,2.0730114750000084,38.155421292,0.3814983986203498,0.7060148780655181,False,0.4903374708806657,0.8570422150977812,0.4970829614857858
isolet,8,90,query_adaptive_R25,25.0,0.14,3.3612990379333496,0.95,round(norm/delta),layer-wise cosine theorem,disabled: no norm-table or radial-layer candidate filter,"per-query, per-layer Eq. I_threshold with Binomial(K, theta/pi)",distance-table hash-bucket lookup with per-layer thresholds; union over L tables without intersecting sphere-layer masks or exact norm-table filter,0.766059247003229,0.1248887657058388,0.1805730001504052,0.5069749504949799,0.4930248940831662,0.4930276303251155,75.275,450.025,0.1672776545947277,11.42,15.815579646800566,2.1616406500008623,38.155421292,0.1672776545947277,0.5069751059168338,False,0.46854744702915996,0.9373165312069933,0.44371796697712373
isolet,8,100,query_adaptive_R25,25.0,0.14,3.3612990379333496,0.95,round(norm/delta),layer-wise cosine theorem,disabled: no norm-table or radial-layer candidate filter,"per-query, per-layer Eq. I_threshold with Binomial(K, theta/pi)",distance-table hash-bucket lookup with per-layer thresholds; union over L tables without intersecting sphere-layer masks or exact norm-table filter,0.5095933720212014,0.0341111111111111,0.0570747980316987,0.2121651971719944,0.7878347921411638,0.7878353446906685,16.325,450.025,0.0362777777777777,7.3,15.815579646800566,2.20835217500035,38.155421292,0.0362777777777777,0.2121652078588362,False,0.4570631333833517,0.9864057338876353,0.32501076129093004
isolet,9,10,query_adaptive_R25,25.0,0.14,3.3612990379333496,0.95,round(norm/delta),layer-wise cosine theorem,disabled: no norm-table or radial-layer candidate filter,"per-query, per-layer Eq. I_threshold with Binomial(K, theta/pi)",distance-table hash-bucket lookup with per-layer thresholds; union over L tables without intersecting sphere-layer masks or exact norm-table filter,0.5286786514531252,0.2376093865484109,0.293290101861432,0.5828319663164392,0.4171667130019431,0.4171717243635927,203.4,450.025,0.4519956885932495,0.005,15.815579646800566,0.8809759499996517,38.155421292,0.4519956885932495,0.5828332869980569,False,0.7834066833758704,0.8306249707460835,0.4461071556051707
isolet,9,20,query_adaptive_R25,25.0,0.14,3.3612990379333496,0.95,round(norm/delta),layer-wise cosine theorem,disabled: no norm-table or radial-layer candidate filter,"per-query, per-layer Eq. I_threshold with Binomial(K, theta/pi)",distance-table hash-bucket lookup with per-layer thresholds; union over L tables without intersecting sphere-layer masks or exact norm-table filter,0.5499891791565982,0.3733855629465386,0.39782185847059,0.8204621151599424,0.1795356876285557,0.1795488992706818,339.25,450.025,0.7538851933973885,2.45,15.815579646800566,1.3609176750005505,38.155421292,0.7538851933973885,0.8204643123714443,False,0.6654100797179707,0.7174987949925236,0.49230738107794075
isolet,9,30,query_adaptive_R25,25.0,0.14,3.3612990379333496,0.95,round(norm/delta),layer-wise cosine theorem,disabled: no norm-table or radial-layer candidate filter,"per-query, per-layer Eq. I_threshold with Binomial(K, theta/pi)",distance-table hash-bucket lookup with per-layer thresholds; union over L tables without intersecting sphere-layer masks or exact norm-table filter,0.534472462409418,0.4696521310667652,0.4636749112828382,0.891975139207468,0.1080220001902519,0.1080351696135754,434.725,450.025,0.9660367085489036,6.125,15.815579646800566,1.5531644750002016,38.155421292,0.9660367085489036,0.8919779998097481,False,0.6181450300621696,0.63799987499865,0.5164419935176069
isolet,9,40,query_adaptive_R25,25.0,0.14,3.3612990379333496,0.95,round(norm/delta),layer-wise cosine theorem,disabled: no norm-table or radial-layer candidate filter,"per-query, per-layer Eq. I_threshold with Binomial(K, theta/pi)",distance-table hash-bucket lookup with per-layer thresholds; union over L tables without intersecting sphere-layer masks or exact norm-table filter,0.445688098824348,0.6570698447893569,0.5236507142156652,0.9459062084486808,0.0540872048615327,0.0541023829045829,684.65,450.025,1.5213775560482878,11.24,15.815579646800566,1.692906274999828,38.155421292,1.5213775560482878,0.9459127951384673,False,0.5837886552565272,0.42989861504227844,0.5197879686586093
isolet,9,50,query_adaptive_R25,25.0,0.14,3.3612990379333496,0.95,round(norm/delta),layer-wise cosine theorem,disabled: no norm-table or radial-layer candidate filter,"per-query, per-layer Eq. I_threshold with Binomial(K, theta/pi)",distance-table hash-bucket lookup with per-layer thresholds; union over L tables without intersecting sphere-layer masks or exact norm-table filter,0.351009575225049,0.8551669130327667,0.495947558959452,0.9908778672802696,0.0091089176277668,0.0091261259592181,1111.425,450.025,2.469678122690317,19.19,15.815579646800566,1.8765354249998367,38.155421292,2.469678122690317,0.9908910823722332,False,0.5386423074732678,0.07454470289237836,0.47048124285614396
isolet,9,60,query_adaptive_R25,25.0,0.14,3.3612990379333496,0.95,round(norm/delta),layer-wise cosine theorem,disabled: no norm-table or radial-layer candidate filter,"per-query, per-layer Eq. I_threshold with Binomial(K, theta/pi)",distance-table hash-bucket lookup with per-layer thresholds; union over L tables without intersecting sphere-layer masks or exact norm-table filter,0.5040593171573611,0.6097953929539296,0.5322339310401782,0.9331511477510664,0.0668439603064505,0.0668584631711416,584.325,450.025,1.298449987681695,17.135,15.815579646800566,2.008893674999612,38.155421292,1.298449987681695,0.9331560396935495,False,0.5061012235196952,0.5134356141032912,0.536576187035667
isolet,9,70,query_adaptive_R25,25.0,0.14,3.3612990379333496,0.95,round(norm/delta),layer-wise cosine theorem,disabled: no norm-table or radial-layer candidate filter,"per-query, per-layer Eq. I_threshold with Binomial(K, theta/pi)",distance-table hash-bucket lookup with per-layer thresholds; union over L tables without intersecting sphere-layer masks or exact norm-table filter,0.6282032848539194,0.3994866962305987,0.4285026860770706,0.8650174854680268,0.1349804866253064,0.1349927097513635,342.825,450.025,0.7618190440995319,15.489999999999998,15.815579646800566,2.131614624999756,38.155421292,0.7618190440995319,0.8650195133746936,False,0.47592952861723425,0.7145257662033462,0.517899441947938
isolet,9,80,query_adaptive_R25,25.0,0.14,3.3612990379333496,0.95,round(norm/delta),layer-wise cosine theorem,disabled: no norm-table or radial-layer candidate filter,"per-query, per-layer Eq. I_threshold with Binomial(K, theta/pi)",distance-table hash-bucket lookup with per-layer thresholds; union over L tables without intersecting sphere-layer masks or exact norm-table filter,0.7753702242083701,0.2360539541759053,0.2974591940146927,0.7091274358474428,0.2908719636261898,0.2908816989434615,169.3,450.025,0.3762206208425721,13.32,15.815579646800566,2.1245782249996736,38.155421292,0.3762206208425721,0.7091280363738102,False,0.4776594705221324,0.8590199414081559,0.49790002952974605
isolet,9,90,query_adaptive_R25,25.0,0.14,3.3612990379333496,0.95,round(norm/delta),layer-wise cosine theorem,disabled: no norm-table or radial-layer candidate filter,"per-query, per-layer Eq. I_threshold with Binomial(K, theta/pi)",distance-table hash-bucket lookup with per-layer thresholds; union over L tables without intersecting sphere-layer masks or exact norm-table filter,0.7919620024090148,0.1230554323725055,0.1780880958556032,0.5015873804847241,0.4984124728586595,0.498415219238374,74.25,450.025,0.16499987681695,11.255,15.815579646800566,2.179683374999364,38.155421292,0.16499987681695,0.5015875271413405,False,0.46411153291781104,0.9381700762462076,0.44886350870903763
isolet,9,100,query_adaptive_R25,25.0,0.14,3.3612990379333496,0.95,round(norm/delta),layer-wise cosine theorem,disabled: no norm-table or radial-layer candidate filter,"per-query, per-layer Eq. I_threshold with Binomial(K, theta/pi)",distance-table hash-bucket lookup with per-layer thresholds; union over L tables without intersecting sphere-layer masks or exact norm-table filter,0.4917259211376859,0.0303888888888888,0.0521277962044401,0.2215192217854505,0.7784807709918246,0.778481343912305,14.5,450.025,0.0322222222222222,7.065,15.815579646800566,2.235482249999876,38.155421292,0.0322222222222222,0.22151922900817544,False,0.4503930387860916,0.9879254604208705,0.31796245773618836
isolet,10,10,query_adaptive_R25,25.0,0.14,3.3612990379333496,0.95,round(norm/delta),layer-wise cosine theorem,disabled: no norm-table or radial-layer candidate filter,"per-query, per-layer Eq. I_threshold with Binomial(K, theta/pi)",distance-table hash-bucket lookup with per-layer thresholds; union over L tables without intersecting sphere-layer masks or exact norm-table filter,0.5260545681042937,0.2437760532150776,0.2988920637407381,0.5922961954007053,0.4077024217790813,0.407707541115368,212.075,450.025,0.4712733431879773,0.0,15.815579646800566,0.8664852999999084,38.155421292,0.4712733431879773,0.5922975782209188,False,0.786969298159492,0.82340111133032,0.4477397065858699
isolet,10,20,query_adaptive_R25,25.0,0.14,3.3612990379333496,0.95,round(norm/delta),layer-wise cosine theorem,disabled: no norm-table or radial-layer candidate filter,"per-query, per-layer Eq. I_threshold with Binomial(K, theta/pi)",distance-table hash-bucket lookup with per-layer thresholds; union over L tables without intersecting sphere-layer masks or exact norm-table filter,0.5504620463935996,0.370940872135994,0.4027953165917614,0.8126142980230793,0.187383312391067,0.1873966203132645,333.4,450.025,0.7408843311160386,2.335,15.815579646800566,1.2732508999995673,38.155421292,0.7408843311160386,0.812616687608933,False,0.6869634916530092,0.722370570287733,0.49548580695852557
isolet,10,30,query_adaptive_R25,25.0,0.14,3.3612990379333496,0.95,round(norm/delta),layer-wise cosine theorem,disabled: no norm-table or radial-layer candidate filter,"per-query, per-layer Eq. I_threshold with Binomial(K, theta/pi)",distance-table hash-bucket lookup with per-layer thresholds; union over L tables without intersecting sphere-layer masks or exact norm-table filter,0.5309015376674936,0.4804294161123429,0.4697002275460304,0.9028952814221374,0.0971017579889859,0.097114724833175,447.1,450.025,0.9935355999014536,6.084999999999999,15.815579646800566,1.4752667000008657,38.155421292,0.9935355999014536,0.9028982420110141,False,0.6372966736964288,0.6276952954532466,0.519225475283261
isolet,10,40,query_adaptive_R25,25.0,0.14,3.3612990379333496,0.95,round(norm/delta),layer-wise cosine theorem,disabled: no norm-table or radial-layer candidate filter,"per-query, per-layer Eq. I_threshold with Binomial(K, theta/pi)",distance-table hash-bucket lookup with per-layer thresholds; union over L tables without intersecting sphere-layer masks or exact norm-table filter,0.4386946955368309,0.671290219265829,0.5241260143071742,0.9501676642209872,0.0498253966326123,0.0498405954532284,707.975,450.025,1.5732058388765708,11.22,15.815579646800566,1.691298950000153,38.155421292,1.5732058388765708,0.9501746033673877,False,0.5841838259221652,0.41047715341829294,0.5181565870537367
isolet,10,50,query_adaptive_R25,25.0,0.14,3.3612990379333496,0.95,round(norm/delta),layer-wise cosine theorem,disabled: no norm-table or radial-layer candidate filter,"per-query, per-layer Eq. I_threshold with Binomial(K, theta/pi)",distance-table hash-bucket lookup with per-layer thresholds; union over L tables without intersecting sphere-layer masks or exact norm-table filter,0.3470112195150284,0.8590558019216555,0.4924075043390489,0.9915453447309744,0.0084413071684618,0.0084585327047813,1130.95,450.025,2.5130628233555066,19.19,15.815579646800566,1.9061240499993917,38.155421292,2.5130628233555066,0.9915586928315382,False,0.5313677633463778,0.05828728024481056,0.46621807198579573
isolet,10,60,query_adaptive_R25,25.0,0.14,3.3612990379333496,0.95,round(norm/delta),layer-wise cosine theorem,disabled: no norm-table or radial-layer candidate filter,"per-query, per-layer Eq. I_threshold with Binomial(K, theta/pi)",distance-table hash-bucket lookup with per-layer thresholds; union over L tables without intersecting sphere-layer masks or exact norm-table filter,0.4968436895519003,0.6191282335550629,0.5330354236125258,0.9416405940000075,0.058354388350361,0.0583689044531987,600.375,450.025,1.3341149297856614,17.115000000000002,15.815579646800566,2.153638500000099,38.155421292,1.3341149297856614,0.941645611649639,False,0.4705148244686801,0.5000709941198591,0.5331353577047845
isolet,10,70,query_adaptive_R25,25.0,0.14,3.3612990379333496,0.95,round(norm/delta),layer-wise cosine theorem,disabled: no norm-table or radial-layer candidate filter,"per-query, per-layer Eq. I_threshold with Binomial(K, theta/pi)",distance-table hash-bucket lookup with per-layer thresholds; union over L tables without intersecting sphere-layer masks or exact norm-table filter,0.625168637083554,0.4034311406750431,0.4318934272733647,0.8707693258450309,0.1292285935400003,0.1292408320042197,347.925,450.025,0.7731523774328652,15.44,15.815579646800566,2.0814936999999034,38.155421292,0.7731523774328652,0.8707714064599997,False,0.4882520640712289,0.7102788591789627,0.5190955190319806
isolet,10,80,query_adaptive_R25,25.0,0.14,3.3612990379333496,0.95,round(norm/delta),layer-wise cosine theorem,disabled: no norm-table or radial-layer candidate filter,"per-query, per-layer Eq. I_threshold with Binomial(K, theta/pi)",distance-table hash-bucket lookup with per-layer thresholds; union over L tables without intersecting sphere-layer masks or exact norm-table filter,0.7681133719514666,0.2383317319536831,0.2986027918163533,0.7119434783591131,0.2880559203257077,0.2880656720364876,173.325,450.025,0.3851650652870165,13.235000000000005,15.815579646800566,2.118304099999868,38.155421292,0.3851650652870165,0.7119440796742923,False,0.47920200246369427,0.8556682157663631,0.4965159990024661
isolet,10,90,query_adaptive_R25,25.0,0.14,3.3612990379333496,0.95,round(norm/delta),layer-wise cosine theorem,disabled: no norm-table or radial-layer candidate filter,"per-query, per-layer Eq. I_threshold with Binomial(K, theta/pi)",distance-table hash-bucket lookup with per-layer thresholds; union over L tables without intersecting sphere-layer masks or exact norm-table filter,0.8143173665998915,0.1207776545947277,0.174725904706877,0.513770669787822,0.4862291837146767,0.4862321725335766,72.75,450.025,0.1616665434836166,11.135,15.815579646800566,2.1982666749998714,38.155421292,0.1616665434836166,0.5137708162853233,False,0.4595427151414203,0.9394191665474969,0.45277894995552087
isolet,10,100,query_adaptive_R25,25.0,0.14,3.3612990379333496,0.95,round(norm/delta),layer-wise cosine theorem,disabled: no norm-table or radial-layer candidate filter,"per-query, per-layer Eq. I_threshold with Binomial(K, theta/pi)",distance-table hash-bucket lookup with per-layer thresholds; union over L tables without intersecting sphere-layer masks or exact norm-table filter,0.4910587098087098,0.0310555555555555,0.053083457962601,0.223158627208784,0.7768413655010461,0.7768419437182006,14.85,450.025,0.0329999999999999,6.855,15.815579646800566,2.258657200000158,38.155421292,0.0329999999999999,0.2231586344989539,False,0.4446953358202371,0.9876340060172364,0.3179348665437962
isolet,11,10,query_adaptive_R25,25.0,0.14,3.3612990379333496,0.95,round(norm/delta),layer-wise cosine theorem,disabled: no norm-table or radial-layer candidate filter,"per-query, per-layer Eq. I_threshold with Binomial(K, theta/pi)",distance-table hash-bucket lookup with per-layer thresholds; union over L tables without intersecting sphere-layer masks or exact norm-table filter,0.5247377094553907,0.249720497659522,0.3054189546344514,0.5982870388890662,0.4017115799703302,0.4017168443480889,217.05,450.025,0.4823288987435329,0.0,15.815579646800566,0.9277907500003124,38.155421292,0.4823288987435329,0.5982884200296699,False,0.7718969789404174,0.8192582951643772,0.4495087542394875
isolet,11,20,query_adaptive_R25,25.0,0.14,3.3612990379333496,0.95,round(norm/delta),layer-wise cosine theorem,disabled: no norm-table or radial-layer candidate filter,"per-query, per-layer Eq. I_threshold with Binomial(K, theta/pi)",distance-table hash-bucket lookup with per-layer thresholds; union over L tables without intersecting sphere-layer masks or exact norm-table filter,0.5543315248963092,0.374940872135994,0.4051487121476619,0.795611309417572,0.2043862168944186,0.2043997133269218,336.75,450.025,0.7483287755604829,2.305,15.815579646800566,1.3811146250001016,38.155421292,0.7483287755604829,0.7956137831055814,False,0.6604445362362261,0.7195809352815203,0.49633247200699715
isolet,11,30,query_adaptive_R25,25.0,0.14,3.3612990379333496,0.95,round(norm/delta),layer-wise cosine theorem,disabled: no norm-table or radial-layer candidate filter,"per-query, per-layer Eq. I_threshold with Binomial(K, theta/pi)",distance-table hash-bucket lookup with per-layer thresholds; union over L tables without intersecting sphere-layer masks or exact norm-table filter,0.5302755268836468,0.4908168268046317,0.4770516914111183,0.91287696010786,0.0871199487542012,0.0871332880810612,454.825,450.025,1.01070066518847,6.055,15.815579646800566,1.5779021749995792,38.155421292,1.01070066518847,0.9128800512457989,False,0.6120631154667484,0.6212630804819439,0.5214929569213584
isolet,11,40,query_adaptive_R25,25.0,0.14,3.3612990379333496,0.95,round(norm/delta),layer-wise cosine theorem,disabled: no norm-table or radial-layer candidate filter,"per-query, per-layer Eq. I_threshold with Binomial(K, theta/pi)",distance-table hash-bucket lookup with per-layer thresholds; union over L tables without intersecting sphere-layer masks or exact norm-table filter,0.4368807684728389,0.6734563932002956,0.5237597745285042,0.9544422503661868,0.0455507675249485,0.0455669839244795,712.1,450.025,1.582371520078837,11.205000000000002,15.815579646800566,1.7371228749995635,38.155421292,1.582371520078837,0.9544492324750515,False,0.5729177341561396,0.4070425243699549,0.5169296572065455
isolet,11,50,query_adaptive_R25,25.0,0.14,3.3612990379333496,0.95,round(norm/delta),layer-wise cosine theorem,disabled: no norm-table or radial-layer candidate filter,"per-query, per-layer Eq. I_threshold with Binomial(K, theta/pi)",distance-table hash-bucket lookup with per-layer thresholds; union over L tables without intersecting sphere-layer masks or exact norm-table filter,0.3463064152441857,0.8626113574772113,0.4921789987278476,0.991867800630684,0.0081278922433038,0.0081356108192659,1138.625,450.025,2.530118255728012,19.19,15.815579646800566,1.9761709250001755,38.155421292,2.530118255728012,0.9918721077566962,False,0.5141463114150491,0.05189614769657325,0.4648532625864738
isolet,11,60,query_adaptive_R25,25.0,0.14,3.3612990379333496,0.95,round(norm/delta),layer-wise cosine theorem,disabled: no norm-table or radial-layer candidate filter,"per-query, per-layer Eq. I_threshold with Binomial(K, theta/pi)",distance-table hash-bucket lookup with per-layer thresholds; union over L tables without intersecting sphere-layer masks or exact norm-table filter,0.4957146382468586,0.6249056417836906,0.5353017088238039,0.9435258942217146,0.0564690166797953,0.0564838108142174,606.125,450.025,1.3468922148312392,17.1,15.815579646800566,2.1263374500003707,38.155421292,1.3468922148312392,0.9435309833202047,False,0.4772269543137283,0.4952829992716872,0.5344191836132236
isolet,11,70,query_adaptive_R25,25.0,0.14,3.3612990379333496,0.95,round(norm/delta),layer-wise cosine theorem,disabled: no norm-table or radial-layer candidate filter,"per-query, per-layer Eq. I_threshold with Binomial(K, theta/pi)",distance-table hash-bucket lookup with per-layer thresholds; union over L tables without intersecting sphere-layer masks or exact norm-table filter,0.6275407208563041,0.4068755851194875,0.4362477110989644,0.8720064702922921,0.1279914136053637,0.1280038663309635,349.15,450.025,0.7758744764720374,15.405,15.815579646800566,2.068828125000977,38.155421292,0.7758744764720374,0.8720085863946363,False,0.49136597302183105,0.7092588149262691,0.5219041170126429
isolet,11,80,query_adaptive_R25,25.0,0.14,3.3612990379333496,0.95,round(norm/delta),layer-wise cosine theorem,disabled: no norm-table or radial-layer candidate filter,"per-query, per-layer Eq. I_threshold with Binomial(K, theta/pi)",distance-table hash-bucket lookup with per-layer thresholds; union over L tables without intersecting sphere-layer masks or exact norm-table filter,0.770986271896684,0.2394428430647942,0.3012639265644252,0.718415572783442,0.2815838010498717,0.2815936086101496,172.75,450.025,0.3838872875092388,13.18,15.815579646800566,2.131378149999641,38.155421292,0.3838872875092388,0.7184161989501283,False,0.4759876674399497,0.8561470337151906,0.4982989493139547
isolet,11,90,query_adaptive_R25,25.0,0.14,3.3612990379333496,0.95,round(norm/delta),layer-wise cosine theorem,disabled: no norm-table or radial-layer candidate filter,"per-query, per-layer Eq. I_threshold with Binomial(K, theta/pi)",distance-table hash-bucket lookup with per-layer thresholds; union over L tables without intersecting sphere-layer masks or exact norm-table filter,0.7938649057903857,0.1183887657058389,0.1728209540383776,0.5216377943779638,0.4783620428278778,0.4783650207144793,70.4,450.025,0.1564443212613944,11.025,15.815579646800566,2.266249975000001,38.155421292,0.1564443212613944,0.5216379571721221,False,0.4428286057243731,0.9413760746861833,0.4459791549913425
isolet,11,100,query_adaptive_R25,25.0,0.14,3.3612990379333496,0.95,round(norm/delta),layer-wise cosine theorem,disabled: no norm-table or radial-layer candidate filter,"per-query, per-layer Eq. I_threshold with Binomial(K, theta/pi)",distance-table hash-bucket lookup with per-layer thresholds; union over L tables without intersecting sphere-layer masks or exact norm-table filter,0.4916997354497354,0.0304444444444444,0.0520176387974695,0.2257615551115763,0.7742384389796909,0.7742391359564355,14.55,450.025,0.0323333333333333,6.73,15.815579646800566,2.2747156250000344,38.155421292,0.0323333333333333,0.2257615610203091,False,0.4407472739798606,0.9878838240774942,0.31743993364105416
isolet,12,10,query_adaptive_R25,25.0,0.14,3.3612990379333496,0.95,round(norm/delta),layer-wise cosine theorem,disabled: no norm-table or radial-layer candidate filter,"per-query, per-layer Eq. I_threshold with Binomial(K, theta/pi)",distance-table hash-bucket lookup with per-layer thresholds; union over L tables without intersecting sphere-layer masks or exact norm-table filter,0.5210460000488042,0.2591092633653609,0.3158424083949228,0.6374156443352883,0.3625829571715995,0.362588313644109,225.85,450.025,0.5018843311160385,0.0,15.815579646800566,0.9230458250003792,38.155421292,0.5018843311160385,0.6374170428284005,False,0.7730635477245809,0.8119303448901729,0.4530709247432511
isolet,12,20,query_adaptive_R25,25.0,0.14,3.3612990379333496,0.95,round(norm/delta),layer-wise cosine theorem,disabled: no norm-table or radial-layer candidate filter,"per-query, per-layer Eq. I_threshold with Binomial(K, theta/pi)",distance-table hash-bucket lookup with per-layer thresholds; union over L tables without intersecting sphere-layer masks or exact norm-table filter,0.5507994755268147,0.3769944567627494,0.4070634676105099,0.7754423477685843,0.2245552170428695,0.2245684145936726,336.325,450.025,0.7473819906380882,2.2350000000000003,15.815579646800566,1.386585400000051,38.155421292,0.7473819906380882,0.7754447829571305,False,0.6590995127974548,0.7199357212407114,0.49651630772391153
isolet,12,30,query_adaptive_R25,25.0,0.14,3.3612990379333496,0.95,round(norm/delta),layer-wise cosine theorem,disabled: no norm-table or radial-layer candidate filter,"per-query, per-layer Eq. I_threshold with Binomial(K, theta/pi)",distance-table hash-bucket lookup with per-layer thresholds; union over L tables without intersecting sphere-layer masks or exact norm-table filter,0.5134997650882914,0.5100363389997536,0.4859088614787973,0.9187762444099424,0.0812205643706138,0.0812341049184848,479.6,450.025,1.065751416605075,6.05,15.815579646800566,1.5861280499999353,38.155421292,1.065751416605075,0.9187794356293862,False,0.6100407338699938,0.6006340725799938,0.5210474581701013
isolet,12,40,query_adaptive_R25,25.0,0.14,3.3612990379333496,0.95,round(norm/delta),layer-wise cosine theorem,disabled: no norm-table or radial-layer candidate filter,"per-query, per-layer Eq. I_threshold with Binomial(K, theta/pi)",distance-table hash-bucket lookup with per-layer thresholds; union over L tables without intersecting sphere-layer masks or exact norm-table filter,0.4284451267715997,0.6878439270756344,0.5234041710562964,0.969831626440396,0.0301610197540532,0.0301778215340242,738.325,450.025,1.640644370534614,11.185,15.815579646800566,1.7401915500000698,38.155421292,1.640644370534614,0.9698389802459468,False,0.5721632816696655,0.38520610867011784,0.5142606073617315
isolet,12,50,query_adaptive_R25,25.0,0.14,3.3612990379333496,0.95,round(norm/delta),layer-wise cosine theorem,disabled: no norm-table or radial-layer candidate filter,"per-query, per-layer Eq. I_threshold with Binomial(K, theta/pi)",distance-table hash-bucket lookup with per-layer thresholds; union over L tables without intersecting sphere-layer masks or exact norm-table filter,0.3432488075133305,0.867889135254989,0.489679820335143,0.9931995704570886,0.006801064688067,0.0068034499072832,1158.05,450.025,2.573282212367578,19.19,15.815579646800566,2.014343774999716,38.155421292,2.573282212367578,0.993198935311933,False,0.5047612831558791,0.03572144381544762,0.46137424677674155
isolet,12,60,query_adaptive_R25,25.0,0.14,3.3612990379333496,0.95,round(norm/delta),layer-wise cosine theorem,disabled: no norm-table or radial-layer candidate filter,"per-query, per-layer Eq. I_threshold with Binomial(K, theta/pi)",distance-table hash-bucket lookup with per-layer thresholds; union over L tables without intersecting sphere-layer masks or exact norm-table filter,0.4822832351444862,0.6342937915742795,0.5325106059776019,0.951039340677062,0.0489554481986574,0.0489714332885979,628.625,450.025,1.396890243902439,17.095,15.815579646800566,1.983077075000672,38.155421292,1.396890243902439,0.9510445518013426,False,0.5124483922678671,0.4765473833127629,0.530912806303446
isolet,12,70,query_adaptive_R25,25.0,0.14,3.3612990379333496,0.95,round(norm/delta),layer-wise cosine theorem,disabled: no norm-table or radial-layer candidate filter,"per-query, per-layer Eq. I_threshold with Binomial(K, theta/pi)",distance-table hash-bucket lookup with per-layer thresholds; union over L tables without intersecting sphere-layer masks or exact norm-table filter,0.611295649860715,0.418819783197832,0.4414573558791815,0.873572968743726,0.1264248217440358,0.1264373207843255,367.7,450.025,0.8170964523281598,15.389999999999995,15.815579646800566,2.066152100000096,38.155421292,0.8170964523281598,0.8735751782559642,False,0.4920238901083419,0.6938118238537103,0.5197709117459323
isolet,12,80,query_adaptive_R25,25.0,0.14,3.3612990379333496,0.95,round(norm/delta),layer-wise cosine theorem,disabled: no norm-table or radial-layer candidate filter,"per-query, per-layer Eq. I_threshold with Binomial(K, theta/pi)",distance-table hash-bucket lookup with per-layer thresholds; union over L tables without intersecting sphere-layer masks or exact norm-table filter,0.7561395753538438,0.2466650652870164,0.3057545655592436,0.735340508849282,0.2646588140166771,0.2646693124194931,182.175,450.025,0.4048317319536831,13.114999999999998,15.815579646800566,2.133637500000063,38.155421292,0.4048317319536831,0.7353411859833229,False,0.4754321924465559,0.8482985829887565,0.4963984019122407
isolet,12,90,query_adaptive_R25,25.0,0.14,3.3612990379333496,0.95,round(norm/delta),layer-wise cosine theorem,disabled: no norm-table or radial-layer candidate filter,"per-query, per-layer Eq. I_threshold with Binomial(K, theta/pi)",distance-table hash-bucket lookup with per-layer thresholds; union over L tables without intersecting sphere-layer masks or exact norm-table filter,0.7683913588590225,0.1222777777777777,0.1764740946063434,0.5110783767845349,0.4889214405969017,0.4889244263205077,73.375,450.025,0.1630555555555555,10.915,15.815579646800566,2.221487474999684,38.155421292,0.1630555555555555,0.5110785594030983,False,0.45383373967321716,0.9388986660952671,0.4418458152804823
isolet,12,100,query_adaptive_R25,25.0,0.14,3.3612990379333496,0.95,round(norm/delta),layer-wise cosine theorem,disabled: no norm-table or radial-layer candidate filter,"per-query, per-layer Eq. I_threshold with Binomial(K, theta/pi)",distance-table hash-bucket lookup with per-layer thresholds; union over L tables without intersecting sphere-layer masks or exact norm-table filter,0.4940960690496294,0.0315555555555555,0.0543740322801682,0.2281143470418591,0.7718856440920199,0.7718863416663859,14.7,450.025,0.0326666666666666,6.6,15.815579646800566,2.2549509999997497,38.155421292,0.0326666666666666,0.22811435590798013,False,0.44560652772072107,0.9877589150473652,0.31931020331471816
isolet,13,10,query_adaptive_R25,25.0,0.14,3.3612990379333496,0.95,round(norm/delta),layer-wise cosine theorem,disabled: no norm-table or radial-layer candidate filter,"per-query, per-layer Eq. I_threshold with Binomial(K, theta/pi)",distance-table hash-bucket lookup with per-layer thresholds; union over L tables without intersecting sphere-layer masks or exact norm-table filter,0.5206391828870693,0.262220374476472,0.3187117355572352,0.638871379731125,0.3611271210133677,0.3611324801947299,229.175,450.025,0.5092730968218773,0.0,15.815579646800566,0.9649198500003564,38.155421292,0.5092730968218773,0.6388728789866323,False,0.762768562991853,0.8091615742156743,0.45366564234403783
isolet,13,20,query_adaptive_R25,25.0,0.14,3.3612990379333496,0.95,round(norm/delta),layer-wise cosine theorem,disabled: no norm-table or radial-layer candidate filter,"per-query, per-layer Eq. I_threshold with Binomial(K, theta/pi)",distance-table hash-bucket lookup with per-layer thresholds; union over L tables without intersecting sphere-layer masks or exact norm-table filter,0.5495018318383668,0.3796610002463661,0.4047317889405328,0.7846322363012356,0.215365293259631,0.2153785512654637,342.475,450.025,0.7610485341217048,2.205,15.815579646800566,1.3495156999995928,38.155421292,0.7610485341217048,0.784634706740369,False,0.6682133248934194,0.7148144971654513,0.4955966249575401
isolet,13,30,query_adaptive_R25,25.0,0.14,3.3612990379333496,0.95,round(norm/delta),layer-wise cosine theorem,disabled: no norm-table or radial-layer candidate filter,"per-query, per-layer Eq. I_threshold with Binomial(K, theta/pi)",distance-table hash-bucket lookup with per-layer thresholds; union over L tables without intersecting sphere-layer masks or exact norm-table filter,0.5142677258639516,0.5147028824833704,0.4890442408772635,0.9209047306585132,0.0790920623047639,0.0791059305698309,483.4,450.025,1.0741957378664695,6.045,15.815579646800566,1.6168426999996657,38.155421292,1.0741957378664695,0.920907937695236,False,0.6024893496212029,0.5974697566434202,0.5224179232472774
isolet,13,40,query_adaptive_R25,25.0,0.14,3.3612990379333496,0.95,round(norm/delta),layer-wise cosine theorem,disabled: no norm-table or radial-layer candidate filter,"per-query, per-layer Eq. I_threshold with Binomial(K, theta/pi)",distance-table hash-bucket lookup with per-layer thresholds; union over L tables without intersecting sphere-layer masks or exact norm-table filter,0.4292427437660315,0.6895661492978566,0.5248371256057006,0.970055276833936,0.0299375196378771,0.0299543203734714,738.525,450.025,1.641088814979059,11.15,15.815579646800566,1.7762573999997144,38.155421292,1.641088814979059,0.970062480362123,False,0.5632962722259973,0.3850395632966125,0.5148376578688661
isolet,13,50,query_adaptive_R25,25.0,0.14,3.3612990379333496,0.95,round(norm/delta),layer-wise cosine theorem,disabled: no norm-table or radial-layer candidate filter,"per-query, per-layer Eq. I_threshold with Binomial(K, theta/pi)",distance-table hash-bucket lookup with per-layer thresholds; union over L tables without intersecting sphere-layer masks or exact norm-table filter,0.3426909381122259,0.8708891352549888,0.4895710935489649,0.9935136698949798,0.0064869535951364,0.0064893436515345,1164.2,450.025,2.5869485094850946,19.19,15.815579646800566,2.061990675000125,38.155421292,2.5869485094850946,0.9935130464048636,False,0.49304700185461225,0.030600312060239387,0.4604428412229584
isolet,13,60,query_adaptive_R25,25.0,0.14,3.3612990379333496,0.95,round(norm/delta),layer-wise cosine theorem,disabled: no norm-table or radial-layer candidate filter,"per-query, per-layer Eq. I_threshold with Binomial(K, theta/pi)",distance-table hash-bucket lookup with per-layer thresholds; union over L tables without intersecting sphere-layer masks or exact norm-table filter,0.4812562375880577,0.6438492239467849,0.536670219970188,0.9527355143716828,0.0472591452054674,0.0472751744576391,637.3,450.025,1.4161678984971666,17.095,15.815579646800566,2.08130622500029,38.155421292,1.4161678984971666,0.9527408547945326,False,0.48829815594462267,0.4693235238969994,0.5317319175577182
isolet,13,70,query_adaptive_R25,25.0,0.14,3.3612990379333496,0.95,round(norm/delta),layer-wise cosine theorem,disabled: no norm-table or radial-layer candidate filter,"per-query, per-layer Eq. I_threshold with Binomial(K, theta/pi)",distance-table hash-bucket lookup with per-layer thresholds; union over L tables without intersecting sphere-layer masks or exact norm-table filter,0.6104095280122186,0.4280416358709041,0.4478663770555,0.8883634413393737,0.1116341773933541,0.1116471016664914,375.25,450.025,0.8338738605567875,15.37,15.815579646800566,2.107939525000013,38.155421292,0.8338738605567875,0.8883658226066459,False,0.4817501965144162,0.6875248744839655,0.5221801821449761
isolet,13,80,query_adaptive_R25,25.0,0.14,3.3612990379333496,0.95,round(norm/delta),layer-wise cosine theorem,disabled: no norm-table or radial-layer candidate filter,"per-query, per-layer Eq. I_threshold with Binomial(K, theta/pi)",distance-table hash-bucket lookup with per-layer thresholds; union over L tables without intersecting sphere-layer masks or exact norm-table filter,0.757768458972085,0.250720497659522,0.3106932600633599,0.7395916610867695,0.2604076466667985,0.2604182436071997,184.15,450.025,0.409220497659522,13.060000000000002,15.815579646800566,2.172076025000002,38.155421292,0.409220497659522,0.7395923533332015,False,0.4659818463663029,0.8466539935854182,0.4986260466532295
isolet,13,90,query_adaptive_R25,25.0,0.14,3.3612990379333496,0.95,round(norm/delta),layer-wise cosine theorem,disabled: no norm-table or radial-layer candidate filter,"per-query, per-layer Eq. I_threshold with Binomial(K, theta/pi)",distance-table hash-bucket lookup with per-layer thresholds; union over L tables without intersecting sphere-layer masks or exact norm-table filter,0.7639438475818959,0.1275,0.1832916382194389,0.5170375427402706,0.48296226662733,0.4829653069694528,76.95,450.025,0.1709999999999999,10.835,15.815579646800566,2.2613792499996066,38.155421292,0.1709999999999999,0.51703773337267,False,0.4440261032067957,0.9359216675438611,0.4432275905641966
isolet,13,100,query_adaptive_R25,25.0,0.14,3.3612990379333496,0.95,round(norm/delta),layer-wise cosine theorem,disabled: no norm-table or radial-layer candidate filter,"per-query, per-layer Eq. I_threshold with Binomial(K, theta/pi)",distance-table hash-bucket lookup with per-layer thresholds; union over L tables without intersecting sphere-layer masks or exact norm-table filter,0.4944005847953215,0.0312777777777777,0.0539220769328347,0.2368837189963955,0.7631162662625899,0.7631169777305451,14.6,450.025,0.0324444444444444,6.42,15.815579646800566,2.337217749999354,38.155421292,0.0324444444444444,0.23688373373741012,False,0.42538074490529976,0.9878421877341179,0.31817379408626073
isolet,14,10,query_adaptive_R25,25.0,0.14,3.3612990379333496,0.95,round(norm/delta),layer-wise cosine theorem,disabled: no norm-table or radial-layer candidate filter,"per-query, per-layer Eq. I_threshold with Binomial(K, theta/pi)",distance-table hash-bucket lookup with per-layer thresholds; union over L tables without intersecting sphere-layer masks or exact norm-table filter,0.5181564010161175,0.2686080315348608,0.3250221495332853,0.6662635345873182,0.3337349531547377,0.3337404004247093,236.1,450.025,0.5246561961074157,0.0,15.815579646800566,0.9460677749999036,38.155421292,0.5246561961074157,0.6662650468452622,False,0.7674034607431441,0.8033971101792735,0.4558981984616996
isolet,14,20,query_adaptive_R25,25.0,0.14,3.3612990379333496,0.95,round(norm/delta),layer-wise cosine theorem,disabled: no norm-table or radial-layer candidate filter,"per-query, per-layer Eq. I_threshold with Binomial(K, theta/pi)",distance-table hash-bucket lookup with per-layer thresholds; union over L tables without intersecting sphere-layer masks or exact norm-table filter,0.5518534637053081,0.3744943335796994,0.3990328964897536,0.7669300389649246,0.2330682018307324,0.233079840122587,335.525,450.025,0.7456039664942105,2.135,15.815579646800566,1.3570385500006663,38.155421292,0.7456039664942105,0.7669317981692676,False,0.666363786285471,0.7206019950547842,0.4939322349861718
isolet,14,30,query_adaptive_R25,25.0,0.14,3.3612990379333496,0.95,round(norm/delta),layer-wise cosine theorem,disabled: no norm-table or radial-layer candidate filter,"per-query, per-layer Eq. I_threshold with Binomial(K, theta/pi)",distance-table hash-bucket lookup with per-layer thresholds; union over L tables without intersecting sphere-layer masks or exact norm-table filter,0.5136287810277492,0.5225360926336536,0.4938654345806764,0.9244370277674288,0.0755597134487622,0.0755736019550214,490.6,450.025,1.0901954915003695,6.045,15.815579646800566,1.6907550750003608,38.155421292,1.0901954915003695,0.9244402865512378,False,0.5843175409118129,0.5914742155172836,0.5237043252600879
isolet,14,40,query_adaptive_R25,25.0,0.14,3.3612990379333496,0.95,round(norm/delta),layer-wise cosine theorem,disabled: no norm-table or radial-layer candidate filter,"per-query, per-layer Eq. I_threshold with Binomial(K, theta/pi)",distance-table hash-bucket lookup with per-layer thresholds; union over L tables without intersecting sphere-layer masks or exact norm-table filter,0.4306676558355148,0.6928434343434343,0.5272928447370069,0.9746851026136248,0.025307747627978,0.0253245800323499,737.8,450.025,1.6394768415865977,11.13,15.815579646800566,1.7860979750004446,38.155421292,1.6394768415865977,0.974692252372022,False,0.5608769067746504,0.3856436133957504,0.516678483833613
isolet,14,50,query_adaptive_R25,25.0,0.14,3.3612990379333496,0.95,round(norm/delta),layer-wise cosine theorem,disabled: no norm-table or radial-layer candidate filter,"per-query, per-layer Eq. I_threshold with Binomial(K, theta/pi)",distance-table hash-bucket lookup with per-layer thresholds; union over L tables without intersecting sphere-layer masks or exact norm-table filter,0.3414435193937745,0.8748890120719388,0.4888563875806094,0.9960593884442492,0.00394119795132,0.0039435728021555,1174.425,450.025,2.6096677753141164,19.19,15.815579646800566,2.0274290749997093,38.155421292,2.6096677753141164,0.99605880204868,False,0.5015441822508869,0.022086787680406283,0.4598286451806499
isolet,14,60,query_adaptive_R25,25.0,0.14,3.3612990379333496,0.95,round(norm/delta),layer-wise cosine theorem,disabled: no norm-table or radial-layer candidate filter,"per-query, per-layer Eq. I_threshold with Binomial(K, theta/pi)",distance-table hash-bucket lookup with per-layer thresholds; union over L tables without intersecting sphere-layer masks or exact norm-table filter,0.4802365344226101,0.6519595959595959,0.5401686374430257,0.95414473541785,0.0458498179650748,0.0458658662357833,645.0,450.025,1.433278270509978,17.080000000000002,15.815579646800566,2.160267724999265,38.155421292,1.433278270509978,0.9541501820349252,False,0.46888498902400366,0.4629118039772032,0.5323910959504113
isolet,14,70,query_adaptive_R25,25.0,0.14,3.3612990379333496,0.95,round(norm/delta),layer-wise cosine theorem,disabled: no norm-table or radial-layer candidate filter,"per-query, per-layer Eq. I_threshold with Binomial(K, theta/pi)",distance-table hash-bucket lookup with per-layer thresholds; union over L tables without intersecting sphere-layer masks or exact norm-table filter,0.610046418887588,0.4317081793545208,0.451229975684523,0.8914266966156583,0.1085708972296551,0.1085841144763312,378.25,450.025,0.840540404040404,15.364999999999998,15.815579646800566,2.115261450000183,38.155421292,0.840540404040404,0.8914291027703449,False,0.4799500565448056,0.685026740041413,0.5235352459158364
isolet,14,80,query_adaptive_R25,25.0,0.14,3.3612990379333496,0.95,round(norm/delta),layer-wise cosine theorem,disabled: no norm-table or radial-layer candidate filter,"per-query, per-layer Eq. I_threshold with Binomial(K, theta/pi)",distance-table hash-bucket lookup with per-layer thresholds; union over L tables without intersecting sphere-layer masks or exact norm-table filter,0.7572911034995531,0.2531649421039664,0.3126658442308159,0.7405153039816881,0.2594839534442631,0.2594945698228028,185.825,450.025,0.4129427198817443,13.010000000000002,15.815579646800566,2.157861375000003,38.155421292,0.4129427198817443,0.7405160465557369,False,0.4694766048647071,0.8452591760823118,0.4996515164320492
isolet,14,90,query_adaptive_R25,25.0,0.14,3.3612990379333496,0.95,round(norm/delta),layer-wise cosine theorem,disabled: no norm-table or radial-layer candidate filter,"per-query, per-layer Eq. I_threshold with Binomial(K, theta/pi)",distance-table hash-bucket lookup with per-layer thresholds; union over L tables without intersecting sphere-layer masks or exact norm-table filter,0.7435970438223147,0.1273333333333333,0.1849749939949379,0.5157244719867592,0.4842753518938171,0.4842783896790517,75.875,450.025,0.1686111111111111,10.77,15.815579646800566,2.241472875000561,38.155421292,0.1686111111111111,0.5157246481061829,False,0.4489202070503895,0.9368168489264517,0.4390757132119608
isolet,14,100,query_adaptive_R25,25.0,0.14,3.3612990379333496,0.95,round(norm/delta),layer-wise cosine theorem,disabled: no norm-table or radial-layer candidate filter,"per-query, per-layer Eq. I_threshold with Binomial(K, theta/pi)",distance-table hash-bucket lookup with per-layer thresholds; union over L tables without intersecting sphere-layer masks or exact norm-table filter,0.4942273576097105,0.0308888888888888,0.0529442960166157,0.2330557526435779,0.7669442371455129,0.766944947706318,14.45,450.025,0.0321111111111111,6.29,15.815579646800566,2.2874823999996963,38.155421292,0.0321111111111111,0.23305576285448715,False,0.43760848439114153,0.9879670967642468,0.3183406095202149
isolet,15,10,query_adaptive_R25,25.0,0.14,3.3612990379333496,0.95,round(norm/delta),layer-wise cosine theorem,disabled: no norm-table or radial-layer candidate filter,"per-query, per-layer Eq. I_threshold with Binomial(K, theta/pi)",distance-table hash-bucket lookup with per-layer thresholds; union over L tables without intersecting sphere-layer masks or exact norm-table filter,0.5156451234907967,0.2751634639073663,0.3298289163284751,0.6929371023190459,0.3070613446567652,0.3070668538767004,243.7,450.025,0.5415447154471545,0.0,15.815579646800566,0.988081199999513,38.155421292,0.5415447154471545,0.6929386553432348,False,0.7570742036693181,0.7970685244661524,0.45679808322252746
isolet,15,20,query_adaptive_R25,25.0,0.14,3.3612990379333496,0.95,round(norm/delta),layer-wise cosine theorem,disabled: no norm-table or radial-layer candidate filter,"per-query, per-layer Eq. I_threshold with Binomial(K, theta/pi)",distance-table hash-bucket lookup with per-layer thresholds; union over L tables without intersecting sphere-layer masks or exact norm-table filter,0.5518089983492482,0.3729943335796994,0.3935446257823298,0.7783612146273754,0.2216369768620471,0.2216487003919953,340.275,450.025,0.756159522049766,2.125,15.815579646800566,1.352855250000751,38.155421292,0.756159522049766,0.7783630231379529,False,0.6673922761340483,0.7166465424340348,0.49115833049887503
isolet,15,30,query_adaptive_R25,25.0,0.14,3.3612990379333496,0.95,round(norm/delta),layer-wise cosine theorem,disabled: no norm-table or radial-layer candidate filter,"per-query, per-layer Eq. I_threshold with Binomial(K, theta/pi)",distance-table hash-bucket lookup with per-layer thresholds; union over L tables without intersecting sphere-layer masks or exact norm-table filter,0.5053919717571449,0.5272026361172703,0.4921242102185154,0.924743282791986,0.0752533269437992,0.0752672300035252,502.85,450.025,1.1174175905395418,6.035,15.815579646800566,1.608190650000374,38.155421292,1.1174175905395418,0.9247466730562008,False,0.6046165089437079,0.5812733575501139,0.5214538228189232
isolet,15,40,query_adaptive_R25,25.0,0.14,3.3612990379333496,0.95,round(norm/delta),layer-wise cosine theorem,disabled: no norm-table or radial-layer candidate filter,"per-query, per-layer Eq. I_threshold with Binomial(K, theta/pi)",distance-table hash-bucket lookup with per-layer thresholds; union over L tables without intersecting sphere-layer masks or exact norm-table filter,0.4290605712613725,0.6929545454545455,0.5250658924004077,0.974951587916323,0.0250410799377224,0.0250579184497109,744.375,450.025,1.6540879526977086,11.125,15.815579646800566,1.7484396249999534,38.155421292,1.6540879526977086,0.9749589200622776,False,0.5701354420674719,0.38016843424176583,0.5151611514860334
isolet,15,50,query_adaptive_R25,25.0,0.14,3.3612990379333496,0.95,round(norm/delta),layer-wise cosine theorem,disabled: no norm-table or radial-layer candidate filter,"per-query, per-layer Eq. I_threshold with Binomial(K, theta/pi)",distance-table hash-bucket lookup with per-layer thresholds; union over L tables without intersecting sphere-layer masks or exact norm-table filter,0.3401229086375606,0.8755556787386055,0.4875790437636459,0.9960596461800868,0.0039410578061789,0.0039433086772134,1179.975,450.025,2.6220002463661,19.19,15.815579646800566,2.0408269750003427,38.155421292,2.6220002463661,0.9960589421938211,False,0.49825022672697417,0.017465476685817438,0.45832686106360865
isolet,15,60,query_adaptive_R25,25.0,0.14,3.3612990379333496,0.95,round(norm/delta),layer-wise cosine theorem,disabled: no norm-table or radial-layer candidate filter,"per-query, per-layer Eq. I_threshold with Binomial(K, theta/pi)",distance-table hash-bucket lookup with per-layer thresholds; union over L tables without intersecting sphere-layer masks or exact norm-table filter,0.4763637350886446,0.6542372505543238,0.5385472273070189,0.9542392357854824,0.0457552290071156,0.0457712798395872,652.3,450.025,1.44950036954915,17.07,15.815579646800566,2.139636525000199,38.155421292,1.44950036954915,0.9542447709928844,False,0.47395729551969756,0.4568329440042882,0.5306527198171107
isolet,15,70,query_adaptive_R25,25.0,0.14,3.3612990379333496,0.95,round(norm/delta),layer-wise cosine theorem,disabled: no norm-table or radial-layer candidate filter,"per-query, per-layer Eq. I_threshold with Binomial(K, theta/pi)",distance-table hash-bucket lookup with per-layer thresholds; union over L tables without intersecting sphere-layer masks or exact norm-table filter,0.6045295959092022,0.4362637349100763,0.4526157046846489,0.891986154179493,0.108011295702271,0.1080245168080541,385.85,450.025,0.857429292929293,15.355,15.815579646800566,2.1331499749999594,38.155421292,0.857429292929293,0.891988704297729,False,0.47555205344470197,0.678698015848214,0.5223829476484101
isolet,15,80,query_adaptive_R25,25.0,0.14,3.3612990379333496,0.95,round(norm/delta),layer-wise cosine theorem,disabled: no norm-table or radial-layer candidate filter,"per-query, per-layer Eq. I_threshold with Binomial(K, theta/pi)",distance-table hash-bucket lookup with per-layer thresholds; union over L tables without intersecting sphere-layer masks or exact norm-table filter,0.7549168253531862,0.2518879034244888,0.3090315744837936,0.7365355118288025,0.2634637669453835,0.2634743673786049,186.575,450.025,0.414610125646711,12.919999999999998,15.815579646800566,2.208810425000607,38.155421292,0.414610125646711,0.7365362330546166,False,0.4569504698226736,0.8446343539715118,0.49681051467938253
isolet,15,90,query_adaptive_R25,25.0,0.14,3.3612990379333496,0.95,round(norm/delta),layer-wise cosine theorem,disabled: no norm-table or radial-layer candidate filter,"per-query, per-layer Eq. I_threshold with Binomial(K, theta/pi)",distance-table hash-bucket lookup with per-layer thresholds; union over L tables without intersecting sphere-layer masks or exact norm-table filter,0.7338369089073946,0.1323888888888889,0.189603079132697,0.5160349594835567,0.4839648479603247,0.483967887379532,80.95,450.025,0.1798888888888889,10.725,15.815579646800566,2.28175312500003,38.155421292,0.1798888888888889,0.5160351520396753,False,0.43901706163326715,0.9325907600737563,0.43813754979379715
isolet,15,100,query_adaptive_R25,25.0,0.14,3.3612990379333496,0.95,round(norm/delta),layer-wise cosine theorem,disabled: no norm-table or radial-layer candidate filter,"per-query, per-layer Eq. I_threshold with Binomial(K, theta/pi)",distance-table hash-bucket lookup with per-layer thresholds; union over L tables without intersecting sphere-layer masks or exact norm-table filter,0.4651649331725455,0.0311111111111111,0.0537583413984536,0.2302285690926086,0.7697714210666614,0.7697720118884854,14.975,450.025,0.0332777777777777,6.195,15.815579646800566,2.3311426999997664,38.155421292,0.0332777777777777,0.2302285789333386,False,0.42687433304248856,0.9875299151587956,0.31080207893076106
isolet,16,10,query_adaptive_R25,25.0,0.14,3.3612990379333496,0.95,round(norm/delta),layer-wise cosine theorem,disabled: no norm-table or radial-layer candidate filter,"per-query, per-layer Eq. I_threshold with Binomial(K, theta/pi)",distance-table hash-bucket lookup with per-layer thresholds; union over L tables without intersecting sphere-layer masks or exact norm-table filter,0.5022542165312276,0.2912187730968218,0.338030276326268,0.7082989103921224,0.2916994450468954,0.2917052291569167,265.975,450.025,0.5910421286031042,0.0,15.815579646800566,0.9104677500005208,38.155421292,0.5910421286031042,0.7083005549531046,False,0.7761559442661294,0.7785205028525511,0.45770377810755414
isolet,16,20,query_adaptive_R25,25.0,0.14,3.3612990379333496,0.95,round(norm/delta),layer-wise cosine theorem,disabled: no norm-table or radial-layer candidate filter,"per-query, per-layer Eq. I_threshold with Binomial(K, theta/pi)",distance-table hash-bucket lookup with per-layer thresholds; union over L tables without intersecting sphere-layer masks or exact norm-table filter,0.5571449852141026,0.3720497659522049,0.3941223306385003,0.7858116064976747,0.2141866490063081,0.2141994289252439,337.825,450.025,0.7507147080561716,2.085,15.815579646800566,1.392020774999736,38.155421292,0.7507147080561716,0.7858133509936919,False,0.6577631926649039,0.7186868617395517,0.49233020411161965
isolet,16,30,query_adaptive_R25,25.0,0.14,3.3612990379333496,0.95,round(norm/delta),layer-wise cosine theorem,disabled: no norm-table or radial-layer candidate filter,"per-query, per-layer Eq. I_threshold with Binomial(K, theta/pi)",distance-table hash-bucket lookup with per-layer thresholds; union over L tables without intersecting sphere-layer masks or exact norm-table filter,0.4999818944009828,0.5417560975609756,0.4967184015206419,0.9274049262423552,0.0725912118070835,0.0726055948689351,523.125,450.025,1.162470189701897,6.029999999999999,15.815579646800566,1.7365948250008143,38.155421292,1.162470189701897,0.9274087881929165,False,0.5730475584726519,0.5643909281516428,0.5205091507910444
isolet,16,40,query_adaptive_R25,25.0,0.14,3.3612990379333496,0.95,round(norm/delta),layer-wise cosine theorem,disabled: no norm-table or radial-layer candidate filter,"per-query, per-layer Eq. I_threshold with Binomial(K, theta/pi)",distance-table hash-bucket lookup with per-layer thresholds; union over L tables without intersecting sphere-layer masks or exact norm-table filter,0.4263687113162932,0.7019535599901454,0.5258753863732516,0.9758600462053572,0.0241324282438465,0.0241492866179902,758.6,450.025,1.6856968465139195,11.125,15.815579646800566,1.818866700000044,38.155421292,1.6856968465139195,0.9758675717561535,False,0.552820515644779,0.3683237254316726,0.5139288596547302
isolet,16,50,query_adaptive_R25,25.0,0.14,3.3612990379333496,0.95,round(norm/delta),layer-wise cosine theorem,disabled: no norm-table or radial-layer candidate filter,"per-query, per-layer Eq. I_threshold with Binomial(K, theta/pi)",distance-table hash-bucket lookup with per-layer thresholds; union over L tables without intersecting sphere-layer masks or exact norm-table filter,0.338882359756002,0.8764445676274943,0.4863781304683148,0.9960626411905972,0.0039380938027439,0.003940283093558,1185.95,450.025,2.635276669130328,19.19,15.815579646800566,2.058331174999495,38.155421292,2.635276669130328,0.9960619061972561,False,0.4939467122749963,0.012490441412633335,0.4568127509540544
isolet,16,60,query_adaptive_R25,25.0,0.14,3.3612990379333496,0.95,round(norm/delta),layer-wise cosine theorem,disabled: no norm-table or radial-layer candidate filter,"per-query, per-layer Eq. I_threshold with Binomial(K, theta/pi)",distance-table hash-bucket lookup with per-layer thresholds; union over L tables without intersecting sphere-layer masks or exact norm-table filter,0.4729228240413229,0.6589592264104459,0.538106185181841,0.9542974647146668,0.0456967992657113,0.045712862001724,662.4,450.025,1.4719444444444445,17.060000000000002,15.815579646800566,2.158158325000592,38.155421292,1.4719444444444445,0.9543032007342886,False,0.46940359789385944,0.44842254112235147,0.52909327716911
isolet,16,70,query_adaptive_R25,25.0,0.14,3.3612990379333496,0.95,round(norm/delta),layer-wise cosine theorem,disabled: no norm-table or radial-layer candidate filter,"per-query, per-layer Eq. I_threshold with Binomial(K, theta/pi)",distance-table hash-bucket lookup with per-layer thresholds; union over L tables without intersecting sphere-layer masks or exact norm-table filter,0.60225574932883,0.4403744764720375,0.4547212409632492,0.8921363344777277,0.107861040197586,0.1078742629624549,391.425,450.025,0.8698178122690319,15.35,15.815579646800566,2.156390599999547,38.155421292,0.8698178122690319,0.892138959802414,False,0.4698382038792509,0.6740557020418334,0.5223915324639897
isolet,16,80,query_adaptive_R25,25.0,0.14,3.3612990379333496,0.95,round(norm/delta),layer-wise cosine theorem,disabled: no norm-table or radial-layer candidate filter,"per-query, per-layer Eq. I_threshold with Binomial(K, theta/pi)",distance-table hash-bucket lookup with per-layer thresholds; union over L tables without intersecting sphere-layer masks or exact norm-table filter,0.7489937609861779,0.2552767923133777,0.3115526635671519,0.7431146758086943,0.2568845539040795,0.2568951945859686,190.4,450.025,0.4231101256467109,12.905,15.815579646800566,2.203971925000125,38.155421292,0.4231101256467109,0.7431154460959205,False,0.4581400445920991,0.8414491737032241,0.49647160924281175
isolet,16,90,query_adaptive_R25,25.0,0.14,3.3612990379333496,0.95,round(norm/delta),layer-wise cosine theorem,disabled: no norm-table or radial-layer candidate filter,"per-query, per-layer Eq. I_threshold with Binomial(K, theta/pi)",distance-table hash-bucket lookup with per-layer thresholds; union over L tables without intersecting sphere-layer masks or exact norm-table filter,0.7588152838625224,0.1335,0.1908885201124938,0.5165550595782267,0.4834447326157276,0.4834477723155642,81.625,450.025,0.1813888888888889,10.68,15.815579646800566,2.299703175000367,38.155421292,0.1813888888888889,0.5165552673842724,False,0.4346039322360985,0.9320286694381762,0.4447493000325347
isolet,16,100,query_adaptive_R25,25.0,0.14,3.3612990379333496,0.95,round(norm/delta),layer-wise cosine theorem,disabled: no norm-table or radial-layer candidate filter,"per-query, per-layer Eq. I_threshold with Binomial(K, theta/pi)",distance-table hash-bucket lookup with per-layer thresholds; union over L tables without intersecting sphere-layer masks or exact norm-table filter,0.4650305245703949,0.0272777777777777,0.0475671873050625,0.2132166893761258,0.7867832984512443,0.7867838465142106,13.225,450.025,0.0293888888888888,6.090000000000001,15.815579646800566,2.32316047500003,38.155421292,0.0293888888888888,0.21321670154875572,False,0.42883681179884237,0.9889871871769664,0.30815162092141324
isolet,17,10,query_adaptive_R25,25.0,0.14,3.3612990379333496,0.95,round(norm/delta),layer-wise cosine theorem,disabled: no norm-table or radial-layer candidate filter,"per-query, per-layer Eq. I_threshold with Binomial(K, theta/pi)",distance-table hash-bucket lookup with per-layer thresholds; union over L tables without intersecting sphere-layer masks or exact norm-table filter,0.5027412394682091,0.2983284060113328,0.3448010931366306,0.711970639374159,0.2880275913469683,0.2880334300312906,271.725,450.025,0.6038184281842819,0.0,15.815579646800566,1.036346949999967,38.155421292,0.6038184281842819,0.7119724086530317,False,0.7452077743167875,0.7737328772845866,0.4593516939756669
isolet,17,20,query_adaptive_R25,25.0,0.14,3.3612990379333496,0.95,round(norm/delta),layer-wise cosine theorem,disabled: no norm-table or radial-layer candidate filter,"per-query, per-layer Eq. I_threshold with Binomial(K, theta/pi)",distance-table hash-bucket lookup with per-layer thresholds; union over L tables without intersecting sphere-layer masks or exact norm-table filter,0.5619655780303676,0.3647719881744272,0.3933415823614407,0.7791324333281323,0.2208658191887583,0.2208787256852344,327.425,450.025,0.7276035969450604,2.065,15.815579646800566,1.5209375000003078,38.155421292,0.7276035969450604,0.7791341808112417,False,0.6260682286466401,0.7273472211618239,0.49152084057558715
isolet,17,30,query_adaptive_R25,25.0,0.14,3.3612990379333496,0.95,round(norm/delta),layer-wise cosine theorem,disabled: no norm-table or radial-layer candidate filter,"per-query, per-layer Eq. I_threshold with Binomial(K, theta/pi)",distance-table hash-bucket lookup with per-layer thresholds; union over L tables without intersecting sphere-layer masks or exact norm-table filter,0.4992528574789014,0.5407560975609756,0.4941957857129468,0.9268494889942548,0.0731470340977702,0.0731611352588101,522.925,450.025,1.1620257452574525,6.025,15.815579646800566,1.8142166749999689,38.155421292,1.1620257452574525,0.9268529659022298,False,0.5539637526845096,0.564557473525148,0.5183147675444495
isolet,17,40,query_adaptive_R25,25.0,0.14,3.3612990379333496,0.95,round(norm/delta),layer-wise cosine theorem,disabled: no norm-table or radial-layer candidate filter,"per-query, per-layer Eq. I_threshold with Binomial(K, theta/pi)",distance-table hash-bucket lookup with per-layer thresholds; union over L tables without intersecting sphere-layer masks or exact norm-table filter,0.4239681479460436,0.7053978812515398,0.5255545150339711,0.9758931350179052,0.0240992980379495,0.0241161567176121,764.525,450.025,1.6988631436314363,11.125,15.815579646800566,1.883557349999876,38.155421292,1.6988631436314363,0.9759007019620505,False,0.5369159243355158,0.3633899572216577,0.5123699832987332
isolet,17,50,query_adaptive_R25,25.0,0.14,3.3612990379333496,0.95,round(norm/delta),layer-wise cosine theorem,disabled: no norm-table or radial-layer candidate filter,"per-query, per-layer Eq. I_threshold with Binomial(K, theta/pi)",distance-table hash-bucket lookup with per-layer thresholds; union over L tables without intersecting sphere-layer masks or exact norm-table filter,0.3383107021593302,0.8776667898497166,0.4859071355788585,0.99607019888995,0.0039305238697665,0.0039327162131841,1190.35,450.025,2.6450543237250552,19.19,15.815579646800566,2.142438450001194,38.155421292,2.6450543237250552,0.9960694761302336,False,0.47326842514940226,0.00882648935554442,0.45516592562317815
isolet,17,60,query_adaptive_R25,25.0,0.14,3.3612990379333496,0.95,round(norm/delta),layer-wise cosine theorem,disabled: no norm-table or radial-layer candidate filter,"per-query, per-layer Eq. I_threshold with Binomial(K, theta/pi)",distance-table hash-bucket lookup with per-layer thresholds; union over L tables without intersecting sphere-layer masks or exact norm-table filter,0.4715586766336413,0.660570337521557,0.5382173573254168,0.9543217698980756,0.0456724678613322,0.0456885313544518,664.9,450.025,1.4774997536338998,17.060000000000002,15.815579646800566,2.1998177000002173,38.155421292,1.4774997536338998,0.9543275321386678,False,0.45916138617439006,0.446340816273588,0.5282890034763752
isolet,17,70,query_adaptive_R25,25.0,0.14,3.3612990379333496,0.95,round(norm/delta),layer-wise cosine theorem,disabled: no norm-table or radial-layer candidate filter,"per-query, per-layer Eq. I_threshold with Binomial(K, theta/pi)",distance-table hash-bucket lookup with per-layer thresholds; union over L tables without intersecting sphere-layer masks or exact norm-table filter,0.6025012015503263,0.4417633653609263,0.4560979276439887,0.8922561612697699,0.1077412214255851,0.1077544454198235,392.35,450.025,0.8718733678245874,15.345,15.815579646800566,2.249823925000527,38.155421292,0.8718733678245874,0.8922587785744149,False,0.44686705041565133,0.6732854296893717,0.5219484151093512
isolet,17,80,query_adaptive_R25,25.0,0.14,3.3612990379333496,0.95,round(norm/delta),layer-wise cosine theorem,disabled: no norm-table or radial-layer candidate filter,"per-query, per-layer Eq. I_threshold with Binomial(K, theta/pi)",distance-table hash-bucket lookup with per-layer thresholds; union over L tables without intersecting sphere-layer masks or exact norm-table filter,0.7491912261278303,0.2553879034244888,0.311472888996512,0.7412053618823397,0.2587938748601999,0.2588045109190455,190.575,450.025,0.4234990145355999,12.865,15.815579646800566,2.24736979999971,38.155421292,0.4234990145355999,0.7412061251398001,False,0.4474704120322055,0.841303446501407,0.49595993594245585
isolet,17,90,query_adaptive_R25,25.0,0.14,3.3612990379333496,0.95,round(norm/delta),layer-wise cosine theorem,disabled: no norm-table or radial-layer candidate filter,"per-query, per-layer Eq. I_threshold with Binomial(K, theta/pi)",distance-table hash-bucket lookup with per-layer thresholds; union over L tables without intersecting sphere-layer masks or exact norm-table filter,0.7590115678201276,0.1341111111111111,0.1917637009857951,0.5251252079447966,0.4748745808565907,0.4748776213051133,81.9,450.025,0.182,10.64,15.815579646800566,2.317939550000148,38.155421292,0.182,0.5251254191434094,False,0.43012040808949104,0.9317996695496065,0.44496838035919795
isolet,17,100,query_adaptive_R25,25.0,0.14,3.3612990379333496,0.95,round(norm/delta),layer-wise cosine theorem,disabled: no norm-table or radial-layer candidate filter,"per-query, per-layer Eq. I_threshold with Binomial(K, theta/pi)",distance-table hash-bucket lookup with per-layer thresholds; union over L tables without intersecting sphere-layer masks or exact norm-table filter,0.4650305245703949,0.0272777777777777,0.0475671873050625,0.2132166893761258,0.7867832984512443,0.7867838465142106,13.225,450.025,0.0293888888888888,6.015,15.815579646800566,2.3528146000000305,38.155421292,0.0293888888888888,0.21321670154875572,False,0.42154616409689405,0.9889871871769664,0.3077870885363158
isolet,18,10,query_adaptive_R25,25.0,0.14,3.3612990379333496,0.95,round(norm/delta),layer-wise cosine theorem,disabled: no norm-table or radial-layer candidate filter,"per-query, per-layer Eq. I_threshold with Binomial(K, theta/pi)",distance-table hash-bucket lookup with per-layer thresholds; union over L tables without intersecting sphere-layer masks or exact norm-table filter,0.5043944033026644,0.3067169253510717,0.3519229025462041,0.7188420234212998,0.281156059278243,0.2811619687768873,279.25,450.025,0.6205397881251539,0.0,15.815579646800566,0.9947051000002816,38.155421292,0.6205397881251539,0.7188439407217571,False,0.7554456774080125,0.7674669307266336,0.46350732526644756
isolet,18,20,query_adaptive_R25,25.0,0.14,3.3612990379333496,0.95,round(norm/delta),layer-wise cosine theorem,disabled: no norm-table or radial-layer candidate filter,"per-query, per-layer Eq. I_threshold with Binomial(K, theta/pi)",distance-table hash-bucket lookup with per-layer thresholds; union over L tables without intersecting sphere-layer masks or exact norm-table filter,0.5619192959570206,0.3746586597684158,0.4022456158010676,0.7847922243123779,0.2152060153998721,0.2152189665634201,335.725,450.025,0.7460458240946046,2.055,15.815579646800566,1.4210896250002492,38.155421292,0.7460458240946046,0.784793984600128,False,0.6506164383953204,0.7204364190418231,0.49679380624935143
isolet,18,30,query_adaptive_R25,25.0,0.14,3.3612990379333496,0.95,round(norm/delta),layer-wise cosine theorem,disabled: no norm-table or radial-layer candidate filter,"per-query, per-layer Eq. I_threshold with Binomial(K, theta/pi)",distance-table hash-bucket lookup with per-layer thresholds; union over L tables without intersecting sphere-layer masks or exact norm-table filter,0.4978956798975348,0.5477544961813254,0.4977957023507672,0.9279250262280186,0.0720714492151877,0.0720855563098585,529.175,450.025,1.1759118009361913,6.025,15.815579646800566,1.7447260000009734,38.155421292,1.1759118009361913,0.9279285507848123,False,0.5710484594491922,0.5593539922837054,0.5207088368484327
isolet,18,40,query_adaptive_R25,25.0,0.14,3.3612990379333496,0.95,round(norm/delta),layer-wise cosine theorem,disabled: no norm-table or radial-layer candidate filter,"per-query, per-layer Eq. I_threshold with Binomial(K, theta/pi)",distance-table hash-bucket lookup with per-layer thresholds; union over L tables without intersecting sphere-layer masks or exact norm-table filter,0.4212918064265171,0.7131188716432618,0.5263975048131381,0.9770645128479164,0.0229275625683447,0.0229444558808073,775.3,450.025,1.7228045084996306,11.115,15.815579646800566,1.894026075000177,38.155421292,1.7228045084996306,0.9770724374316553,False,0.5343421243712352,0.3544184792247109,0.5120657307221483
isolet,18,50,query_adaptive_R25,25.0,0.14,3.3612990379333496,0.95,round(norm/delta),layer-wise cosine theorem,disabled: no norm-table or radial-layer candidate filter,"per-query, per-layer Eq. I_threshold with Binomial(K, theta/pi)",distance-table hash-bucket lookup with per-layer thresholds; union over L tables without intersecting sphere-layer masks or exact norm-table filter,0.3377636200130106,0.8792779009608278,0.4855632674603614,0.9961509592024655,0.003849692048831,0.0038518859509487,1195.0,450.025,2.655387287509239,19.19,15.815579646800566,2.176052000000084,38.155421292,2.655387287509239,0.996150307951169,False,0.4650043286348795,0.004954447901625358,0.4542370124235325
isolet,18,60,query_adaptive_R25,25.0,0.14,3.3612990379333496,0.95,round(norm/delta),layer-wise cosine theorem,disabled: no norm-table or radial-layer candidate filter,"per-query, per-layer Eq. I_threshold with Binomial(K, theta/pi)",distance-table hash-bucket lookup with per-layer thresholds; union over L tables without intersecting sphere-layer masks or exact norm-table filter,0.4700911110632952,0.665680955900468,0.5399626330208708,0.9571807381371448,0.0428133583820096,0.0428297508080321,670.4,450.025,1.489720867208672,17.060000000000002,15.815579646800566,2.217098849999921,38.155421292,1.489720867208672,0.9571866416179904,False,0.4549127099267394,0.4417612339424273,0.5286557110909232
isolet,18,70,query_adaptive_R25,25.0,0.14,3.3612990379333496,0.95,round(norm/delta),layer-wise cosine theorem,disabled: no norm-table or radial-layer candidate filter,"per-query, per-layer Eq. I_threshold with Binomial(K, theta/pi)",distance-table hash-bucket lookup with per-layer thresholds; union over L tables without intersecting sphere-layer masks or exact norm-table filter,0.6009377022475118,0.4466510224193151,0.4601112193665734,0.8946468163071654,0.1053504676755621,0.1053637124778658,396.275,450.025,0.8805943582163096,15.330000000000002,15.815579646800566,2.256565624999673,38.155421292,0.8805943582163096,0.8946495323244379,False,0.4452095623054475,0.6700174383345905,0.5233666506895025
isolet,18,80,query_adaptive_R25,25.0,0.14,3.3612990379333496,0.95,round(norm/delta),layer-wise cosine theorem,disabled: no norm-table or radial-layer candidate filter,"per-query, per-layer Eq. I_threshold with Binomial(K, theta/pi)",distance-table hash-bucket lookup with per-layer thresholds; union over L tables without intersecting sphere-layer masks or exact norm-table filter,0.7447166159741029,0.2570544469081054,0.314649099627279,0.7422827454442713,0.2577164971035787,0.2577271413788083,190.725,450.025,0.4238322246858832,12.825,15.815579646800566,2.2380842750001406,38.155421292,0.4238322246858832,0.7422835028964213,False,0.4497533150515828,0.841178583631304,0.4963816815419692
isolet,18,90,query_adaptive_R25,25.0,0.14,3.3612990379333496,0.95,round(norm/delta),layer-wise cosine theorem,disabled: no norm-table or radial-layer candidate filter,"per-query, per-layer Eq. I_threshold with Binomial(K, theta/pi)",distance-table hash-bucket lookup with per-layer thresholds; union over L tables without intersecting sphere-layer masks or exact norm-table filter,0.760251579632295,0.1343888888888889,0.1924142051619335,0.5258510195083167,0.474148774182394,0.4741518268326308,81.55,450.025,0.1812222222222222,10.595,15.815579646800566,2.3176416250001,38.155421292,0.1812222222222222,0.525851225817606,False,0.4301936547699091,0.9320911239532407,0.4456089958240098
isolet,18,100,query_adaptive_R25,25.0,0.14,3.3612990379333496,0.95,round(norm/delta),layer-wise cosine theorem,disabled: no norm-table or radial-layer candidate filter,"per-query, per-layer Eq. I_threshold with Binomial(K, theta/pi)",distance-table hash-bucket lookup with per-layer thresholds; union over L tables without intersecting sphere-layer masks or exact norm-table filter,0.4650646775758594,0.0272777777777777,0.0475387561832204,0.2104650601361188,0.7895349332350695,0.7895354798046338,13.225,450.025,0.0293888888888888,5.885,15.815579646800566,2.3362719499999685,38.155421292,0.0293888888888888,0.2104650667649305,False,0.4256132756102867,0.9889871871769664,0.30798903147070683
isolet,19,10,query_adaptive_R25,25.0,0.14,3.3612990379333496,0.95,round(norm/delta),layer-wise cosine theorem,disabled: no norm-table or radial-layer candidate filter,"per-query, per-layer Eq. I_threshold with Binomial(K, theta/pi)",distance-table hash-bucket lookup with per-layer thresholds; union over L tables without intersecting sphere-layer masks or exact norm-table filter,0.5031646282733725,0.3102724809066272,0.3545099450648614,0.7220433014033798,0.277954783688079,0.2779607254804051,283.05,450.025,0.6289842325695985,0.0,15.815579646800566,1.0916219750001233,38.155421292,0.6289842325695985,0.722045216311921,False,0.7316180719063298,0.7643025686300342,0.46315042291219166
isolet,19,20,query_adaptive_R25,25.0,0.14,3.3612990379333496,0.95,round(norm/delta),layer-wise cosine theorem,disabled: no norm-table or radial-layer candidate filter,"per-query, per-layer Eq. I_threshold with Binomial(K, theta/pi)",distance-table hash-bucket lookup with per-layer thresholds; union over L tables without intersecting sphere-layer masks or exact norm-table filter,0.5578894362136584,0.3785475486573048,0.4033348937052164,0.7865302503523484,0.2134679635310761,0.213480948281871,341.5,450.025,0.7588791574279379,2.0450000000000004,15.815579646800566,1.442873975000225,38.155421292,0.7588791574279379,0.7865320364689239,False,0.6452606229306672,0.7156274213818595,0.4959562259355136
isolet,19,30,query_adaptive_R25,25.0,0.14,3.3612990379333496,0.95,round(norm/delta),layer-wise cosine theorem,disabled: no norm-table or radial-layer candidate filter,"per-query, per-layer Eq. I_threshold with Binomial(K, theta/pi)",distance-table hash-bucket lookup with per-layer thresholds; union over L tables without intersecting sphere-layer masks or exact norm-table filter,0.4982432353011436,0.549420300566642,0.4992037329281496,0.9280452053214756,0.0719512494903163,0.0719653587450695,530.35,450.025,1.1785220497659523,6.015,15.815579646800566,1.7554635999999846,38.155421292,1.1785220497659523,0.9280487505096837,False,0.5684085549247044,0.5583758613345435,0.5213429824098834
isolet,19,40,query_adaptive_R25,25.0,0.14,3.3612990379333496,0.95,round(norm/delta),layer-wise cosine theorem,disabled: no norm-table or radial-layer candidate filter,"per-query, per-layer Eq. I_threshold with Binomial(K, theta/pi)",distance-table hash-bucket lookup with per-layer thresholds; union over L tables without intersecting sphere-layer masks or exact norm-table filter,0.4199298133525221,0.7151744271988175,0.5260605023532962,0.9770687664289696,0.0229232694544796,0.0229401629786814,779.75,450.025,1.7326933973885192,11.105,15.815579646800566,1.952510474999869,38.155421292,1.7326933973885192,0.9770767305455204,False,0.5199633775204153,0.3507128446642196,0.5107436101772014
isolet,19,50,query_adaptive_R25,25.0,0.14,3.3612990379333496,0.95,round(norm/delta),layer-wise cosine theorem,disabled: no norm-table or radial-layer candidate filter,"per-query, per-layer Eq. I_threshold with Binomial(K, theta/pi)",distance-table hash-bucket lookup with per-layer thresholds; union over L tables without intersecting sphere-layer masks or exact norm-table filter,0.3369091589431035,0.8807779009608279,0.4849397844935489,0.996187837655066,0.0038128029037537,0.0038149666605744,1199.75,450.025,2.6659422271495443,19.19,15.815579646800566,2.139375050000325,38.155421292,2.6659422271495443,0.9961871970962463,False,0.474021580745006,0.0009992260810055553,0.45396275745008474
isolet,19,60,query_adaptive_R25,25.0,0.14,3.3612990379333496,0.95,round(norm/delta),layer-wise cosine theorem,disabled: no norm-table or radial-layer candidate filter,"per-query, per-layer Eq. I_threshold with Binomial(K, theta/pi)",distance-table hash-bucket lookup with per-layer thresholds; union over L tables without intersecting sphere-layer masks or exact norm-table filter,0.4692341985900968,0.6670142892338016,0.5401723891806938,0.957183538729453,0.042810532507615,0.0428269251438526,672.625,450.025,1.4946649421039664,17.055,15.815579646800566,2.459715700000231,38.155421292,1.4946649421039664,0.957189467492385,False,0.3952638759143162,0.43990855514225935,0.525521220774582
isolet,19,70,query_adaptive_R25,25.0,0.14,3.3612990379333496,0.95,round(norm/delta),layer-wise cosine theorem,disabled: no norm-table or radial-layer candidate filter,"per-query, per-layer Eq. I_threshold with Binomial(K, theta/pi)",distance-table hash-bucket lookup with per-layer thresholds; union over L tables without intersecting sphere-layer masks or exact norm-table filter,0.6010603627068521,0.4469286770140428,0.4599313953919673,0.8949407738553656,0.1050565266723237,0.1050697738283426,395.725,450.025,0.8793720128110373,15.315,15.815579646800566,2.370197925000106,38.155421292,0.8793720128110373,0.8949434733276763,False,0.41727236750151264,0.670475484271756,0.5220617554825492
isolet,19,80,query_adaptive_R25,25.0,0.14,3.3612990379333496,0.95,round(norm/delta),layer-wise cosine theorem,disabled: no norm-table or radial-layer candidate filter,"per-query, per-layer Eq. I_threshold with Binomial(K, theta/pi)",distance-table hash-bucket lookup with per-layer thresholds; union over L tables without intersecting sphere-layer masks or exact norm-table filter,0.7463110294157695,0.2583877802414387,0.3161544790095542,0.7502247266710185,0.2497745199520928,0.2497851907206821,191.55,450.025,0.4256655580192165,12.814999999999998,15.815579646800566,2.260383374999364,38.155421292,0.4256655580192165,0.7502254800479072,False,0.4442709451565058,0.8404915839655949,0.49719666590823863
isolet,19,90,query_adaptive_R25,25.0,0.14,3.3612990379333496,0.95,round(norm/delta),layer-wise cosine theorem,disabled: no norm-table or radial-layer candidate filter,"per-query, per-layer Eq. I_threshold with Binomial(K, theta/pi)",distance-table hash-bucket lookup with per-layer thresholds; union over L tables without intersecting sphere-layer masks or exact norm-table filter,0.7358721702434161,0.1338888888888889,0.1919385478153549,0.5234083634361352,0.4765914316423042,0.4765941668793386,81.025,450.025,0.1800555555555555,10.53,15.815579646800566,2.339054099999593,38.155421292,0.1800555555555555,0.5234085683576958,False,0.42492926704482614,0.9325283055586919,0.4390500212600511
isolet,19,100,query_adaptive_R25,25.0,0.14,3.3612990379333496,0.95,round(norm/delta),layer-wise cosine theorem,disabled: no norm-table or radial-layer candidate filter,"per-query, per-layer Eq. I_threshold with Binomial(K, theta/pi)",distance-table hash-bucket lookup with per-layer thresholds; union over L tables without intersecting sphere-layer masks or exact norm-table filter,0.4651252521691443,0.0274444444444444,0.0478085043658814,0.210501585723592,0.789498402765387,0.7894989495230256,13.3,450.025,0.0295555555555555,5.815,15.815579646800566,2.3487478999998146,38.155421292,0.0295555555555555,0.21050159723461304,False,0.4225459871235754,0.988924732661902,0.3079691877146975
isolet,20,10,query_adaptive_R25,25.0,0.14,3.3612990379333496,0.95,round(norm/delta),layer-wise cosine theorem,disabled: no norm-table or radial-layer candidate filter,"per-query, per-layer Eq. I_threshold with Binomial(K, theta/pi)",distance-table hash-bucket lookup with per-layer thresholds; union over L tables without intersecting sphere-layer masks or exact norm-table filter,0.504472233512681,0.3149947031288495,0.3581683547068564,0.7231102894959952,0.2768877734174133,0.2768937263129599,286.7,450.025,0.6370953436807095,0.0,15.815579646800566,1.0841845000006956,38.155421292,0.6370953436807095,0.7231122265825867,False,0.7334466205488163,0.7612631155635636,0.4653377215133152
isolet,20,20,query_adaptive_R25,25.0,0.14,3.3612990379333496,0.95,round(norm/delta),layer-wise cosine theorem,disabled: no norm-table or radial-layer candidate filter,"per-query, per-layer Eq. I_threshold with Binomial(K, theta/pi)",distance-table hash-bucket lookup with per-layer thresholds; union over L tables without intersecting sphere-layer masks or exact norm-table filter,0.5580923758787403,0.3810475486573048,0.4051658382258479,0.7877097956370207,0.2122884094146717,0.2123013963034631,343.75,450.025,0.7638791574279379,2.0450000000000004,15.815579646800566,1.5091156250003124,38.155421292,0.7638791574279379,0.7877115905853282,False,0.6289747088007986,0.7137537859299257,0.49605245040972157
isolet,20,30,query_adaptive_R25,25.0,0.14,3.3612990379333496,0.95,round(norm/delta),layer-wise cosine theorem,disabled: no norm-table or radial-layer candidate filter,"per-query, per-layer Eq. I_threshold with Binomial(K, theta/pi)",distance-table hash-bucket lookup with per-layer thresholds; union over L tables without intersecting sphere-layer masks or exact norm-table filter,0.4976616189994491,0.5520869672333086,0.5000226986085007,0.928112828830416,0.0718835438431804,0.0718976565429,533.675,450.025,1.1859109386548412,6.01,15.815579646800566,1.780738549999228,38.155421292,1.1859109386548412,0.9281164561568196,False,0.5621945541363205,0.5556070445000191,0.5212915270913181
isolet,20,40,query_adaptive_R25,25.0,0.14,3.3612990379333496,0.95,round(norm/delta),layer-wise cosine theorem,disabled: no norm-table or radial-layer candidate filter,"per-query, per-layer Eq. I_threshold with Binomial(K, theta/pi)",distance-table hash-bucket lookup with per-layer thresholds; union over L tables without intersecting sphere-layer masks or exact norm-table filter,0.4185317959122056,0.7162855383099286,0.5254117670052944,0.9770875715177182,0.0229044794263166,0.0229213678046302,783.15,450.025,1.7402487065779748,11.09,15.815579646800566,1.9265947999995705,38.155421292,1.7402487065779748,0.9770955205736834,False,0.526334904462632,0.3478816656346825,0.5102831701602242
isolet,20,50,query_adaptive_R25,25.0,0.14,3.3612990379333496,0.95,round(norm/delta),layer-wise cosine theorem,disabled: no norm-table or radial-layer candidate filter,"per-query, per-layer Eq. I_threshold with Binomial(K, theta/pi)",distance-table hash-bucket lookup with per-layer thresholds; union over L tables without intersecting sphere-layer masks or exact norm-table filter,0.3367382927143487,0.8812223454052723,0.4848337667537358,0.9962033668970978,0.003797767620222,0.0037994421721421,1200.95,450.025,2.668608770633161,19.19,15.815579646800566,2.1458250500000275,38.155421292,2.668608770633161,0.996202232379778,False,0.47243580886081127,0.0,0.4537426510664897
isolet,20,60,query_adaptive_R25,25.0,0.14,3.3612990379333496,0.95,round(norm/delta),layer-wise cosine theorem,disabled: no norm-table or radial-layer candidate filter,"per-query, per-layer Eq. I_threshold with Binomial(K, theta/pi)",distance-table hash-bucket lookup with per-layer thresholds; union over L tables without intersecting sphere-layer masks or exact norm-table filter,0.4679898028007131,0.6689587336782459,0.5400127899289391,0.9656485895450484,0.0343454631629882,0.0343618595471349,676.35,450.025,1.5029427198817442,17.055,15.815579646800566,3.206110350000557,38.155421292,1.5029427198817442,0.9656545368370117,False,0.2117581936602877,0.4368066475607243,0.5159025807280792
isolet,20,70,query_adaptive_R25,25.0,0.14,3.3612990379333496,0.95,round(norm/delta),layer-wise cosine theorem,disabled: no norm-table or radial-layer candidate filter,"per-query, per-layer Eq. I_threshold with Binomial(K, theta/pi)",distance-table hash-bucket lookup with per-layer thresholds; union over L tables without intersecting sphere-layer masks or exact norm-table filter,0.5997071660609521,0.4496508992362651,0.4617061754520657,0.8982580390610838,0.1017392050757717,0.1017524624150487,398.575,450.025,0.8857052229613205,15.305,15.815579646800566,2.2590448000004315,38.155421292,0.8857052229613205,0.8982607949242283,False,0.44460004199345016,0.6681022588593323,0.5238994736992865
isolet,20,80,query_adaptive_R25,25.0,0.14,3.3612990379333496,0.95,round(norm/delta),layer-wise cosine theorem,disabled: no norm-table or radial-layer candidate filter,"per-query, per-layer Eq. I_threshold with Binomial(K, theta/pi)",distance-table hash-bucket lookup with per-layer thresholds; union over L tables without intersecting sphere-layer masks or exact norm-table filter,0.7491099948730738,0.2595544469081054,0.317562584497187,0.751643327316845,0.2483558885940084,0.2483665685553243,192.75,450.025,0.4283322246858832,12.79,15.815579646800566,2.29221249999938,38.155421292,0.4283322246858832,0.7516441114059916,False,0.43644556042381233,0.8394923117245635,0.49808141745378015
isolet,20,90,query_adaptive_R25,25.0,0.14,3.3612990379333496,0.95,round(norm/delta),layer-wise cosine theorem,disabled: no norm-table or radial-layer candidate filter,"per-query, per-layer Eq. I_threshold with Binomial(K, theta/pi)",distance-table hash-bucket lookup with per-layer thresholds; union over L tables without intersecting sphere-layer masks or exact norm-table filter,0.7356967097992467,0.1347777777777778,0.1928680136269007,0.5204939772970784,0.4795058178989207,0.4795085898450949,81.5,450.025,0.1811111111111111,10.47,15.815579646800566,2.345826100000359,38.155421292,0.1811111111111111,0.5204941821010793,False,0.42326432949420967,0.932132760296617,0.43936666829398546
isolet,20,100,query_adaptive_R25,25.0,0.14,3.3612990379333496,0.95,round(norm/delta),layer-wise cosine theorem,disabled: no norm-table or radial-layer candidate filter,"per-query, per-layer Eq. I_threshold with Binomial(K, theta/pi)",distance-table hash-bucket lookup with per-layer thresholds; union over L tables without intersecting sphere-layer masks or exact norm-table filter,0.4919008512976845,0.0251666666666666,0.0440908218888869,0.1941519279312144,0.8058480659936199,0.8058484670252952,11.975,450.025,0.0266111111111111,5.755,15.815579646800566,2.366984374999781,38.155421292,0.0266111111111111,0.1941519340063801,False,0.41806243839131174,0.9900280957613741,0.3128476701026365
