dataset,L,K,radius_mode,radius_percentile,bandwidth_factor,delta,angle_alpha,sphere_layer_rule,theta_rule,norm_filter_rule,hamming_threshold_rule,lookup_rule,point_precision,point_recall,point_f1,kernel_weighted_recall,kde_abs_relative_error_vs_exact_r25,kde_abs_relative_error_vs_global,candidate_size,exact_r25_candidate_size,candidate_expansion_ratio,mean_hamming_threshold,mean_theta_deg,query_time_ms,build_time_s
cifar10,2,10,query_adaptive_R25,25.0,0.14,7.763739109039307,0.95,round(norm/delta),layer-wise cosine theorem,disabled: no norm-table or radial-layer candidate filter,"per-query, per-layer Eq. I_threshold with Binomial(K, theta/pi)",distance-table hash-bucket lookup with per-layer thresholds; union over L tables without intersecting sphere-layer masks or exact norm-table filter,0.25,1.0,0.39999999999967994,1.0,0.00016157055525020995,0.0,1800.0,450.0,4.0,1.223364898989899,13.096866976334454,1.0392615249983805,123.944970042
cifar10,2,20,query_adaptive_R25,25.0,0.14,7.763739109039307,0.95,round(norm/delta),layer-wise cosine theorem,disabled: no norm-table or radial-layer candidate filter,"per-query, per-layer Eq. I_threshold with Binomial(K, theta/pi)",distance-table hash-bucket lookup with per-layer thresholds; union over L tables without intersecting sphere-layer masks or exact norm-table filter,0.25,1.0,0.39999999999967994,1.0,0.00016157055525020995,0.0,1800.0,450.0,4.0,3.559406565656565,13.096866976334454,0.9954145750015186,123.944970042
cifar10,2,30,query_adaptive_R25,25.0,0.14,7.763739109039307,0.95,round(norm/delta),layer-wise cosine theorem,disabled: no norm-table or radial-layer candidate filter,"per-query, per-layer Eq. I_threshold with Binomial(K, theta/pi)",distance-table hash-bucket lookup with per-layer thresholds; union over L tables without intersecting sphere-layer masks or exact norm-table filter,0.25,1.0,0.39999999999967994,1.0,0.00016157055525020995,0.0,1800.0,450.0,4.0,7.218428030303031,13.096866976334454,1.3328979500002447,123.944970042
cifar10,2,40,query_adaptive_R25,25.0,0.14,7.763739109039307,0.95,round(norm/delta),layer-wise cosine theorem,disabled: no norm-table or radial-layer candidate filter,"per-query, per-layer Eq. I_threshold with Binomial(K, theta/pi)",distance-table hash-bucket lookup with per-layer thresholds; union over L tables without intersecting sphere-layer masks or exact norm-table filter,0.25,1.0,0.39999999999967994,1.0,0.00016157055525020995,0.0,1800.0,450.0,4.0,12.184722222222224,13.096866976334454,1.042264549997185,123.944970042
cifar10,2,50,query_adaptive_R25,25.0,0.14,7.763739109039307,0.95,round(norm/delta),layer-wise cosine theorem,disabled: no norm-table or radial-layer candidate filter,"per-query, per-layer Eq. I_threshold with Binomial(K, theta/pi)",distance-table hash-bucket lookup with per-layer thresholds; union over L tables without intersecting sphere-layer masks or exact norm-table filter,0.25,1.0,0.39999999999967994,1.0,0.00016157055525020995,0.0,1800.0,450.0,4.0,19.087493686868687,13.096866976334454,1.0335678750003296,123.944970042
cifar10,2,60,query_adaptive_R25,25.0,0.14,7.763739109039307,0.95,round(norm/delta),layer-wise cosine theorem,disabled: no norm-table or radial-layer candidate filter,"per-query, per-layer Eq. I_threshold with Binomial(K, theta/pi)",distance-table hash-bucket lookup with per-layer thresholds; union over L tables without intersecting sphere-layer masks or exact norm-table filter,0.25,1.0,0.39999999999967994,1.0,0.00016157055525020995,0.0,1800.0,450.0,4.0,18.061508838383837,13.096866976334454,1.0445374499980176,123.944970042
cifar10,2,70,query_adaptive_R25,25.0,0.14,7.763739109039307,0.95,round(norm/delta),layer-wise cosine theorem,disabled: no norm-table or radial-layer candidate filter,"per-query, per-layer Eq. I_threshold with Binomial(K, theta/pi)",distance-table hash-bucket lookup with per-layer thresholds; union over L tables without intersecting sphere-layer masks or exact norm-table filter,0.25,1.0,0.39999999999967994,1.0,0.00016157055525020995,0.0,1800.0,450.0,4.0,16.960157828282828,13.096866976334454,1.062022949996333,123.944970042
cifar10,2,80,query_adaptive_R25,25.0,0.14,7.763739109039307,0.95,round(norm/delta),layer-wise cosine theorem,disabled: no norm-table or radial-layer candidate filter,"per-query, per-layer Eq. I_threshold with Binomial(K, theta/pi)",distance-table hash-bucket lookup with per-layer thresholds; union over L tables without intersecting sphere-layer masks or exact norm-table filter,0.25,1.0,0.39999999999967994,1.0,0.00016157055525020995,0.0,1800.0,450.0,4.0,15.077070707070707,13.096866976334454,1.0609770000016283,123.944970042
cifar10,2,90,query_adaptive_R25,25.0,0.14,7.763739109039307,0.95,round(norm/delta),layer-wise cosine theorem,disabled: no norm-table or radial-layer candidate filter,"per-query, per-layer Eq. I_threshold with Binomial(K, theta/pi)",distance-table hash-bucket lookup with per-layer thresholds; union over L tables without intersecting sphere-layer masks or exact norm-table filter,0.25,1.0,0.39999999999967994,1.0,0.00016157055525020995,0.0,1800.0,450.0,4.0,12.96302398989899,13.096866976334454,1.049172899998041,123.944970042
cifar10,2,100,query_adaptive_R25,25.0,0.14,7.763739109039307,0.95,round(norm/delta),layer-wise cosine theorem,disabled: no norm-table or radial-layer candidate filter,"per-query, per-layer Eq. I_threshold with Binomial(K, theta/pi)",distance-table hash-bucket lookup with per-layer thresholds; union over L tables without intersecting sphere-layer masks or exact norm-table filter,0.25,1.0,0.39999999999967994,1.0,0.00016157055525020995,0.0,1800.0,450.0,4.0,9.024337121212122,13.096866976334454,1.0571542249969923,123.944970042
cifar10,3,10,query_adaptive_R25,25.0,0.14,7.763739109039307,0.95,round(norm/delta),layer-wise cosine theorem,disabled: no norm-table or radial-layer candidate filter,"per-query, per-layer Eq. I_threshold with Binomial(K, theta/pi)",distance-table hash-bucket lookup with per-layer thresholds; union over L tables without intersecting sphere-layer masks or exact norm-table filter,0.25,1.0,0.39999999999967994,1.0,0.00016157055525020995,0.0,1800.0,450.0,4.0,0.8249747474747476,13.096866976334454,1.1181301750013972,123.944970042
cifar10,3,20,query_adaptive_R25,25.0,0.14,7.763739109039307,0.95,round(norm/delta),layer-wise cosine theorem,disabled: no norm-table or radial-layer candidate filter,"per-query, per-layer Eq. I_threshold with Binomial(K, theta/pi)",distance-table hash-bucket lookup with per-layer thresholds; union over L tables without intersecting sphere-layer masks or exact norm-table filter,0.25,1.0,0.39999999999967994,1.0,0.00016157055525020995,0.0,1800.0,450.0,4.0,3.1031060606060605,13.096866976334454,1.1078469499992138,123.944970042
cifar10,3,30,query_adaptive_R25,25.0,0.14,7.763739109039307,0.95,round(norm/delta),layer-wise cosine theorem,disabled: no norm-table or radial-layer candidate filter,"per-query, per-layer Eq. I_threshold with Binomial(K, theta/pi)",distance-table hash-bucket lookup with per-layer thresholds; union over L tables without intersecting sphere-layer masks or exact norm-table filter,0.25,1.0,0.39999999999967994,1.0,0.00016157055525020995,0.0,1800.0,450.0,4.0,6.814431818181819,13.096866976334454,1.0825665500028947,123.944970042
cifar10,3,40,query_adaptive_R25,25.0,0.14,7.763739109039307,0.95,round(norm/delta),layer-wise cosine theorem,disabled: no norm-table or radial-layer candidate filter,"per-query, per-layer Eq. I_threshold with Binomial(K, theta/pi)",distance-table hash-bucket lookup with per-layer thresholds; union over L tables without intersecting sphere-layer masks or exact norm-table filter,0.25,1.0,0.39999999999967994,1.0,0.00016157055525020995,0.0,1800.0,450.0,4.0,11.831325757575758,13.096866976334454,1.0806854749972672,123.944970042
cifar10,3,50,query_adaptive_R25,25.0,0.14,7.763739109039307,0.95,round(norm/delta),layer-wise cosine theorem,disabled: no norm-table or radial-layer candidate filter,"per-query, per-layer Eq. I_threshold with Binomial(K, theta/pi)",distance-table hash-bucket lookup with per-layer thresholds; union over L tables without intersecting sphere-layer masks or exact norm-table filter,0.25,1.0,0.39999999999967994,1.0,0.00016157055525020995,0.0,1800.0,450.0,4.0,19.087493686868687,13.096866976334454,1.0733322250004562,123.944970042
cifar10,3,60,query_adaptive_R25,25.0,0.14,7.763739109039307,0.95,round(norm/delta),layer-wise cosine theorem,disabled: no norm-table or radial-layer candidate filter,"per-query, per-layer Eq. I_threshold with Binomial(K, theta/pi)",distance-table hash-bucket lookup with per-layer thresholds; union over L tables without intersecting sphere-layer masks or exact norm-table filter,0.25,1.0,0.39999999999967994,1.0,0.00016157055525020995,0.0,1800.0,450.0,4.0,17.698983585858585,13.096866976334454,1.0738843499986217,123.944970042
cifar10,3,70,query_adaptive_R25,25.0,0.14,7.763739109039307,0.95,round(norm/delta),layer-wise cosine theorem,disabled: no norm-table or radial-layer candidate filter,"per-query, per-layer Eq. I_threshold with Binomial(K, theta/pi)",distance-table hash-bucket lookup with per-layer thresholds; union over L tables without intersecting sphere-layer masks or exact norm-table filter,0.25,1.0,0.39999999999967994,1.0,0.00016157055525020995,0.0,1800.0,450.0,4.0,16.39083964646465,13.096866976334454,1.1015208250022113,123.944970042
cifar10,3,80,query_adaptive_R25,25.0,0.14,7.763739109039307,0.95,round(norm/delta),layer-wise cosine theorem,disabled: no norm-table or radial-layer candidate filter,"per-query, per-layer Eq. I_threshold with Binomial(K, theta/pi)",distance-table hash-bucket lookup with per-layer thresholds; union over L tables without intersecting sphere-layer masks or exact norm-table filter,0.25,1.0,0.39999999999967994,1.0,0.00016157055525020995,0.0,1800.0,450.0,4.0,14.35284722222222,13.096866976334454,1.0927593750018616,123.944970042
cifar10,3,90,query_adaptive_R25,25.0,0.14,7.763739109039307,0.95,round(norm/delta),layer-wise cosine theorem,disabled: no norm-table or radial-layer candidate filter,"per-query, per-layer Eq. I_threshold with Binomial(K, theta/pi)",distance-table hash-bucket lookup with per-layer thresholds; union over L tables without intersecting sphere-layer masks or exact norm-table filter,0.25,1.0,0.39999999999967994,1.0,0.00016157055525020995,0.0,1800.0,450.0,4.0,12.064185606060606,13.096866976334454,1.0782614750006303,123.944970042
cifar10,3,100,query_adaptive_R25,25.0,0.14,7.763739109039307,0.95,round(norm/delta),layer-wise cosine theorem,disabled: no norm-table or radial-layer candidate filter,"per-query, per-layer Eq. I_threshold with Binomial(K, theta/pi)",distance-table hash-bucket lookup with per-layer thresholds; union over L tables without intersecting sphere-layer masks or exact norm-table filter,0.25,1.0,0.39999999999967994,1.0,0.00016157055525020995,0.0,1800.0,450.0,4.0,7.951616161616161,13.096866976334454,1.0765925999983494,123.944970042
cifar10,4,10,query_adaptive_R25,25.0,0.14,7.763739109039307,0.95,round(norm/delta),layer-wise cosine theorem,disabled: no norm-table or radial-layer candidate filter,"per-query, per-layer Eq. I_threshold with Binomial(K, theta/pi)",distance-table hash-bucket lookup with per-layer thresholds; union over L tables without intersecting sphere-layer masks or exact norm-table filter,0.25,1.0,0.39999999999967994,1.0,0.00016157055525020995,0.0,1800.0,450.0,4.0,0.7158712121212121,13.096866976334454,1.1439823250007919,123.944970042
cifar10,4,20,query_adaptive_R25,25.0,0.14,7.763739109039307,0.95,round(norm/delta),layer-wise cosine theorem,disabled: no norm-table or radial-layer candidate filter,"per-query, per-layer Eq. I_threshold with Binomial(K, theta/pi)",distance-table hash-bucket lookup with per-layer thresholds; union over L tables without intersecting sphere-layer masks or exact norm-table filter,0.25,1.0,0.39999999999967994,1.0,0.00016157055525020995,0.0,1800.0,450.0,4.0,2.8554608585858583,13.096866976334454,1.1678687999975068,123.944970042
cifar10,4,30,query_adaptive_R25,25.0,0.14,7.763739109039307,0.95,round(norm/delta),layer-wise cosine theorem,disabled: no norm-table or radial-layer candidate filter,"per-query, per-layer Eq. I_threshold with Binomial(K, theta/pi)",distance-table hash-bucket lookup with per-layer thresholds; union over L tables without intersecting sphere-layer masks or exact norm-table filter,0.25,1.0,0.39999999999967994,1.0,0.00016157055525020995,0.0,1800.0,450.0,4.0,6.577859848484849,13.096866976334454,1.14884587500228,123.944970042
cifar10,4,40,query_adaptive_R25,25.0,0.14,7.763739109039307,0.95,round(norm/delta),layer-wise cosine theorem,disabled: no norm-table or radial-layer candidate filter,"per-query, per-layer Eq. I_threshold with Binomial(K, theta/pi)",distance-table hash-bucket lookup with per-layer thresholds; union over L tables without intersecting sphere-layer masks or exact norm-table filter,0.25,1.0,0.39999999999967994,1.0,0.00016157055525020995,0.0,1800.0,450.0,4.0,11.623573232323231,13.096866976334454,1.204405100001793,123.944970042
cifar10,4,50,query_adaptive_R25,25.0,0.14,7.763739109039307,0.95,round(norm/delta),layer-wise cosine theorem,disabled: no norm-table or radial-layer candidate filter,"per-query, per-layer Eq. I_threshold with Binomial(K, theta/pi)",distance-table hash-bucket lookup with per-layer thresholds; union over L tables without intersecting sphere-layer masks or exact norm-table filter,0.25,1.0,0.39999999999967994,1.0,0.00016157055525020995,0.0,1800.0,450.0,4.0,19.087493686868687,13.096866976334454,1.1427302499996017,123.944970042
cifar10,4,60,query_adaptive_R25,25.0,0.14,7.763739109039307,0.95,round(norm/delta),layer-wise cosine theorem,disabled: no norm-table or radial-layer candidate filter,"per-query, per-layer Eq. I_threshold with Binomial(K, theta/pi)",distance-table hash-bucket lookup with per-layer thresholds; union over L tables without intersecting sphere-layer masks or exact norm-table filter,0.25,1.0,0.39999999999967994,1.0,0.00016157055525020995,0.0,1800.0,450.0,4.0,17.513724747474747,13.096866976334454,1.1654333250007198,123.944970042
cifar10,4,70,query_adaptive_R25,25.0,0.14,7.763739109039307,0.95,round(norm/delta),layer-wise cosine theorem,disabled: no norm-table or radial-layer candidate filter,"per-query, per-layer Eq. I_threshold with Binomial(K, theta/pi)",distance-table hash-bucket lookup with per-layer thresholds; union over L tables without intersecting sphere-layer masks or exact norm-table filter,0.25,1.0,0.39999999999967994,1.0,0.00016157055525020995,0.0,1800.0,450.0,4.0,16.119558080808083,13.096866976334454,1.1633884499985925,123.944970042
cifar10,4,80,query_adaptive_R25,25.0,0.14,7.763739109039307,0.95,round(norm/delta),layer-wise cosine theorem,disabled: no norm-table or radial-layer candidate filter,"per-query, per-layer Eq. I_threshold with Binomial(K, theta/pi)",distance-table hash-bucket lookup with per-layer thresholds; union over L tables without intersecting sphere-layer masks or exact norm-table filter,0.25,1.0,0.39999999999967994,1.0,0.00016157055525020995,0.0,1800.0,450.0,4.0,13.95580176767677,13.096866976334454,1.1621073000007698,123.944970042
cifar10,4,90,query_adaptive_R25,25.0,0.14,7.763739109039307,0.95,round(norm/delta),layer-wise cosine theorem,disabled: no norm-table or radial-layer candidate filter,"per-query, per-layer Eq. I_threshold with Binomial(K, theta/pi)",distance-table hash-bucket lookup with per-layer thresholds; union over L tables without intersecting sphere-layer masks or exact norm-table filter,0.25,1.0,0.39999999999967994,1.0,0.00016157055525020995,0.0,1800.0,450.0,4.0,11.524968434343435,13.096866976334454,1.1539208749979935,123.944970042
cifar10,4,100,query_adaptive_R25,25.0,0.14,7.763739109039307,0.95,round(norm/delta),layer-wise cosine theorem,disabled: no norm-table or radial-layer candidate filter,"per-query, per-layer Eq. I_threshold with Binomial(K, theta/pi)",distance-table hash-bucket lookup with per-layer thresholds; union over L tables without intersecting sphere-layer masks or exact norm-table filter,0.25,1.0,0.39999999999967994,1.0,0.00016157055525020995,0.0,1800.0,450.0,4.0,7.314223484848485,13.096866976334454,1.1479843999993022,123.944970042
cifar10,5,10,query_adaptive_R25,25.0,0.14,7.763739109039307,0.95,round(norm/delta),layer-wise cosine theorem,disabled: no norm-table or radial-layer candidate filter,"per-query, per-layer Eq. I_threshold with Binomial(K, theta/pi)",distance-table hash-bucket lookup with per-layer thresholds; union over L tables without intersecting sphere-layer masks or exact norm-table filter,0.25,1.0,0.39999999999967994,1.0,0.00016157055525020995,0.0,1800.0,450.0,4.0,0.5974684343434343,13.096866976334454,1.218386499999724,123.944970042
cifar10,5,20,query_adaptive_R25,25.0,0.14,7.763739109039307,0.95,round(norm/delta),layer-wise cosine theorem,disabled: no norm-table or radial-layer candidate filter,"per-query, per-layer Eq. I_threshold with Binomial(K, theta/pi)",distance-table hash-bucket lookup with per-layer thresholds; union over L tables without intersecting sphere-layer masks or exact norm-table filter,0.25,1.0,0.39999999999967994,1.0,0.00016157055525020995,0.0,1800.0,450.0,4.0,2.722108585858586,13.096866976334454,1.2385269749984218,123.944970042
cifar10,5,30,query_adaptive_R25,25.0,0.14,7.763739109039307,0.95,round(norm/delta),layer-wise cosine theorem,disabled: no norm-table or radial-layer candidate filter,"per-query, per-layer Eq. I_threshold with Binomial(K, theta/pi)",distance-table hash-bucket lookup with per-layer thresholds; union over L tables without intersecting sphere-layer masks or exact norm-table filter,0.25,1.0,0.39999999999967994,1.0,0.00016157055525020995,0.0,1800.0,450.0,4.0,6.4394507575757585,13.096866976334454,1.2394395750007448,123.944970042
cifar10,5,40,query_adaptive_R25,25.0,0.14,7.763739109039307,0.95,round(norm/delta),layer-wise cosine theorem,disabled: no norm-table or radial-layer candidate filter,"per-query, per-layer Eq. I_threshold with Binomial(K, theta/pi)",distance-table hash-bucket lookup with per-layer thresholds; union over L tables without intersecting sphere-layer masks or exact norm-table filter,0.25,1.0,0.39999999999967994,1.0,0.00016157055525020995,0.0,1800.0,450.0,4.0,11.501079545454546,13.096866976334454,1.2536780500020939,123.944970042
cifar10,5,50,query_adaptive_R25,25.0,0.14,7.763739109039307,0.95,round(norm/delta),layer-wise cosine theorem,disabled: no norm-table or radial-layer candidate filter,"per-query, per-layer Eq. I_threshold with Binomial(K, theta/pi)",distance-table hash-bucket lookup with per-layer thresholds; union over L tables without intersecting sphere-layer masks or exact norm-table filter,0.25,1.0,0.39999999999967994,1.0,0.00016157055525020995,0.0,1800.0,450.0,4.0,19.087493686868687,13.096866976334454,1.215743749997955,123.944970042
cifar10,5,60,query_adaptive_R25,25.0,0.14,7.763739109039307,0.95,round(norm/delta),layer-wise cosine theorem,disabled: no norm-table or radial-layer candidate filter,"per-query, per-layer Eq. I_threshold with Binomial(K, theta/pi)",distance-table hash-bucket lookup with per-layer thresholds; union over L tables without intersecting sphere-layer masks or exact norm-table filter,0.25,1.0,0.39999999999967994,1.0,0.00016157055525020995,0.0,1800.0,450.0,4.0,17.432310606060604,13.096866976334454,1.2209062999993137,123.944970042
cifar10,5,70,query_adaptive_R25,25.0,0.14,7.763739109039307,0.95,round(norm/delta),layer-wise cosine theorem,disabled: no norm-table or radial-layer candidate filter,"per-query, per-layer Eq. I_threshold with Binomial(K, theta/pi)",distance-table hash-bucket lookup with per-layer thresholds; union over L tables without intersecting sphere-layer masks or exact norm-table filter,0.25,1.0,0.39999999999967994,1.0,0.00016157055525020995,0.0,1800.0,450.0,4.0,15.951685606060607,13.096866976334454,1.2509165749996498,123.944970042
cifar10,5,80,query_adaptive_R25,25.0,0.14,7.763739109039307,0.95,round(norm/delta),layer-wise cosine theorem,disabled: no norm-table or radial-layer candidate filter,"per-query, per-layer Eq. I_threshold with Binomial(K, theta/pi)",distance-table hash-bucket lookup with per-layer thresholds; union over L tables without intersecting sphere-layer masks or exact norm-table filter,0.25,1.0,0.39999999999967994,1.0,0.00016157055525020995,0.0,1800.0,450.0,4.0,13.71650883838384,13.096866976334454,1.2512676250004517,123.944970042
cifar10,5,90,query_adaptive_R25,25.0,0.14,7.763739109039307,0.95,round(norm/delta),layer-wise cosine theorem,disabled: no norm-table or radial-layer candidate filter,"per-query, per-layer Eq. I_threshold with Binomial(K, theta/pi)",distance-table hash-bucket lookup with per-layer thresholds; union over L tables without intersecting sphere-layer masks or exact norm-table filter,0.25,1.0,0.39999999999967994,1.0,0.00016157055525020995,0.0,1800.0,450.0,4.0,11.184375,13.096866976334454,1.2484322750040633,123.944970042
cifar10,5,100,query_adaptive_R25,25.0,0.14,7.763739109039307,0.95,round(norm/delta),layer-wise cosine theorem,disabled: no norm-table or radial-layer candidate filter,"per-query, per-layer Eq. I_threshold with Binomial(K, theta/pi)",distance-table hash-bucket lookup with per-layer thresholds; union over L tables without intersecting sphere-layer masks or exact norm-table filter,0.25,1.0,0.39999999999967994,1.0,0.00016157055525020995,0.0,1800.0,450.0,4.0,6.849097222222222,13.096866976334454,1.2467739749986606,123.944970042
cifar10,6,10,query_adaptive_R25,25.0,0.14,7.763739109039307,0.95,round(norm/delta),layer-wise cosine theorem,disabled: no norm-table or radial-layer candidate filter,"per-query, per-layer Eq. I_threshold with Binomial(K, theta/pi)",distance-table hash-bucket lookup with per-layer thresholds; union over L tables without intersecting sphere-layer masks or exact norm-table filter,0.25,1.0,0.39999999999967994,1.0,0.00016157055525020995,0.0,1800.0,450.0,4.0,0.38513257575757576,13.096866976334454,1.2983270500015465,123.944970042
cifar10,6,20,query_adaptive_R25,25.0,0.14,7.763739109039307,0.95,round(norm/delta),layer-wise cosine theorem,disabled: no norm-table or radial-layer candidate filter,"per-query, per-layer Eq. I_threshold with Binomial(K, theta/pi)",distance-table hash-bucket lookup with per-layer thresholds; union over L tables without intersecting sphere-layer masks or exact norm-table filter,0.25,1.0,0.39999999999967994,1.0,0.00016157055525020995,0.0,1800.0,450.0,4.0,2.639968434343434,13.096866976334454,1.3112792249998506,123.944970042
cifar10,6,30,query_adaptive_R25,25.0,0.14,7.763739109039307,0.95,round(norm/delta),layer-wise cosine theorem,disabled: no norm-table or radial-layer candidate filter,"per-query, per-layer Eq. I_threshold with Binomial(K, theta/pi)",distance-table hash-bucket lookup with per-layer thresholds; union over L tables without intersecting sphere-layer masks or exact norm-table filter,0.25,1.0,0.39999999999967994,1.0,0.00016157055525020995,0.0,1800.0,450.0,4.0,6.347695707070708,13.096866976334454,1.288710424999806,123.944970042
cifar10,6,40,query_adaptive_R25,25.0,0.14,7.763739109039307,0.95,round(norm/delta),layer-wise cosine theorem,disabled: no norm-table or radial-layer candidate filter,"per-query, per-layer Eq. I_threshold with Binomial(K, theta/pi)",distance-table hash-bucket lookup with per-layer thresholds; union over L tables without intersecting sphere-layer masks or exact norm-table filter,0.25,1.0,0.39999999999967994,1.0,0.00016157055525020995,0.0,1800.0,450.0,4.0,11.429299242424241,13.096866976334454,1.3334387000000447,123.944970042
cifar10,6,50,query_adaptive_R25,25.0,0.14,7.763739109039307,0.95,round(norm/delta),layer-wise cosine theorem,disabled: no norm-table or radial-layer candidate filter,"per-query, per-layer Eq. I_threshold with Binomial(K, theta/pi)",distance-table hash-bucket lookup with per-layer thresholds; union over L tables without intersecting sphere-layer masks or exact norm-table filter,0.25,1.0,0.39999999999967994,1.0,0.00016157055525020995,0.0,1800.0,450.0,4.0,19.087493686868687,13.096866976334454,1.2906853750010328,123.944970042
cifar10,6,60,query_adaptive_R25,25.0,0.14,7.763739109039307,0.95,round(norm/delta),layer-wise cosine theorem,disabled: no norm-table or radial-layer candidate filter,"per-query, per-layer Eq. I_threshold with Binomial(K, theta/pi)",distance-table hash-bucket lookup with per-layer thresholds; union over L tables without intersecting sphere-layer masks or exact norm-table filter,0.25,1.0,0.39999999999967994,1.0,0.00016157055525020995,0.0,1800.0,450.0,4.0,17.37669191919192,13.096866976334454,1.3038416750006832,123.944970042
cifar10,6,70,query_adaptive_R25,25.0,0.14,7.763739109039307,0.95,round(norm/delta),layer-wise cosine theorem,disabled: no norm-table or radial-layer candidate filter,"per-query, per-layer Eq. I_threshold with Binomial(K, theta/pi)",distance-table hash-bucket lookup with per-layer thresholds; union over L tables without intersecting sphere-layer masks or exact norm-table filter,0.25,1.0,0.39999999999967994,1.0,0.00016157055525020995,0.0,1800.0,450.0,4.0,15.816546717171718,13.096866976334454,1.3300168000007773,123.944970042
cifar10,6,80,query_adaptive_R25,25.0,0.14,7.763739109039307,0.95,round(norm/delta),layer-wise cosine theorem,disabled: no norm-table or radial-layer candidate filter,"per-query, per-layer Eq. I_threshold with Binomial(K, theta/pi)",distance-table hash-bucket lookup with per-layer thresholds; union over L tables without intersecting sphere-layer masks or exact norm-table filter,0.25,1.0,0.39999999999967994,1.0,0.00016157055525020995,0.0,1800.0,450.0,4.0,13.514198232323233,13.096866976334454,1.3037614749997317,123.944970042
cifar10,6,90,query_adaptive_R25,25.0,0.14,7.763739109039307,0.95,round(norm/delta),layer-wise cosine theorem,disabled: no norm-table or radial-layer candidate filter,"per-query, per-layer Eq. I_threshold with Binomial(K, theta/pi)",distance-table hash-bucket lookup with per-layer thresholds; union over L tables without intersecting sphere-layer masks or exact norm-table filter,0.25,1.0,0.39999999999967994,1.0,0.00016157055525020995,0.0,1800.0,450.0,4.0,10.931931818181818,13.096866976334454,1.3021644000005494,123.944970042
cifar10,6,100,query_adaptive_R25,25.0,0.14,7.763739109039307,0.95,round(norm/delta),layer-wise cosine theorem,disabled: no norm-table or radial-layer candidate filter,"per-query, per-layer Eq. I_threshold with Binomial(K, theta/pi)",distance-table hash-bucket lookup with per-layer thresholds; union over L tables without intersecting sphere-layer masks or exact norm-table filter,0.25,1.0,0.39999999999967994,1.0,0.00016157055525020995,0.0,1800.0,450.0,4.0,6.5064898989899,13.096866976334454,1.295836525000027,123.944970042
cifar10,7,10,query_adaptive_R25,25.0,0.14,7.763739109039307,0.95,round(norm/delta),layer-wise cosine theorem,disabled: no norm-table or radial-layer candidate filter,"per-query, per-layer Eq. I_threshold with Binomial(K, theta/pi)",distance-table hash-bucket lookup with per-layer thresholds; union over L tables without intersecting sphere-layer masks or exact norm-table filter,0.25,1.0,0.39999999999967994,1.0,0.00016157055525020995,0.0,1800.0,450.0,4.0,0.2034911616161616,13.096866976334454,1.3645916500003352,123.944970042
cifar10,7,20,query_adaptive_R25,25.0,0.14,7.763739109039307,0.95,round(norm/delta),layer-wise cosine theorem,disabled: no norm-table or radial-layer candidate filter,"per-query, per-layer Eq. I_threshold with Binomial(K, theta/pi)",distance-table hash-bucket lookup with per-layer thresholds; union over L tables without intersecting sphere-layer masks or exact norm-table filter,0.25,1.0,0.39999999999967994,1.0,0.00016157055525020995,0.0,1800.0,450.0,4.0,2.5616224747474745,13.096866976334454,1.3821229500031507,123.944970042
cifar10,7,30,query_adaptive_R25,25.0,0.14,7.763739109039307,0.95,round(norm/delta),layer-wise cosine theorem,disabled: no norm-table or radial-layer candidate filter,"per-query, per-layer Eq. I_threshold with Binomial(K, theta/pi)",distance-table hash-bucket lookup with per-layer thresholds; union over L tables without intersecting sphere-layer masks or exact norm-table filter,0.25,1.0,0.39999999999967994,1.0,0.00016157055525020995,0.0,1800.0,450.0,4.0,6.297809343434343,13.096866976334454,1.3696645750023606,123.944970042
cifar10,7,40,query_adaptive_R25,25.0,0.14,7.763739109039307,0.95,round(norm/delta),layer-wise cosine theorem,disabled: no norm-table or radial-layer candidate filter,"per-query, per-layer Eq. I_threshold with Binomial(K, theta/pi)",distance-table hash-bucket lookup with per-layer thresholds; union over L tables without intersecting sphere-layer masks or exact norm-table filter,0.25,1.0,0.39999999999967994,1.0,0.00016157055525020995,0.0,1800.0,450.0,4.0,11.377916666666668,13.096866976334454,1.3830686500021727,123.944970042
cifar10,7,50,query_adaptive_R25,25.0,0.14,7.763739109039307,0.95,round(norm/delta),layer-wise cosine theorem,disabled: no norm-table or radial-layer candidate filter,"per-query, per-layer Eq. I_threshold with Binomial(K, theta/pi)",distance-table hash-bucket lookup with per-layer thresholds; union over L tables without intersecting sphere-layer masks or exact norm-table filter,0.25,1.0,0.39999999999967994,1.0,0.00016157055525020995,0.0,1800.0,450.0,4.0,19.087493686868687,13.096866976334454,1.3629041250013074,123.944970042
cifar10,7,60,query_adaptive_R25,25.0,0.14,7.763739109039307,0.95,round(norm/delta),layer-wise cosine theorem,disabled: no norm-table or radial-layer candidate filter,"per-query, per-layer Eq. I_threshold with Binomial(K, theta/pi)",distance-table hash-bucket lookup with per-layer thresholds; union over L tables without intersecting sphere-layer masks or exact norm-table filter,0.25,1.0,0.39999999999967994,1.0,0.00016157055525020995,0.0,1800.0,450.0,4.0,17.342165404040404,13.096866976334454,1.3753542499998161,123.944970042
cifar10,7,70,query_adaptive_R25,25.0,0.14,7.763739109039307,0.95,round(norm/delta),layer-wise cosine theorem,disabled: no norm-table or radial-layer candidate filter,"per-query, per-layer Eq. I_threshold with Binomial(K, theta/pi)",distance-table hash-bucket lookup with per-layer thresholds; union over L tables without intersecting sphere-layer masks or exact norm-table filter,0.25,1.0,0.39999999999967994,1.0,0.00016157055525020995,0.0,1800.0,450.0,4.0,15.73868686868687,13.096866976334454,1.4457249499983504,123.944970042
cifar10,7,80,query_adaptive_R25,25.0,0.14,7.763739109039307,0.95,round(norm/delta),layer-wise cosine theorem,disabled: no norm-table or radial-layer candidate filter,"per-query, per-layer Eq. I_threshold with Binomial(K, theta/pi)",distance-table hash-bucket lookup with per-layer thresholds; union over L tables without intersecting sphere-layer masks or exact norm-table filter,0.25,1.0,0.39999999999967994,1.0,0.00016157055525020995,0.0,1800.0,450.0,4.0,13.390233585858585,13.096866976334454,1.3753979000014738,123.944970042
cifar10,7,90,query_adaptive_R25,25.0,0.14,7.763739109039307,0.95,round(norm/delta),layer-wise cosine theorem,disabled: no norm-table or radial-layer candidate filter,"per-query, per-layer Eq. I_threshold with Binomial(K, theta/pi)",distance-table hash-bucket lookup with per-layer thresholds; union over L tables without intersecting sphere-layer masks or exact norm-table filter,0.25,1.0,0.39999999999967994,1.0,0.00016157055525020995,0.0,1800.0,450.0,4.0,10.703440656565656,13.096866976334454,1.372320824999207,123.944970042
cifar10,7,100,query_adaptive_R25,25.0,0.14,7.763739109039307,0.95,round(norm/delta),layer-wise cosine theorem,disabled: no norm-table or radial-layer candidate filter,"per-query, per-layer Eq. I_threshold with Binomial(K, theta/pi)",distance-table hash-bucket lookup with per-layer thresholds; union over L tables without intersecting sphere-layer masks or exact norm-table filter,0.25,1.0,0.39999999999967994,1.0,0.00016157055525020995,0.0,1800.0,450.0,4.0,6.247752525252525,13.096866976334454,1.367998824999006,123.944970042
cifar10,8,10,query_adaptive_R25,25.0,0.14,7.763739109039307,0.95,round(norm/delta),layer-wise cosine theorem,disabled: no norm-table or radial-layer candidate filter,"per-query, per-layer Eq. I_threshold with Binomial(K, theta/pi)",distance-table hash-bucket lookup with per-layer thresholds; union over L tables without intersecting sphere-layer masks or exact norm-table filter,0.25,1.0,0.39999999999967994,1.0,0.00016157055525020995,0.0,1800.0,450.0,4.0,0.09997474747474748,13.096866976334454,1.4438478750001593,123.944970042
cifar10,8,20,query_adaptive_R25,25.0,0.14,7.763739109039307,0.95,round(norm/delta),layer-wise cosine theorem,disabled: no norm-table or radial-layer candidate filter,"per-query, per-layer Eq. I_threshold with Binomial(K, theta/pi)",distance-table hash-bucket lookup with per-layer thresholds; union over L tables without intersecting sphere-layer masks or exact norm-table filter,0.25,1.0,0.39999999999967994,1.0,0.00016157055525020995,0.0,1800.0,450.0,4.0,2.4501452020202015,13.096866976334454,1.452777100001157,123.944970042
cifar10,8,30,query_adaptive_R25,25.0,0.14,7.763739109039307,0.95,round(norm/delta),layer-wise cosine theorem,disabled: no norm-table or radial-layer candidate filter,"per-query, per-layer Eq. I_threshold with Binomial(K, theta/pi)",distance-table hash-bucket lookup with per-layer thresholds; union over L tables without intersecting sphere-layer masks or exact norm-table filter,0.25,1.0,0.39999999999967994,1.0,0.00016157055525020995,0.0,1800.0,450.0,4.0,6.255018939393939,13.096866976334454,1.4637854249997417,123.944970042
cifar10,8,40,query_adaptive_R25,25.0,0.14,7.763739109039307,0.95,round(norm/delta),layer-wise cosine theorem,disabled: no norm-table or radial-layer candidate filter,"per-query, per-layer Eq. I_threshold with Binomial(K, theta/pi)",distance-table hash-bucket lookup with per-layer thresholds; union over L tables without intersecting sphere-layer masks or exact norm-table filter,0.25,1.0,0.39999999999967994,1.0,0.00016157055525020995,0.0,1800.0,450.0,4.0,11.355681818181818,13.096866976334454,1.4782354000018927,123.944970042
cifar10,8,50,query_adaptive_R25,25.0,0.14,7.763739109039307,0.95,round(norm/delta),layer-wise cosine theorem,disabled: no norm-table or radial-layer candidate filter,"per-query, per-layer Eq. I_threshold with Binomial(K, theta/pi)",distance-table hash-bucket lookup with per-layer thresholds; union over L tables without intersecting sphere-layer masks or exact norm-table filter,0.25,1.0,0.39999999999967994,1.0,0.00016157055525020995,0.0,1800.0,450.0,4.0,19.087493686868687,13.096866976334454,1.435557349996941,123.944970042
cifar10,8,60,query_adaptive_R25,25.0,0.14,7.763739109039307,0.95,round(norm/delta),layer-wise cosine theorem,disabled: no norm-table or radial-layer candidate filter,"per-query, per-layer Eq. I_threshold with Binomial(K, theta/pi)",distance-table hash-bucket lookup with per-layer thresholds; union over L tables without intersecting sphere-layer masks or exact norm-table filter,0.25,1.0,0.39999999999967994,1.0,0.00016157055525020995,0.0,1800.0,450.0,4.0,17.305984848484847,13.096866976334454,1.4442000250028286,123.944970042
cifar10,8,70,query_adaptive_R25,25.0,0.14,7.763739109039307,0.95,round(norm/delta),layer-wise cosine theorem,disabled: no norm-table or radial-layer candidate filter,"per-query, per-layer Eq. I_threshold with Binomial(K, theta/pi)",distance-table hash-bucket lookup with per-layer thresholds; union over L tables without intersecting sphere-layer masks or exact norm-table filter,0.25,1.0,0.39999999999967994,1.0,0.00016157055525020995,0.0,1800.0,450.0,4.0,15.684191919191921,13.096866976334454,1.477343599997738,123.944970042
cifar10,8,80,query_adaptive_R25,25.0,0.14,7.763739109039307,0.95,round(norm/delta),layer-wise cosine theorem,disabled: no norm-table or radial-layer candidate filter,"per-query, per-layer Eq. I_threshold with Binomial(K, theta/pi)",distance-table hash-bucket lookup with per-layer thresholds; union over L tables without intersecting sphere-layer masks or exact norm-table filter,0.25,1.0,0.39999999999967994,1.0,0.00016157055525020995,0.0,1800.0,450.0,4.0,13.30844696969697,13.096866976334454,7.017543749997657,123.944970042
cifar10,8,90,query_adaptive_R25,25.0,0.14,7.763739109039307,0.95,round(norm/delta),layer-wise cosine theorem,disabled: no norm-table or radial-layer candidate filter,"per-query, per-layer Eq. I_threshold with Binomial(K, theta/pi)",distance-table hash-bucket lookup with per-layer thresholds; union over L tables without intersecting sphere-layer masks or exact norm-table filter,0.25,1.0,0.39999999999967994,1.0,0.00016157055525020995,0.0,1800.0,450.0,4.0,10.562992424242424,13.096866976334454,1.4500208000008286,123.944970042
cifar10,8,100,query_adaptive_R25,25.0,0.14,7.763739109039307,0.95,round(norm/delta),layer-wise cosine theorem,disabled: no norm-table or radial-layer candidate filter,"per-query, per-layer Eq. I_threshold with Binomial(K, theta/pi)",distance-table hash-bucket lookup with per-layer thresholds; union over L tables without intersecting sphere-layer masks or exact norm-table filter,0.25,1.0,0.39999999999967994,1.0,0.00016157055525020995,0.0,1800.0,450.0,4.0,6.019520202020201,13.096866976334454,1.4399323500008165,123.944970042
cifar10,9,10,query_adaptive_R25,25.0,0.14,7.763739109039307,0.95,round(norm/delta),layer-wise cosine theorem,disabled: no norm-table or radial-layer candidate filter,"per-query, per-layer Eq. I_threshold with Binomial(K, theta/pi)",distance-table hash-bucket lookup with per-layer thresholds; union over L tables without intersecting sphere-layer masks or exact norm-table filter,0.25,1.0,0.39999999999967994,1.0,0.00016157055525020995,0.0,1800.0,450.0,4.0,0.05431818181818182,13.096866976334454,1.5188457999990135,123.944970042
cifar10,9,20,query_adaptive_R25,25.0,0.14,7.763739109039307,0.95,round(norm/delta),layer-wise cosine theorem,disabled: no norm-table or radial-layer candidate filter,"per-query, per-layer Eq. I_threshold with Binomial(K, theta/pi)",distance-table hash-bucket lookup with per-layer thresholds; union over L tables without intersecting sphere-layer masks or exact norm-table filter,0.25,1.0,0.39999999999967994,1.0,0.00016157055525020995,0.0,1800.0,450.0,4.0,2.3907575757575756,13.096866976334454,1.5291915999988248,123.944970042
cifar10,9,30,query_adaptive_R25,25.0,0.14,7.763739109039307,0.95,round(norm/delta),layer-wise cosine theorem,disabled: no norm-table or radial-layer candidate filter,"per-query, per-layer Eq. I_threshold with Binomial(K, theta/pi)",distance-table hash-bucket lookup with per-layer thresholds; union over L tables without intersecting sphere-layer masks or exact norm-table filter,0.25,1.0,0.39999999999967994,1.0,0.00016157055525020995,0.0,1800.0,450.0,4.0,6.210296717171717,13.096866976334454,1.525435449999435,123.944970042
cifar10,9,40,query_adaptive_R25,25.0,0.14,7.763739109039307,0.95,round(norm/delta),layer-wise cosine theorem,disabled: no norm-table or radial-layer candidate filter,"per-query, per-layer Eq. I_threshold with Binomial(K, theta/pi)",distance-table hash-bucket lookup with per-layer thresholds; union over L tables without intersecting sphere-layer masks or exact norm-table filter,0.25,1.0,0.39999999999967994,1.0,0.00016157055525020995,0.0,1800.0,450.0,4.0,11.330599747474746,13.096866976334454,1.528930224998959,123.944970042
cifar10,9,50,query_adaptive_R25,25.0,0.14,7.763739109039307,0.95,round(norm/delta),layer-wise cosine theorem,disabled: no norm-table or radial-layer candidate filter,"per-query, per-layer Eq. I_threshold with Binomial(K, theta/pi)",distance-table hash-bucket lookup with per-layer thresholds; union over L tables without intersecting sphere-layer masks or exact norm-table filter,0.25,1.0,0.39999999999967994,1.0,0.00016157055525020995,0.0,1800.0,450.0,4.0,19.087493686868687,13.096866976334454,1.5104103999952656,123.944970042
cifar10,9,60,query_adaptive_R25,25.0,0.14,7.763739109039307,0.95,round(norm/delta),layer-wise cosine theorem,disabled: no norm-table or radial-layer candidate filter,"per-query, per-layer Eq. I_threshold with Binomial(K, theta/pi)",distance-table hash-bucket lookup with per-layer thresholds; union over L tables without intersecting sphere-layer masks or exact norm-table filter,0.25,1.0,0.39999999999967994,1.0,0.00016157055525020995,0.0,1800.0,450.0,4.0,17.295309343434344,13.096866976334454,1.5066010499971583,123.944970042
cifar10,9,70,query_adaptive_R25,25.0,0.14,7.763739109039307,0.95,round(norm/delta),layer-wise cosine theorem,disabled: no norm-table or radial-layer candidate filter,"per-query, per-layer Eq. I_threshold with Binomial(K, theta/pi)",distance-table hash-bucket lookup with per-layer thresholds; union over L tables without intersecting sphere-layer masks or exact norm-table filter,0.25,1.0,0.39999999999967994,1.0,0.00016157055525020995,0.0,1800.0,450.0,4.0,15.641691919191919,13.096866976334454,1.5526500249968933,123.944970042
cifar10,9,80,query_adaptive_R25,25.0,0.14,7.763739109039307,0.95,round(norm/delta),layer-wise cosine theorem,disabled: no norm-table or radial-layer candidate filter,"per-query, per-layer Eq. I_threshold with Binomial(K, theta/pi)",distance-table hash-bucket lookup with per-layer thresholds; union over L tables without intersecting sphere-layer masks or exact norm-table filter,0.25,1.0,0.39999999999967994,1.0,0.00016157055525020995,0.0,1800.0,450.0,4.0,13.236174242424244,13.096866976334454,1.76796454999959,123.944970042
cifar10,9,90,query_adaptive_R25,25.0,0.14,7.763739109039307,0.95,round(norm/delta),layer-wise cosine theorem,disabled: no norm-table or radial-layer candidate filter,"per-query, per-layer Eq. I_threshold with Binomial(K, theta/pi)",distance-table hash-bucket lookup with per-layer thresholds; union over L tables without intersecting sphere-layer masks or exact norm-table filter,0.25,1.0,0.39999999999967994,1.0,0.00016157055525020995,0.0,1800.0,450.0,4.0,10.455656565656566,13.096866976334454,1.5215759750013547,123.944970042
cifar10,9,100,query_adaptive_R25,25.0,0.14,7.763739109039307,0.95,round(norm/delta),layer-wise cosine theorem,disabled: no norm-table or radial-layer candidate filter,"per-query, per-layer Eq. I_threshold with Binomial(K, theta/pi)",distance-table hash-bucket lookup with per-layer thresholds; union over L tables without intersecting sphere-layer masks or exact norm-table filter,0.25,1.0,0.39999999999967994,1.0,0.00016157055525020995,0.0,1800.0,450.0,4.0,5.834179292929294,13.096866976334454,1.5188010499983307,123.944970042
cifar10,10,10,query_adaptive_R25,25.0,0.14,7.763739109039307,0.95,round(norm/delta),layer-wise cosine theorem,disabled: no norm-table or radial-layer candidate filter,"per-query, per-layer Eq. I_threshold with Binomial(K, theta/pi)",distance-table hash-bucket lookup with per-layer thresholds; union over L tables without intersecting sphere-layer masks or exact norm-table filter,0.25,1.0,0.39999999999967994,1.0,0.00016157055525020995,0.0,1800.0,450.0,4.0,0.027777777777777773,13.096866976334454,1.5887008749984943,123.944970042
cifar10,10,20,query_adaptive_R25,25.0,0.14,7.763739109039307,0.95,round(norm/delta),layer-wise cosine theorem,disabled: no norm-table or radial-layer candidate filter,"per-query, per-layer Eq. I_threshold with Binomial(K, theta/pi)",distance-table hash-bucket lookup with per-layer thresholds; union over L tables without intersecting sphere-layer masks or exact norm-table filter,0.25,1.0,0.39999999999967994,1.0,0.00016157055525020995,0.0,1800.0,450.0,4.0,2.3424305555555556,13.096866976334454,1.6032240250005714,123.944970042
cifar10,10,30,query_adaptive_R25,25.0,0.14,7.763739109039307,0.95,round(norm/delta),layer-wise cosine theorem,disabled: no norm-table or radial-layer candidate filter,"per-query, per-layer Eq. I_threshold with Binomial(K, theta/pi)",distance-table hash-bucket lookup with per-layer thresholds; union over L tables without intersecting sphere-layer masks or exact norm-table filter,0.25,1.0,0.39999999999967994,1.0,0.00016157055525020995,0.0,1800.0,450.0,4.0,6.183907828282829,13.096866976334454,1.6223437500009652,123.944970042
cifar10,10,40,query_adaptive_R25,25.0,0.14,7.763739109039307,0.95,round(norm/delta),layer-wise cosine theorem,disabled: no norm-table or radial-layer candidate filter,"per-query, per-layer Eq. I_threshold with Binomial(K, theta/pi)",distance-table hash-bucket lookup with per-layer thresholds; union over L tables without intersecting sphere-layer masks or exact norm-table filter,0.25,1.0,0.39999999999967994,1.0,0.00016157055525020995,0.0,1800.0,450.0,4.0,11.312702020202021,13.096866976334454,1.596662474998567,123.944970042
cifar10,10,50,query_adaptive_R25,25.0,0.14,7.763739109039307,0.95,round(norm/delta),layer-wise cosine theorem,disabled: no norm-table or radial-layer candidate filter,"per-query, per-layer Eq. I_threshold with Binomial(K, theta/pi)",distance-table hash-bucket lookup with per-layer thresholds; union over L tables without intersecting sphere-layer masks or exact norm-table filter,0.25,1.0,0.39999999999967994,1.0,0.00016157055525020995,0.0,1800.0,450.0,4.0,19.087493686868687,13.096866976334454,1.5861573000002238,123.944970042
cifar10,10,60,query_adaptive_R25,25.0,0.14,7.763739109039307,0.95,round(norm/delta),layer-wise cosine theorem,disabled: no norm-table or radial-layer candidate filter,"per-query, per-layer Eq. I_threshold with Binomial(K, theta/pi)",distance-table hash-bucket lookup with per-layer thresholds; union over L tables without intersecting sphere-layer masks or exact norm-table filter,0.25,1.0,0.39999999999967994,1.0,0.00016157055525020995,0.0,1800.0,450.0,4.0,17.27225378787879,13.096866976334454,1.5952854749954781,123.944970042
cifar10,10,70,query_adaptive_R25,25.0,0.14,7.763739109039307,0.95,round(norm/delta),layer-wise cosine theorem,disabled: no norm-table or radial-layer candidate filter,"per-query, per-layer Eq. I_threshold with Binomial(K, theta/pi)",distance-table hash-bucket lookup with per-layer thresholds; union over L tables without intersecting sphere-layer masks or exact norm-table filter,0.25,1.0,0.39999999999967994,1.0,0.00016157055525020995,0.0,1800.0,450.0,4.0,15.60622474747475,13.096866976334454,1.6406906000007382,123.944970042
cifar10,10,80,query_adaptive_R25,25.0,0.14,7.763739109039307,0.95,round(norm/delta),layer-wise cosine theorem,disabled: no norm-table or radial-layer candidate filter,"per-query, per-layer Eq. I_threshold with Binomial(K, theta/pi)",distance-table hash-bucket lookup with per-layer thresholds; union over L tables without intersecting sphere-layer masks or exact norm-table filter,0.25,1.0,0.39999999999967994,1.0,0.00016157055525020995,0.0,1800.0,450.0,4.0,13.183213383838384,13.096866976334454,1.6942988500012746,123.944970042
cifar10,10,90,query_adaptive_R25,25.0,0.14,7.763739109039307,0.95,round(norm/delta),layer-wise cosine theorem,disabled: no norm-table or radial-layer candidate filter,"per-query, per-layer Eq. I_threshold with Binomial(K, theta/pi)",distance-table hash-bucket lookup with per-layer thresholds; union over L tables without intersecting sphere-layer masks or exact norm-table filter,0.25,1.0,0.39999999999967994,1.0,0.00016157055525020995,0.0,1800.0,450.0,4.0,10.35981691919192,13.096866976334454,1.597717699998924,123.944970042
cifar10,10,100,query_adaptive_R25,25.0,0.14,7.763739109039307,0.95,round(norm/delta),layer-wise cosine theorem,disabled: no norm-table or radial-layer candidate filter,"per-query, per-layer Eq. I_threshold with Binomial(K, theta/pi)",distance-table hash-bucket lookup with per-layer thresholds; union over L tables without intersecting sphere-layer masks or exact norm-table filter,0.25,1.0,0.39999999999967994,1.0,0.00016157055525020995,0.0,1800.0,450.0,4.0,5.665877525252525,13.096866976334454,1.600223050000693,123.944970042
cifar10,11,10,query_adaptive_R25,25.0,0.14,7.763739109039307,0.95,round(norm/delta),layer-wise cosine theorem,disabled: no norm-table or radial-layer candidate filter,"per-query, per-layer Eq. I_threshold with Binomial(K, theta/pi)",distance-table hash-bucket lookup with per-layer thresholds; union over L tables without intersecting sphere-layer masks or exact norm-table filter,0.25,1.0,0.39999999999967994,1.0,0.00016157055525020995,0.0,1800.0,450.0,4.0,0.004166666666666667,13.096866976334454,1.657456250000422,123.944970042
cifar10,11,20,query_adaptive_R25,25.0,0.14,7.763739109039307,0.95,round(norm/delta),layer-wise cosine theorem,disabled: no norm-table or radial-layer candidate filter,"per-query, per-layer Eq. I_threshold with Binomial(K, theta/pi)",distance-table hash-bucket lookup with per-layer thresholds; union over L tables without intersecting sphere-layer masks or exact norm-table filter,0.25,1.0,0.39999999999967994,1.0,0.00016157055525020995,0.0,1800.0,450.0,4.0,2.298030303030303,13.096866976334454,1.6702844750007273,123.944970042
cifar10,11,30,query_adaptive_R25,25.0,0.14,7.763739109039307,0.95,round(norm/delta),layer-wise cosine theorem,disabled: no norm-table or radial-layer candidate filter,"per-query, per-layer Eq. I_threshold with Binomial(K, theta/pi)",distance-table hash-bucket lookup with per-layer thresholds; union over L tables without intersecting sphere-layer masks or exact norm-table filter,0.25,1.0,0.39999999999967994,1.0,0.00016157055525020995,0.0,1800.0,450.0,4.0,6.171912878787879,13.096866976334454,1.7007645249975667,123.944970042
cifar10,11,40,query_adaptive_R25,25.0,0.14,7.763739109039307,0.95,round(norm/delta),layer-wise cosine theorem,disabled: no norm-table or radial-layer candidate filter,"per-query, per-layer Eq. I_threshold with Binomial(K, theta/pi)",distance-table hash-bucket lookup with per-layer thresholds; union over L tables without intersecting sphere-layer masks or exact norm-table filter,0.25,1.0,0.39999999999967994,1.0,0.00016157055525020995,0.0,1800.0,450.0,4.0,11.290000000000001,13.096866976334454,1.6847364249976238,123.944970042
cifar10,11,50,query_adaptive_R25,25.0,0.14,7.763739109039307,0.95,round(norm/delta),layer-wise cosine theorem,disabled: no norm-table or radial-layer candidate filter,"per-query, per-layer Eq. I_threshold with Binomial(K, theta/pi)",distance-table hash-bucket lookup with per-layer thresholds; union over L tables without intersecting sphere-layer masks or exact norm-table filter,0.25,1.0,0.39999999999967994,1.0,0.00016157055525020995,0.0,1800.0,450.0,4.0,19.087493686868687,13.096866976334454,1.6602010499980224,123.944970042
cifar10,11,60,query_adaptive_R25,25.0,0.14,7.763739109039307,0.95,round(norm/delta),layer-wise cosine theorem,disabled: no norm-table or radial-layer candidate filter,"per-query, per-layer Eq. I_threshold with Binomial(K, theta/pi)",distance-table hash-bucket lookup with per-layer thresholds; union over L tables without intersecting sphere-layer masks or exact norm-table filter,0.25,1.0,0.39999999999967994,1.0,0.00016157055525020995,0.0,1800.0,450.0,4.0,17.262531565656566,13.096866976334454,1.6642050749979376,123.944970042
cifar10,11,70,query_adaptive_R25,25.0,0.14,7.763739109039307,0.95,round(norm/delta),layer-wise cosine theorem,disabled: no norm-table or radial-layer candidate filter,"per-query, per-layer Eq. I_threshold with Binomial(K, theta/pi)",distance-table hash-bucket lookup with per-layer thresholds; union over L tables without intersecting sphere-layer masks or exact norm-table filter,0.25,1.0,0.39999999999967994,1.0,0.00016157055525020995,0.0,1800.0,450.0,4.0,15.57298611111111,13.096866976334454,1.6973396000039997,123.944970042
cifar10,11,80,query_adaptive_R25,25.0,0.14,7.763739109039307,0.95,round(norm/delta),layer-wise cosine theorem,disabled: no norm-table or radial-layer candidate filter,"per-query, per-layer Eq. I_threshold with Binomial(K, theta/pi)",distance-table hash-bucket lookup with per-layer thresholds; union over L tables without intersecting sphere-layer masks or exact norm-table filter,0.25,1.0,0.39999999999967994,1.0,0.00016157055525020995,0.0,1800.0,450.0,4.0,13.135877525252525,13.096866976334454,1.7167177499992192,123.944970042
cifar10,11,90,query_adaptive_R25,25.0,0.14,7.763739109039307,0.95,round(norm/delta),layer-wise cosine theorem,disabled: no norm-table or radial-layer candidate filter,"per-query, per-layer Eq. I_threshold with Binomial(K, theta/pi)",distance-table hash-bucket lookup with per-layer thresholds; union over L tables without intersecting sphere-layer masks or exact norm-table filter,0.25,1.0,0.39999999999967994,1.0,0.00016157055525020995,0.0,1800.0,450.0,4.0,10.271376262626262,13.096866976334454,1.661931124998972,123.944970042
cifar10,11,100,query_adaptive_R25,25.0,0.14,7.763739109039307,0.95,round(norm/delta),layer-wise cosine theorem,disabled: no norm-table or radial-layer candidate filter,"per-query, per-layer Eq. I_threshold with Binomial(K, theta/pi)",distance-table hash-bucket lookup with per-layer thresholds; union over L tables without intersecting sphere-layer masks or exact norm-table filter,0.25,1.0,0.39999999999967994,1.0,0.00016157055525020995,0.0,1800.0,450.0,4.0,5.524646464646465,13.096866976334454,1.6800457750015596,123.944970042
cifar10,12,10,query_adaptive_R25,25.0,0.14,7.763739109039307,0.95,round(norm/delta),layer-wise cosine theorem,disabled: no norm-table or radial-layer candidate filter,"per-query, per-layer Eq. I_threshold with Binomial(K, theta/pi)",distance-table hash-bucket lookup with per-layer thresholds; union over L tables without intersecting sphere-layer masks or exact norm-table filter,0.25,1.0,0.39999999999967994,1.0,0.00016157055525020995,0.0,1800.0,450.0,4.0,0.0,13.096866976334454,1.7318865250011584,123.944970042
cifar10,12,20,query_adaptive_R25,25.0,0.14,7.763739109039307,0.95,round(norm/delta),layer-wise cosine theorem,disabled: no norm-table or radial-layer candidate filter,"per-query, per-layer Eq. I_threshold with Binomial(K, theta/pi)",distance-table hash-bucket lookup with per-layer thresholds; union over L tables without intersecting sphere-layer masks or exact norm-table filter,0.25,1.0,0.39999999999967994,1.0,0.00016157055525020995,0.0,1800.0,450.0,4.0,2.2731565656565658,13.096866976334454,1.7431061250007929,123.944970042
cifar10,12,30,query_adaptive_R25,25.0,0.14,7.763739109039307,0.95,round(norm/delta),layer-wise cosine theorem,disabled: no norm-table or radial-layer candidate filter,"per-query, per-layer Eq. I_threshold with Binomial(K, theta/pi)",distance-table hash-bucket lookup with per-layer thresholds; union over L tables without intersecting sphere-layer masks or exact norm-table filter,0.25,1.0,0.39999999999967994,1.0,0.00016157055525020995,0.0,1800.0,450.0,4.0,6.139589646464646,13.096866976334454,1.7812208750001446,123.944970042
cifar10,12,40,query_adaptive_R25,25.0,0.14,7.763739109039307,0.95,round(norm/delta),layer-wise cosine theorem,disabled: no norm-table or radial-layer candidate filter,"per-query, per-layer Eq. I_threshold with Binomial(K, theta/pi)",distance-table hash-bucket lookup with per-layer thresholds; union over L tables without intersecting sphere-layer masks or exact norm-table filter,0.25,1.0,0.39999999999967994,1.0,0.00016157055525020995,0.0,1800.0,450.0,4.0,11.277102272727273,13.096866976334454,1.7482739499982358,123.944970042
cifar10,12,50,query_adaptive_R25,25.0,0.14,7.763739109039307,0.95,round(norm/delta),layer-wise cosine theorem,disabled: no norm-table or radial-layer candidate filter,"per-query, per-layer Eq. I_threshold with Binomial(K, theta/pi)",distance-table hash-bucket lookup with per-layer thresholds; union over L tables without intersecting sphere-layer masks or exact norm-table filter,0.25,1.0,0.39999999999967994,1.0,0.00016157055525020995,0.0,1800.0,450.0,4.0,19.087493686868687,13.096866976334454,1.7370218499998202,123.944970042
cifar10,12,60,query_adaptive_R25,25.0,0.14,7.763739109039307,0.95,round(norm/delta),layer-wise cosine theorem,disabled: no norm-table or radial-layer candidate filter,"per-query, per-layer Eq. I_threshold with Binomial(K, theta/pi)",distance-table hash-bucket lookup with per-layer thresholds; union over L tables without intersecting sphere-layer masks or exact norm-table filter,0.25,1.0,0.39999999999967994,1.0,0.00016157055525020995,0.0,1800.0,450.0,4.0,17.252114898989895,13.096866976334454,1.7504654499994388,123.944970042
cifar10,12,70,query_adaptive_R25,25.0,0.14,7.763739109039307,0.95,round(norm/delta),layer-wise cosine theorem,disabled: no norm-table or radial-layer candidate filter,"per-query, per-layer Eq. I_threshold with Binomial(K, theta/pi)",distance-table hash-bucket lookup with per-layer thresholds; union over L tables without intersecting sphere-layer masks or exact norm-table filter,0.25,1.0,0.39999999999967994,1.0,0.00016157055525020995,0.0,1800.0,450.0,4.0,15.543371212121212,13.096866976334454,1.8001979750003727,123.944970042
cifar10,12,80,query_adaptive_R25,25.0,0.14,7.763739109039307,0.95,round(norm/delta),layer-wise cosine theorem,disabled: no norm-table or radial-layer candidate filter,"per-query, per-layer Eq. I_threshold with Binomial(K, theta/pi)",distance-table hash-bucket lookup with per-layer thresholds; union over L tables without intersecting sphere-layer masks or exact norm-table filter,0.25,1.0,0.39999999999967994,1.0,0.00016157055525020995,0.0,1800.0,450.0,4.0,13.08049873737374,13.096866976334454,1.7674634749987206,123.944970042
cifar10,12,90,query_adaptive_R25,25.0,0.14,7.763739109039307,0.95,round(norm/delta),layer-wise cosine theorem,disabled: no norm-table or radial-layer candidate filter,"per-query, per-layer Eq. I_threshold with Binomial(K, theta/pi)",distance-table hash-bucket lookup with per-layer thresholds; union over L tables without intersecting sphere-layer masks or exact norm-table filter,0.25,1.0,0.39999999999967994,1.0,0.00016157055525020995,0.0,1800.0,450.0,4.0,10.204842171717171,13.096866976334454,1.75691047500095,123.944970042
cifar10,12,100,query_adaptive_R25,25.0,0.14,7.763739109039307,0.95,round(norm/delta),layer-wise cosine theorem,disabled: no norm-table or radial-layer candidate filter,"per-query, per-layer Eq. I_threshold with Binomial(K, theta/pi)",distance-table hash-bucket lookup with per-layer thresholds; union over L tables without intersecting sphere-layer masks or exact norm-table filter,0.25,1.0,0.39999999999967994,1.0,0.00016157055525020995,0.0,1800.0,450.0,4.0,5.38655303030303,13.096866976334454,1.7607572500018875,123.944970042
cifar10,13,10,query_adaptive_R25,25.0,0.14,7.763739109039307,0.95,round(norm/delta),layer-wise cosine theorem,disabled: no norm-table or radial-layer candidate filter,"per-query, per-layer Eq. I_threshold with Binomial(K, theta/pi)",distance-table hash-bucket lookup with per-layer thresholds; union over L tables without intersecting sphere-layer masks or exact norm-table filter,0.25,1.0,0.39999999999967994,1.0,0.00016157055525020995,0.0,1800.0,450.0,4.0,0.0,13.096866976334454,1.9058260250005787,123.944970042
cifar10,13,20,query_adaptive_R25,25.0,0.14,7.763739109039307,0.95,round(norm/delta),layer-wise cosine theorem,disabled: no norm-table or radial-layer candidate filter,"per-query, per-layer Eq. I_threshold with Binomial(K, theta/pi)",distance-table hash-bucket lookup with per-layer thresholds; union over L tables without intersecting sphere-layer masks or exact norm-table filter,0.25,1.0,0.39999999999967994,1.0,0.00016157055525020995,0.0,1800.0,450.0,4.0,2.2402272727272727,13.096866976334454,1.8143396750005536,123.944970042
cifar10,13,30,query_adaptive_R25,25.0,0.14,7.763739109039307,0.95,round(norm/delta),layer-wise cosine theorem,disabled: no norm-table or radial-layer candidate filter,"per-query, per-layer Eq. I_threshold with Binomial(K, theta/pi)",distance-table hash-bucket lookup with per-layer thresholds; union over L tables without intersecting sphere-layer masks or exact norm-table filter,0.25,1.0,0.39999999999967994,1.0,0.00016157055525020995,0.0,1800.0,450.0,4.0,6.1274368686868685,13.096866976334454,1.84269375000099,123.944970042
cifar10,13,40,query_adaptive_R25,25.0,0.14,7.763739109039307,0.95,round(norm/delta),layer-wise cosine theorem,disabled: no norm-table or radial-layer candidate filter,"per-query, per-layer Eq. I_threshold with Binomial(K, theta/pi)",distance-table hash-bucket lookup with per-layer thresholds; union over L tables without intersecting sphere-layer masks or exact norm-table filter,0.25,1.0,0.39999999999967994,1.0,0.00016157055525020995,0.0,1800.0,450.0,4.0,11.270157828282828,13.096866976334454,1.8129884250001282,123.944970042
cifar10,13,50,query_adaptive_R25,25.0,0.14,7.763739109039307,0.95,round(norm/delta),layer-wise cosine theorem,disabled: no norm-table or radial-layer candidate filter,"per-query, per-layer Eq. I_threshold with Binomial(K, theta/pi)",distance-table hash-bucket lookup with per-layer thresholds; union over L tables without intersecting sphere-layer masks or exact norm-table filter,0.25,1.0,0.39999999999967994,1.0,0.00016157055525020995,0.0,1800.0,450.0,4.0,19.087493686868687,13.096866976334454,1.8033843749982736,123.944970042
cifar10,13,60,query_adaptive_R25,25.0,0.14,7.763739109039307,0.95,round(norm/delta),layer-wise cosine theorem,disabled: no norm-table or radial-layer candidate filter,"per-query, per-layer Eq. I_threshold with Binomial(K, theta/pi)",distance-table hash-bucket lookup with per-layer thresholds; union over L tables without intersecting sphere-layer masks or exact norm-table filter,0.25,1.0,0.39999999999967994,1.0,0.00016157055525020995,0.0,1800.0,450.0,4.0,17.252114898989895,13.096866976334454,1.8087665500033268,123.944970042
cifar10,13,70,query_adaptive_R25,25.0,0.14,7.763739109039307,0.95,round(norm/delta),layer-wise cosine theorem,disabled: no norm-table or radial-layer candidate filter,"per-query, per-layer Eq. I_threshold with Binomial(K, theta/pi)",distance-table hash-bucket lookup with per-layer thresholds; union over L tables without intersecting sphere-layer masks or exact norm-table filter,0.25,1.0,0.39999999999967994,1.0,0.00016157055525020995,0.0,1800.0,450.0,4.0,15.523358585858585,13.096866976334454,1.8686354249972226,123.944970042
cifar10,13,80,query_adaptive_R25,25.0,0.14,7.763739109039307,0.95,round(norm/delta),layer-wise cosine theorem,disabled: no norm-table or radial-layer candidate filter,"per-query, per-layer Eq. I_threshold with Binomial(K, theta/pi)",distance-table hash-bucket lookup with per-layer thresholds; union over L tables without intersecting sphere-layer masks or exact norm-table filter,0.25,1.0,0.39999999999967994,1.0,0.00016157055525020995,0.0,1800.0,450.0,4.0,13.040902777777779,13.096866976334454,1.8192834250008616,123.944970042
cifar10,13,90,query_adaptive_R25,25.0,0.14,7.763739109039307,0.95,round(norm/delta),layer-wise cosine theorem,disabled: no norm-table or radial-layer candidate filter,"per-query, per-layer Eq. I_threshold with Binomial(K, theta/pi)",distance-table hash-bucket lookup with per-layer thresholds; union over L tables without intersecting sphere-layer masks or exact norm-table filter,0.25,1.0,0.39999999999967994,1.0,0.00016157055525020995,0.0,1800.0,450.0,4.0,10.11160984848485,13.096866976334454,1.8136125499985667,123.944970042
cifar10,13,100,query_adaptive_R25,25.0,0.14,7.763739109039307,0.95,round(norm/delta),layer-wise cosine theorem,disabled: no norm-table or radial-layer candidate filter,"per-query, per-layer Eq. I_threshold with Binomial(K, theta/pi)",distance-table hash-bucket lookup with per-layer thresholds; union over L tables without intersecting sphere-layer masks or exact norm-table filter,0.25,1.0,0.39999999999967994,1.0,0.00016157055525020995,0.0,1800.0,450.0,4.0,5.272910353535353,13.096866976334454,1.8115865499993333,123.944970042
cifar10,14,10,query_adaptive_R25,25.0,0.14,7.763739109039307,0.95,round(norm/delta),layer-wise cosine theorem,disabled: no norm-table or radial-layer candidate filter,"per-query, per-layer Eq. I_threshold with Binomial(K, theta/pi)",distance-table hash-bucket lookup with per-layer thresholds; union over L tables without intersecting sphere-layer masks or exact norm-table filter,0.25,1.0,0.39999999999967994,1.0,0.00016157055525020995,0.0,1800.0,450.0,4.0,0.0,13.096866976334454,1.8782187250010907,123.944970042
cifar10,14,20,query_adaptive_R25,25.0,0.14,7.763739109039307,0.95,round(norm/delta),layer-wise cosine theorem,disabled: no norm-table or radial-layer candidate filter,"per-query, per-layer Eq. I_threshold with Binomial(K, theta/pi)",distance-table hash-bucket lookup with per-layer thresholds; union over L tables without intersecting sphere-layer masks or exact norm-table filter,0.25,1.0,0.39999999999967994,1.0,0.00016157055525020995,0.0,1800.0,450.0,4.0,2.2154356060606064,13.096866976334454,1.8960457750019089,123.944970042
cifar10,14,30,query_adaptive_R25,25.0,0.14,7.763739109039307,0.95,round(norm/delta),layer-wise cosine theorem,disabled: no norm-table or radial-layer candidate filter,"per-query, per-layer Eq. I_threshold with Binomial(K, theta/pi)",distance-table hash-bucket lookup with per-layer thresholds; union over L tables without intersecting sphere-layer masks or exact norm-table filter,0.25,1.0,0.39999999999967994,1.0,0.00016157055525020995,0.0,1800.0,450.0,4.0,6.115946969696969,13.096866976334454,1.921462474998492,123.944970042
cifar10,14,40,query_adaptive_R25,25.0,0.14,7.763739109039307,0.95,round(norm/delta),layer-wise cosine theorem,disabled: no norm-table or radial-layer candidate filter,"per-query, per-layer Eq. I_threshold with Binomial(K, theta/pi)",distance-table hash-bucket lookup with per-layer thresholds; union over L tables without intersecting sphere-layer masks or exact norm-table filter,0.25,1.0,0.39999999999967994,1.0,0.00016157055525020995,0.0,1800.0,450.0,4.0,11.253074494949496,13.096866976334454,1.8925093499980505,123.944970042
cifar10,14,50,query_adaptive_R25,25.0,0.14,7.763739109039307,0.95,round(norm/delta),layer-wise cosine theorem,disabled: no norm-table or radial-layer candidate filter,"per-query, per-layer Eq. I_threshold with Binomial(K, theta/pi)",distance-table hash-bucket lookup with per-layer thresholds; union over L tables without intersecting sphere-layer masks or exact norm-table filter,0.25,1.0,0.39999999999967994,1.0,0.00016157055525020995,0.0,1800.0,450.0,4.0,19.087493686868687,13.096866976334454,1.8738385750012299,123.944970042
cifar10,14,60,query_adaptive_R25,25.0,0.14,7.763739109039307,0.95,round(norm/delta),layer-wise cosine theorem,disabled: no norm-table or radial-layer candidate filter,"per-query, per-layer Eq. I_threshold with Binomial(K, theta/pi)",distance-table hash-bucket lookup with per-layer thresholds; union over L tables without intersecting sphere-layer masks or exact norm-table filter,0.25,1.0,0.39999999999967994,1.0,0.00016157055525020995,0.0,1800.0,450.0,4.0,17.244128787878786,13.096866976334454,1.878344825001932,123.944970042
cifar10,14,70,query_adaptive_R25,25.0,0.14,7.763739109039307,0.95,round(norm/delta),layer-wise cosine theorem,disabled: no norm-table or radial-layer candidate filter,"per-query, per-layer Eq. I_threshold with Binomial(K, theta/pi)",distance-table hash-bucket lookup with per-layer thresholds; union over L tables without intersecting sphere-layer masks or exact norm-table filter,0.25,1.0,0.39999999999967994,1.0,0.00016157055525020995,0.0,1800.0,450.0,4.0,15.497215909090908,13.096866976334454,1.9244301749999693,123.944970042
cifar10,14,80,query_adaptive_R25,25.0,0.14,7.763739109039307,0.95,round(norm/delta),layer-wise cosine theorem,disabled: no norm-table or radial-layer candidate filter,"per-query, per-layer Eq. I_threshold with Binomial(K, theta/pi)",distance-table hash-bucket lookup with per-layer thresholds; union over L tables without intersecting sphere-layer masks or exact norm-table filter,0.25,1.0,0.39999999999967994,1.0,0.00016157055525020995,0.0,1800.0,450.0,4.0,13.006344696969697,13.096866976334454,1.8860739250015968,123.944970042
cifar10,14,90,query_adaptive_R25,25.0,0.14,7.763739109039307,0.95,round(norm/delta),layer-wise cosine theorem,disabled: no norm-table or radial-layer candidate filter,"per-query, per-layer Eq. I_threshold with Binomial(K, theta/pi)",distance-table hash-bucket lookup with per-layer thresholds; union over L tables without intersecting sphere-layer masks or exact norm-table filter,0.25,1.0,0.39999999999967994,1.0,0.00016157055525020995,0.0,1800.0,450.0,4.0,10.024804292929293,13.096866976334454,1.8851592999951094,123.944970042
cifar10,14,100,query_adaptive_R25,25.0,0.14,7.763739109039307,0.95,round(norm/delta),layer-wise cosine theorem,disabled: no norm-table or radial-layer candidate filter,"per-query, per-layer Eq. I_threshold with Binomial(K, theta/pi)",distance-table hash-bucket lookup with per-layer thresholds; union over L tables without intersecting sphere-layer masks or exact norm-table filter,0.25,1.0,0.39999999999967994,1.0,0.00016157055525020995,0.0,1800.0,450.0,4.0,5.179008838383838,13.096866976334454,1.9085490250013493,123.944970042
cifar10,15,10,query_adaptive_R25,25.0,0.14,7.763739109039307,0.95,round(norm/delta),layer-wise cosine theorem,disabled: no norm-table or radial-layer candidate filter,"per-query, per-layer Eq. I_threshold with Binomial(K, theta/pi)",distance-table hash-bucket lookup with per-layer thresholds; union over L tables without intersecting sphere-layer masks or exact norm-table filter,0.25,1.0,0.39999999999967994,1.0,0.00016157055525020995,0.0,1800.0,450.0,4.0,0.0,13.096866976334454,1.9467031749996977,123.944970042
cifar10,15,20,query_adaptive_R25,25.0,0.14,7.763739109039307,0.95,round(norm/delta),layer-wise cosine theorem,disabled: no norm-table or radial-layer candidate filter,"per-query, per-layer Eq. I_threshold with Binomial(K, theta/pi)",distance-table hash-bucket lookup with per-layer thresholds; union over L tables without intersecting sphere-layer masks or exact norm-table filter,0.25,1.0,0.39999999999967994,1.0,0.00016157055525020995,0.0,1800.0,450.0,4.0,2.198491161616162,13.096866976334454,1.9609333749968982,123.944970042
cifar10,15,30,query_adaptive_R25,25.0,0.14,7.763739109039307,0.95,round(norm/delta),layer-wise cosine theorem,disabled: no norm-table or radial-layer candidate filter,"per-query, per-layer Eq. I_threshold with Binomial(K, theta/pi)",distance-table hash-bucket lookup with per-layer thresholds; union over L tables without intersecting sphere-layer masks or exact norm-table filter,0.25,1.0,0.39999999999967994,1.0,0.00016157055525020995,0.0,1800.0,450.0,4.0,6.109696969696969,13.096866976334454,1.9823165750032954,123.944970042
cifar10,15,40,query_adaptive_R25,25.0,0.14,7.763739109039307,0.95,round(norm/delta),layer-wise cosine theorem,disabled: no norm-table or radial-layer candidate filter,"per-query, per-layer Eq. I_threshold with Binomial(K, theta/pi)",distance-table hash-bucket lookup with per-layer thresholds; union over L tables without intersecting sphere-layer masks or exact norm-table filter,0.25,1.0,0.39999999999967994,1.0,0.00016157055525020995,0.0,1800.0,450.0,4.0,11.245713383838384,13.096866976334454,1.960316674998808,123.944970042
cifar10,15,50,query_adaptive_R25,25.0,0.14,7.763739109039307,0.95,round(norm/delta),layer-wise cosine theorem,disabled: no norm-table or radial-layer candidate filter,"per-query, per-layer Eq. I_threshold with Binomial(K, theta/pi)",distance-table hash-bucket lookup with per-layer thresholds; union over L tables without intersecting sphere-layer masks or exact norm-table filter,0.25,1.0,0.39999999999967994,1.0,0.00016157055525020995,0.0,1800.0,450.0,4.0,19.087493686868687,13.096866976334454,1.948493725001299,123.944970042
cifar10,15,60,query_adaptive_R25,25.0,0.14,7.763739109039307,0.95,round(norm/delta),layer-wise cosine theorem,disabled: no norm-table or radial-layer candidate filter,"per-query, per-layer Eq. I_threshold with Binomial(K, theta/pi)",distance-table hash-bucket lookup with per-layer thresholds; union over L tables without intersecting sphere-layer masks or exact norm-table filter,0.25,1.0,0.39999999999967994,1.0,0.00016157055525020995,0.0,1800.0,450.0,4.0,17.24100378787879,13.096866976334454,1.9905604499989238,123.944970042
cifar10,15,70,query_adaptive_R25,25.0,0.14,7.763739109039307,0.95,round(norm/delta),layer-wise cosine theorem,disabled: no norm-table or radial-layer candidate filter,"per-query, per-layer Eq. I_threshold with Binomial(K, theta/pi)",distance-table hash-bucket lookup with per-layer thresholds; union over L tables without intersecting sphere-layer masks or exact norm-table filter,0.25,1.0,0.39999999999967994,1.0,0.00016157055525020995,0.0,1800.0,450.0,4.0,15.479526515151514,13.096866976334454,1.9989093000027935,123.944970042
cifar10,15,80,query_adaptive_R25,25.0,0.14,7.763739109039307,0.95,round(norm/delta),layer-wise cosine theorem,disabled: no norm-table or radial-layer candidate filter,"per-query, per-layer Eq. I_threshold with Binomial(K, theta/pi)",distance-table hash-bucket lookup with per-layer thresholds; union over L tables without intersecting sphere-layer masks or exact norm-table filter,0.25,1.0,0.39999999999967994,1.0,0.00016157055525020995,0.0,1800.0,450.0,4.0,12.988314393939396,13.096866976334454,1.969910424999455,123.944970042
cifar10,15,90,query_adaptive_R25,25.0,0.14,7.763739109039307,0.95,round(norm/delta),layer-wise cosine theorem,disabled: no norm-table or radial-layer candidate filter,"per-query, per-layer Eq. I_threshold with Binomial(K, theta/pi)",distance-table hash-bucket lookup with per-layer thresholds; union over L tables without intersecting sphere-layer masks or exact norm-table filter,0.25,1.0,0.39999999999967994,1.0,0.00016157055525020995,0.0,1800.0,450.0,4.0,9.98810606060606,13.096866976334454,1.9604843999992738,123.944970042
cifar10,15,100,query_adaptive_R25,25.0,0.14,7.763739109039307,0.95,round(norm/delta),layer-wise cosine theorem,disabled: no norm-table or radial-layer candidate filter,"per-query, per-layer Eq. I_threshold with Binomial(K, theta/pi)",distance-table hash-bucket lookup with per-layer thresholds; union over L tables without intersecting sphere-layer masks or exact norm-table filter,0.25,1.0,0.39999999999967994,1.0,0.00016157055525020995,0.0,1800.0,450.0,4.0,5.086104797979798,13.096866976334454,1.9547114749997263,123.944970042
cifar10,16,10,query_adaptive_R25,25.0,0.14,7.763739109039307,0.95,round(norm/delta),layer-wise cosine theorem,disabled: no norm-table or radial-layer candidate filter,"per-query, per-layer Eq. I_threshold with Binomial(K, theta/pi)",distance-table hash-bucket lookup with per-layer thresholds; union over L tables without intersecting sphere-layer masks or exact norm-table filter,0.25,1.0,0.39999999999967994,1.0,0.00016157055525020995,0.0,1800.0,450.0,4.0,0.0,13.096866976334454,2.031826074999543,123.944970042
cifar10,16,20,query_adaptive_R25,25.0,0.14,7.763739109039307,0.95,round(norm/delta),layer-wise cosine theorem,disabled: no norm-table or radial-layer candidate filter,"per-query, per-layer Eq. I_threshold with Binomial(K, theta/pi)",distance-table hash-bucket lookup with per-layer thresholds; union over L tables without intersecting sphere-layer masks or exact norm-table filter,0.25,1.0,0.39999999999967994,1.0,0.00016157055525020995,0.0,1800.0,450.0,4.0,2.182866161616162,13.096866976334454,2.0266655000028777,123.944970042
cifar10,16,30,query_adaptive_R25,25.0,0.14,7.763739109039307,0.95,round(norm/delta),layer-wise cosine theorem,disabled: no norm-table or radial-layer candidate filter,"per-query, per-layer Eq. I_threshold with Binomial(K, theta/pi)",distance-table hash-bucket lookup with per-layer thresholds; union over L tables without intersecting sphere-layer masks or exact norm-table filter,0.25,1.0,0.39999999999967994,1.0,0.00016157055525020995,0.0,1800.0,450.0,4.0,6.102058080808081,13.096866976334454,2.0688759499975617,123.944970042
cifar10,16,40,query_adaptive_R25,25.0,0.14,7.763739109039307,0.95,round(norm/delta),layer-wise cosine theorem,disabled: no norm-table or radial-layer candidate filter,"per-query, per-layer Eq. I_threshold with Binomial(K, theta/pi)",distance-table hash-bucket lookup with per-layer thresholds; union over L tables without intersecting sphere-layer masks or exact norm-table filter,0.25,1.0,0.39999999999967994,1.0,0.00016157055525020995,0.0,1800.0,450.0,4.0,11.245713383838384,13.096866976334454,2.069671900002845,123.944970042
cifar10,16,50,query_adaptive_R25,25.0,0.14,7.763739109039307,0.95,round(norm/delta),layer-wise cosine theorem,disabled: no norm-table or radial-layer candidate filter,"per-query, per-layer Eq. I_threshold with Binomial(K, theta/pi)",distance-table hash-bucket lookup with per-layer thresholds; union over L tables without intersecting sphere-layer masks or exact norm-table filter,0.25,1.0,0.39999999999967994,1.0,0.00016157055525020995,0.0,1800.0,450.0,4.0,19.087493686868687,13.096866976334454,2.0261230000024,123.944970042
cifar10,16,60,query_adaptive_R25,25.0,0.14,7.763739109039307,0.95,round(norm/delta),layer-wise cosine theorem,disabled: no norm-table or radial-layer candidate filter,"per-query, per-layer Eq. I_threshold with Binomial(K, theta/pi)",distance-table hash-bucket lookup with per-layer thresholds; union over L tables without intersecting sphere-layer masks or exact norm-table filter,0.25,1.0,0.39999999999967994,1.0,0.00016157055525020995,0.0,1800.0,450.0,4.0,17.228125,13.096866976334454,2.067987450002562,123.944970042
cifar10,16,70,query_adaptive_R25,25.0,0.14,7.763739109039307,0.95,round(norm/delta),layer-wise cosine theorem,disabled: no norm-table or radial-layer candidate filter,"per-query, per-layer Eq. I_threshold with Binomial(K, theta/pi)",distance-table hash-bucket lookup with per-layer thresholds; union over L tables without intersecting sphere-layer masks or exact norm-table filter,0.25,1.0,0.39999999999967994,1.0,0.00016157055525020995,0.0,1800.0,450.0,4.0,15.463522727272727,13.096866976334454,2.108243775001739,123.944970042
cifar10,16,80,query_adaptive_R25,25.0,0.14,7.763739109039307,0.95,round(norm/delta),layer-wise cosine theorem,disabled: no norm-table or radial-layer candidate filter,"per-query, per-layer Eq. I_threshold with Binomial(K, theta/pi)",distance-table hash-bucket lookup with per-layer thresholds; union over L tables without intersecting sphere-layer masks or exact norm-table filter,0.25,1.0,0.39999999999967994,1.0,0.00016157055525020995,0.0,1800.0,450.0,4.0,12.966963383838385,13.096866976334454,2.05441250000149,123.944970042
cifar10,16,90,query_adaptive_R25,25.0,0.14,7.763739109039307,0.95,round(norm/delta),layer-wise cosine theorem,disabled: no norm-table or radial-layer candidate filter,"per-query, per-layer Eq. I_threshold with Binomial(K, theta/pi)",distance-table hash-bucket lookup with per-layer thresholds; union over L tables without intersecting sphere-layer masks or exact norm-table filter,0.25,1.0,0.39999999999967994,1.0,0.00016157055525020995,0.0,1800.0,450.0,4.0,9.937140151515152,13.096866976334454,2.041638449999539,123.944970042
cifar10,16,100,query_adaptive_R25,25.0,0.14,7.763739109039307,0.95,round(norm/delta),layer-wise cosine theorem,disabled: no norm-table or radial-layer candidate filter,"per-query, per-layer Eq. I_threshold with Binomial(K, theta/pi)",distance-table hash-bucket lookup with per-layer thresholds; union over L tables without intersecting sphere-layer masks or exact norm-table filter,0.25,1.0,0.39999999999967994,1.0,0.00016157055525020995,0.0,1800.0,450.0,4.0,5.037689393939393,13.096866976334454,2.0332291500004374,123.944970042
cifar10,17,10,query_adaptive_R25,25.0,0.14,7.763739109039307,0.95,round(norm/delta),layer-wise cosine theorem,disabled: no norm-table or radial-layer candidate filter,"per-query, per-layer Eq. I_threshold with Binomial(K, theta/pi)",distance-table hash-bucket lookup with per-layer thresholds; union over L tables without intersecting sphere-layer masks or exact norm-table filter,0.25,1.0,0.39999999999967994,1.0,0.00016157055525020995,0.0,1800.0,450.0,4.0,0.0,13.096866976334454,2.0947219249997318,123.944970042
cifar10,17,20,query_adaptive_R25,25.0,0.14,7.763739109039307,0.95,round(norm/delta),layer-wise cosine theorem,disabled: no norm-table or radial-layer candidate filter,"per-query, per-layer Eq. I_threshold with Binomial(K, theta/pi)",distance-table hash-bucket lookup with per-layer thresholds; union over L tables without intersecting sphere-layer masks or exact norm-table filter,0.25,1.0,0.39999999999967994,1.0,0.00016157055525020995,0.0,1800.0,450.0,4.0,2.176963383838384,13.096866976334454,2.098877150001499,123.944970042
cifar10,17,30,query_adaptive_R25,25.0,0.14,7.763739109039307,0.95,round(norm/delta),layer-wise cosine theorem,disabled: no norm-table or radial-layer candidate filter,"per-query, per-layer Eq. I_threshold with Binomial(K, theta/pi)",distance-table hash-bucket lookup with per-layer thresholds; union over L tables without intersecting sphere-layer masks or exact norm-table filter,0.25,1.0,0.39999999999967994,1.0,0.00016157055525020995,0.0,1800.0,450.0,4.0,6.102058080808081,13.096866976334454,2.142961499998819,123.944970042
cifar10,17,40,query_adaptive_R25,25.0,0.14,7.763739109039307,0.95,round(norm/delta),layer-wise cosine theorem,disabled: no norm-table or radial-layer candidate filter,"per-query, per-layer Eq. I_threshold with Binomial(K, theta/pi)",distance-table hash-bucket lookup with per-layer thresholds; union over L tables without intersecting sphere-layer masks or exact norm-table filter,0.25,1.0,0.39999999999967994,1.0,0.00016157055525020995,0.0,1800.0,450.0,4.0,11.243213383838384,13.096866976334454,2.135429225002383,123.944970042
cifar10,17,50,query_adaptive_R25,25.0,0.14,7.763739109039307,0.95,round(norm/delta),layer-wise cosine theorem,disabled: no norm-table or radial-layer candidate filter,"per-query, per-layer Eq. I_threshold with Binomial(K, theta/pi)",distance-table hash-bucket lookup with per-layer thresholds; union over L tables without intersecting sphere-layer masks or exact norm-table filter,0.25,1.0,0.39999999999967994,1.0,0.00016157055525020995,0.0,1800.0,450.0,4.0,19.087493686868687,13.096866976334454,2.090704250000641,123.944970042
cifar10,17,60,query_adaptive_R25,25.0,0.14,7.763739109039307,0.95,round(norm/delta),layer-wise cosine theorem,disabled: no norm-table or radial-layer candidate filter,"per-query, per-layer Eq. I_threshold with Binomial(K, theta/pi)",distance-table hash-bucket lookup with per-layer thresholds; union over L tables without intersecting sphere-layer masks or exact norm-table filter,0.25,1.0,0.39999999999967994,1.0,0.00016157055525020995,0.0,1800.0,450.0,4.0,17.207954545454545,13.096866976334454,2.135748899999612,123.944970042
cifar10,17,70,query_adaptive_R25,25.0,0.14,7.763739109039307,0.95,round(norm/delta),layer-wise cosine theorem,disabled: no norm-table or radial-layer candidate filter,"per-query, per-layer Eq. I_threshold with Binomial(K, theta/pi)",distance-table hash-bucket lookup with per-layer thresholds; union over L tables without intersecting sphere-layer masks or exact norm-table filter,0.25,1.0,0.39999999999967994,1.0,0.00016157055525020995,0.0,1800.0,450.0,4.0,15.456199494949496,13.096866976334454,2.132818725000618,123.944970042
cifar10,17,80,query_adaptive_R25,25.0,0.14,7.763739109039307,0.95,round(norm/delta),layer-wise cosine theorem,disabled: no norm-table or radial-layer candidate filter,"per-query, per-layer Eq. I_threshold with Binomial(K, theta/pi)",distance-table hash-bucket lookup with per-layer thresholds; union over L tables without intersecting sphere-layer masks or exact norm-table filter,0.25,1.0,0.39999999999967994,1.0,0.00016157055525020995,0.0,1800.0,450.0,4.0,12.935612373737374,13.096866976334454,2.1136312500004806,123.944970042
cifar10,17,90,query_adaptive_R25,25.0,0.14,7.763739109039307,0.95,round(norm/delta),layer-wise cosine theorem,disabled: no norm-table or radial-layer candidate filter,"per-query, per-layer Eq. I_threshold with Binomial(K, theta/pi)",distance-table hash-bucket lookup with per-layer thresholds; union over L tables without intersecting sphere-layer masks or exact norm-table filter,0.25,1.0,0.39999999999967994,1.0,0.00016157055525020995,0.0,1800.0,450.0,4.0,9.899103535353536,13.096866976334454,2.1009979500021814,123.944970042
cifar10,17,100,query_adaptive_R25,25.0,0.14,7.763739109039307,0.95,round(norm/delta),layer-wise cosine theorem,disabled: no norm-table or radial-layer candidate filter,"per-query, per-layer Eq. I_threshold with Binomial(K, theta/pi)",distance-table hash-bucket lookup with per-layer thresholds; union over L tables without intersecting sphere-layer masks or exact norm-table filter,0.25,1.0,0.39999999999967994,1.0,0.00016157055525020995,0.0,1800.0,450.0,4.0,4.95074494949495,13.096866976334454,2.1069885499983343,123.944970042
cifar10,18,10,query_adaptive_R25,25.0,0.14,7.763739109039307,0.95,round(norm/delta),layer-wise cosine theorem,disabled: no norm-table or radial-layer candidate filter,"per-query, per-layer Eq. I_threshold with Binomial(K, theta/pi)",distance-table hash-bucket lookup with per-layer thresholds; union over L tables without intersecting sphere-layer masks or exact norm-table filter,0.25,1.0,0.39999999999967994,1.0,0.00016157055525020995,0.0,1800.0,450.0,4.0,0.0,13.096866976334454,2.167252100001349,123.944970042
cifar10,18,20,query_adaptive_R25,25.0,0.14,7.763739109039307,0.95,round(norm/delta),layer-wise cosine theorem,disabled: no norm-table or radial-layer candidate filter,"per-query, per-layer Eq. I_threshold with Binomial(K, theta/pi)",distance-table hash-bucket lookup with per-layer thresholds; union over L tables without intersecting sphere-layer masks or exact norm-table filter,0.25,1.0,0.39999999999967994,1.0,0.00016157055525020995,0.0,1800.0,450.0,4.0,2.1458396464646463,13.096866976334454,2.1624999749981555,123.944970042
cifar10,18,30,query_adaptive_R25,25.0,0.14,7.763739109039307,0.95,round(norm/delta),layer-wise cosine theorem,disabled: no norm-table or radial-layer candidate filter,"per-query, per-layer Eq. I_threshold with Binomial(K, theta/pi)",distance-table hash-bucket lookup with per-layer thresholds; union over L tables without intersecting sphere-layer masks or exact norm-table filter,0.25,1.0,0.39999999999967994,1.0,0.00016157055525020995,0.0,1800.0,450.0,4.0,6.095391414141415,13.096866976334454,2.236052075001993,123.944970042
cifar10,18,40,query_adaptive_R25,25.0,0.14,7.763739109039307,0.95,round(norm/delta),layer-wise cosine theorem,disabled: no norm-table or radial-layer candidate filter,"per-query, per-layer Eq. I_threshold with Binomial(K, theta/pi)",distance-table hash-bucket lookup with per-layer thresholds; union over L tables without intersecting sphere-layer masks or exact norm-table filter,0.25,1.0,0.39999999999967994,1.0,0.00016157055525020995,0.0,1800.0,450.0,4.0,11.238213383838383,13.096866976334454,2.165498874997951,123.944970042
cifar10,18,50,query_adaptive_R25,25.0,0.14,7.763739109039307,0.95,round(norm/delta),layer-wise cosine theorem,disabled: no norm-table or radial-layer candidate filter,"per-query, per-layer Eq. I_threshold with Binomial(K, theta/pi)",distance-table hash-bucket lookup with per-layer thresholds; union over L tables without intersecting sphere-layer masks or exact norm-table filter,0.25,1.0,0.39999999999967994,1.0,0.00016157055525020995,0.0,1800.0,450.0,4.0,19.087493686868687,13.096866976334454,2.1762365249998084,123.944970042
cifar10,18,60,query_adaptive_R25,25.0,0.14,7.763739109039307,0.95,round(norm/delta),layer-wise cosine theorem,disabled: no norm-table or radial-layer candidate filter,"per-query, per-layer Eq. I_threshold with Binomial(K, theta/pi)",distance-table hash-bucket lookup with per-layer thresholds; union over L tables without intersecting sphere-layer masks or exact norm-table filter,0.25,1.0,0.39999999999967994,1.0,0.00016157055525020995,0.0,1800.0,450.0,4.0,17.202051767676767,13.096866976334454,2.197533374998528,123.944970042
cifar10,18,70,query_adaptive_R25,25.0,0.14,7.763739109039307,0.95,round(norm/delta),layer-wise cosine theorem,disabled: no norm-table or radial-layer candidate filter,"per-query, per-layer Eq. I_threshold with Binomial(K, theta/pi)",distance-table hash-bucket lookup with per-layer thresholds; union over L tables without intersecting sphere-layer masks or exact norm-table filter,0.25,1.0,0.39999999999967994,1.0,0.00016157055525020995,0.0,1800.0,450.0,4.0,15.449532828282827,13.096866976334454,2.220690625000543,123.944970042
cifar10,18,80,query_adaptive_R25,25.0,0.14,7.763739109039307,0.95,round(norm/delta),layer-wise cosine theorem,disabled: no norm-table or radial-layer candidate filter,"per-query, per-layer Eq. I_threshold with Binomial(K, theta/pi)",distance-table hash-bucket lookup with per-layer thresholds; union over L tables without intersecting sphere-layer masks or exact norm-table filter,0.25,1.0,0.39999999999967994,1.0,0.00016157055525020995,0.0,1800.0,450.0,4.0,12.909469696969698,13.096866976334454,2.174860524998934,123.944970042
cifar10,18,90,query_adaptive_R25,25.0,0.14,7.763739109039307,0.95,round(norm/delta),layer-wise cosine theorem,disabled: no norm-table or radial-layer candidate filter,"per-query, per-layer Eq. I_threshold with Binomial(K, theta/pi)",distance-table hash-bucket lookup with per-layer thresholds; union over L tables without intersecting sphere-layer masks or exact norm-table filter,0.25,1.0,0.39999999999967994,1.0,0.00016157055525020995,0.0,1800.0,450.0,4.0,9.873636363636365,13.096866976334454,2.1738083499982963,123.944970042
cifar10,18,100,query_adaptive_R25,25.0,0.14,7.763739109039307,0.95,round(norm/delta),layer-wise cosine theorem,disabled: no norm-table or radial-layer candidate filter,"per-query, per-layer Eq. I_threshold with Binomial(K, theta/pi)",distance-table hash-bucket lookup with per-layer thresholds; union over L tables without intersecting sphere-layer masks or exact norm-table filter,0.25,1.0,0.39999999999967994,1.0,0.00016157055525020995,0.0,1800.0,450.0,4.0,4.890265151515152,13.096866976334454,2.169089549997949,123.944970042
cifar10,19,10,query_adaptive_R25,25.0,0.14,7.763739109039307,0.95,round(norm/delta),layer-wise cosine theorem,disabled: no norm-table or radial-layer candidate filter,"per-query, per-layer Eq. I_threshold with Binomial(K, theta/pi)",distance-table hash-bucket lookup with per-layer thresholds; union over L tables without intersecting sphere-layer masks or exact norm-table filter,0.25,1.0,0.39999999999967994,1.0,0.00016157055525020995,0.0,1800.0,450.0,4.0,0.0,13.096866976334454,2.287081174999628,123.944970042
cifar10,19,20,query_adaptive_R25,25.0,0.14,7.763739109039307,0.95,round(norm/delta),layer-wise cosine theorem,disabled: no norm-table or radial-layer candidate filter,"per-query, per-layer Eq. I_threshold with Binomial(K, theta/pi)",distance-table hash-bucket lookup with per-layer thresholds; union over L tables without intersecting sphere-layer masks or exact norm-table filter,0.25,1.0,0.39999999999967994,1.0,0.00016157055525020995,0.0,1800.0,450.0,4.0,2.132645202020202,13.096866976334454,2.24072390000174,123.944970042
cifar10,19,30,query_adaptive_R25,25.0,0.14,7.763739109039307,0.95,round(norm/delta),layer-wise cosine theorem,disabled: no norm-table or radial-layer candidate filter,"per-query, per-layer Eq. I_threshold with Binomial(K, theta/pi)",distance-table hash-bucket lookup with per-layer thresholds; union over L tables without intersecting sphere-layer masks or exact norm-table filter,0.25,1.0,0.39999999999967994,1.0,0.00016157055525020995,0.0,1800.0,450.0,4.0,6.091224747474747,13.096866976334454,2.2772020499999712,123.944970042
cifar10,19,40,query_adaptive_R25,25.0,0.14,7.763739109039307,0.95,round(norm/delta),layer-wise cosine theorem,disabled: no norm-table or radial-layer candidate filter,"per-query, per-layer Eq. I_threshold with Binomial(K, theta/pi)",distance-table hash-bucket lookup with per-layer thresholds; union over L tables without intersecting sphere-layer masks or exact norm-table filter,0.25,1.0,0.39999999999967994,1.0,0.00016157055525020995,0.0,1800.0,450.0,4.0,11.235435606060605,13.096866976334454,2.2345437749990538,123.944970042
cifar10,19,50,query_adaptive_R25,25.0,0.14,7.763739109039307,0.95,round(norm/delta),layer-wise cosine theorem,disabled: no norm-table or radial-layer candidate filter,"per-query, per-layer Eq. I_threshold with Binomial(K, theta/pi)",distance-table hash-bucket lookup with per-layer thresholds; union over L tables without intersecting sphere-layer masks or exact norm-table filter,0.25,1.0,0.39999999999967994,1.0,0.00016157055525020995,0.0,1800.0,450.0,4.0,19.087493686868687,13.096866976334454,2.233076024999292,123.944970042
cifar10,19,60,query_adaptive_R25,25.0,0.14,7.763739109039307,0.95,round(norm/delta),layer-wise cosine theorem,disabled: no norm-table or radial-layer candidate filter,"per-query, per-layer Eq. I_threshold with Binomial(K, theta/pi)",distance-table hash-bucket lookup with per-layer thresholds; union over L tables without intersecting sphere-layer masks or exact norm-table filter,0.25,1.0,0.39999999999967994,1.0,0.00016157055525020995,0.0,1800.0,450.0,4.0,17.193112373737375,13.096866976334454,2.2596707999959165,123.944970042
cifar10,19,70,query_adaptive_R25,25.0,0.14,7.763739109039307,0.95,round(norm/delta),layer-wise cosine theorem,disabled: no norm-table or radial-layer candidate filter,"per-query, per-layer Eq. I_threshold with Binomial(K, theta/pi)",distance-table hash-bucket lookup with per-layer thresholds; union over L tables without intersecting sphere-layer masks or exact norm-table filter,0.25,1.0,0.39999999999967994,1.0,0.00016157055525020995,0.0,1800.0,450.0,4.0,15.447449494949495,13.096866976334454,2.284801999999786,123.944970042
cifar10,19,80,query_adaptive_R25,25.0,0.14,7.763739109039307,0.95,round(norm/delta),layer-wise cosine theorem,disabled: no norm-table or radial-layer candidate filter,"per-query, per-layer Eq. I_threshold with Binomial(K, theta/pi)",distance-table hash-bucket lookup with per-layer thresholds; union over L tables without intersecting sphere-layer masks or exact norm-table filter,0.25,1.0,0.39999999999967994,1.0,0.00016157055525020995,0.0,1800.0,450.0,4.0,12.898446969696968,13.096866976334454,2.2437009750007064,123.944970042
cifar10,19,90,query_adaptive_R25,25.0,0.14,7.763739109039307,0.95,round(norm/delta),layer-wise cosine theorem,disabled: no norm-table or radial-layer candidate filter,"per-query, per-layer Eq. I_threshold with Binomial(K, theta/pi)",distance-table hash-bucket lookup with per-layer thresholds; union over L tables without intersecting sphere-layer masks or exact norm-table filter,0.25,1.0,0.39999999999967994,1.0,0.00016157055525020995,0.0,1800.0,450.0,4.0,9.834924242424242,13.096866976334454,2.243179099998116,123.944970042
cifar10,19,100,query_adaptive_R25,25.0,0.14,7.763739109039307,0.95,round(norm/delta),layer-wise cosine theorem,disabled: no norm-table or radial-layer candidate filter,"per-query, per-layer Eq. I_threshold with Binomial(K, theta/pi)",distance-table hash-bucket lookup with per-layer thresholds; union over L tables without intersecting sphere-layer masks or exact norm-table filter,0.25,1.0,0.39999999999967994,1.0,0.00016157055525020995,0.0,1800.0,450.0,4.0,4.7919823232323235,13.096866976334454,2.270109524999242,123.944970042
cifar10,20,10,query_adaptive_R25,25.0,0.14,7.763739109039307,0.95,round(norm/delta),layer-wise cosine theorem,disabled: no norm-table or radial-layer candidate filter,"per-query, per-layer Eq. I_threshold with Binomial(K, theta/pi)",distance-table hash-bucket lookup with per-layer thresholds; union over L tables without intersecting sphere-layer masks or exact norm-table filter,0.25,1.0,0.39999999999967994,1.0,0.00016157055525020995,0.0,1800.0,450.0,4.0,0.0,13.096866976334454,2.3107699000000537,123.944970042
cifar10,20,20,query_adaptive_R25,25.0,0.14,7.763739109039307,0.95,round(norm/delta),layer-wise cosine theorem,disabled: no norm-table or radial-layer candidate filter,"per-query, per-layer Eq. I_threshold with Binomial(K, theta/pi)",distance-table hash-bucket lookup with per-layer thresholds; union over L tables without intersecting sphere-layer masks or exact norm-table filter,0.25,1.0,0.39999999999967994,1.0,0.00016157055525020995,0.0,1800.0,450.0,4.0,2.120492424242424,13.096866976334454,2.6415978999999368,123.944970042
cifar10,20,30,query_adaptive_R25,25.0,0.14,7.763739109039307,0.95,round(norm/delta),layer-wise cosine theorem,disabled: no norm-table or radial-layer candidate filter,"per-query, per-layer Eq. I_threshold with Binomial(K, theta/pi)",distance-table hash-bucket lookup with per-layer thresholds; union over L tables without intersecting sphere-layer masks or exact norm-table filter,0.25,1.0,0.39999999999967994,1.0,0.00016157055525020995,0.0,1800.0,450.0,4.0,6.089141414141414,13.096866976334454,2.362598874997701,123.944970042
cifar10,20,40,query_adaptive_R25,25.0,0.14,7.763739109039307,0.95,round(norm/delta),layer-wise cosine theorem,disabled: no norm-table or radial-layer candidate filter,"per-query, per-layer Eq. I_threshold with Binomial(K, theta/pi)",distance-table hash-bucket lookup with per-layer thresholds; union over L tables without intersecting sphere-layer masks or exact norm-table filter,0.25,1.0,0.39999999999967994,1.0,0.00016157055525020995,0.0,1800.0,450.0,4.0,11.235435606060605,13.096866976334454,2.3286073249977335,123.944970042
cifar10,20,50,query_adaptive_R25,25.0,0.14,7.763739109039307,0.95,round(norm/delta),layer-wise cosine theorem,disabled: no norm-table or radial-layer candidate filter,"per-query, per-layer Eq. I_threshold with Binomial(K, theta/pi)",distance-table hash-bucket lookup with per-layer thresholds; union over L tables without intersecting sphere-layer masks or exact norm-table filter,0.25,1.0,0.39999999999967994,1.0,0.00016157055525020995,0.0,1800.0,450.0,4.0,19.087493686868687,13.096866976334454,2.341665674998694,123.944970042
cifar10,20,60,query_adaptive_R25,25.0,0.14,7.763739109039307,0.95,round(norm/delta),layer-wise cosine theorem,disabled: no norm-table or radial-layer candidate filter,"per-query, per-layer Eq. I_threshold with Binomial(K, theta/pi)",distance-table hash-bucket lookup with per-layer thresholds; union over L tables without intersecting sphere-layer masks or exact norm-table filter,0.25,1.0,0.39999999999967994,1.0,0.00016157055525020995,0.0,1800.0,450.0,4.0,17.190839646464646,13.096866976334454,2.365972875000466,123.944970042
cifar10,20,70,query_adaptive_R25,25.0,0.14,7.763739109039307,0.95,round(norm/delta),layer-wise cosine theorem,disabled: no norm-table or radial-layer candidate filter,"per-query, per-layer Eq. I_threshold with Binomial(K, theta/pi)",distance-table hash-bucket lookup with per-layer thresholds; union over L tables without intersecting sphere-layer masks or exact norm-table filter,0.25,1.0,0.39999999999967994,1.0,0.00016157055525020995,0.0,1800.0,450.0,4.0,15.444949494949494,13.096866976334454,2.4058135500006017,123.944970042
cifar10,20,80,query_adaptive_R25,25.0,0.14,7.763739109039307,0.95,round(norm/delta),layer-wise cosine theorem,disabled: no norm-table or radial-layer candidate filter,"per-query, per-layer Eq. I_threshold with Binomial(K, theta/pi)",distance-table hash-bucket lookup with per-layer thresholds; union over L tables without intersecting sphere-layer masks or exact norm-table filter,0.25,1.0,0.39999999999967994,1.0,0.00016157055525020995,0.0,1800.0,450.0,4.0,12.879267676767677,13.096866976334454,2.3059291500011625,123.944970042
cifar10,20,90,query_adaptive_R25,25.0,0.14,7.763739109039307,0.95,round(norm/delta),layer-wise cosine theorem,disabled: no norm-table or radial-layer candidate filter,"per-query, per-layer Eq. I_threshold with Binomial(K, theta/pi)",distance-table hash-bucket lookup with per-layer thresholds; union over L tables without intersecting sphere-layer masks or exact norm-table filter,0.25,1.0,0.39999999999967994,1.0,0.00016157055525020995,0.0,1800.0,450.0,4.0,9.809457070707072,13.096866976334454,2.316999050001556,123.944970042
cifar10,20,100,query_adaptive_R25,25.0,0.14,7.763739109039307,0.95,round(norm/delta),layer-wise cosine theorem,disabled: no norm-table or radial-layer candidate filter,"per-query, per-layer Eq. I_threshold with Binomial(K, theta/pi)",distance-table hash-bucket lookup with per-layer thresholds; union over L tables without intersecting sphere-layer masks or exact norm-table filter,0.25,1.0,0.39999999999967994,1.0,0.00016157055525020995,0.0,1800.0,450.0,4.0,4.706161616161617,13.096866976334454,2.352690674999991,123.944970042
