dataset,L,K,radius_mode,radius_percentile,bandwidth_factor,delta,angle_alpha,sphere_layer_rule,theta_rule,norm_filter_rule,hamming_threshold_rule,lookup_rule,point_precision,point_recall,point_f1,kernel_weighted_recall,kde_abs_relative_error_vs_exact_r25,kde_abs_relative_error_vs_global,candidate_size,exact_r25_candidate_size,candidate_expansion_ratio,mean_hamming_threshold,mean_theta_deg,query_time_ms,build_time_s
isolet,2,10,query_adaptive_R25,25.0,0.14,3.3612990379333496,0.95,round(norm/delta),layer-wise cosine theorem,disabled: no norm-table or radial-layer candidate filter,"per-query, per-layer Eq. I_threshold with Binomial(K, theta/pi)",distance-table hash-bucket lookup with per-layer thresholds; union over L tables without intersecting sphere-layer masks or exact norm-table filter,0.4300390487045037,0.3722179108154718,0.3695578225561743,0.6585234273359942,0.3414705408523611,0.3414826133818127,408.95,450.025,0.9087562207440257,1.415,15.815579646800566,1.0519416499999323,38.155421292
isolet,2,20,query_adaptive_R25,25.0,0.14,3.3612990379333496,0.95,round(norm/delta),layer-wise cosine theorem,disabled: no norm-table or radial-layer candidate filter,"per-query, per-layer Eq. I_threshold with Binomial(K, theta/pi)",distance-table hash-bucket lookup with per-layer thresholds; union over L tables without intersecting sphere-layer masks or exact norm-table filter,0.47970958806531155,0.36649753633899973,0.37492630821499,0.7080729520264138,0.291924297102118,0.29193534800401166,360.625,450.025,0.8013842079329884,3.9850000000000003,15.815579646800566,1.6964665750000663,38.155421292
isolet,2,30,query_adaptive_R25,25.0,0.14,3.3612990379333496,0.95,round(norm/delta),layer-wise cosine theorem,disabled: no norm-table or radial-layer candidate filter,"per-query, per-layer Eq. I_threshold with Binomial(K, theta/pi)",distance-table hash-bucket lookup with per-layer thresholds; union over L tables without intersecting sphere-layer masks or exact norm-table filter,0.5013459246406253,0.412050135501355,0.40926911414336997,0.8251540292583932,0.17484286973889512,0.17485532645788388,406.1,450.025,0.9024368070953436,7.515000000000001,15.815579646800566,2.218419799999616,38.155421292
isolet,2,40,query_adaptive_R25,25.0,0.14,3.3612990379333496,0.95,round(norm/delta),layer-wise cosine theorem,disabled: no norm-table or radial-layer candidate filter,"per-query, per-layer Eq. I_threshold with Binomial(K, theta/pi)",distance-table hash-bucket lookup with per-layer thresholds; union over L tables without intersecting sphere-layer masks or exact norm-table filter,0.4667353645583857,0.5305941118502094,0.4677711877833424,0.9280872419439813,0.071907135263061,0.07192151836690766,555.4,450.025,1.23420054200542,12.465,15.815579646800566,2.5032270999995276,38.155421292
isolet,2,50,query_adaptive_R25,25.0,0.14,3.3612990379333496,0.95,round(norm/delta),layer-wise cosine theorem,disabled: no norm-table or radial-layer candidate filter,"per-query, per-layer Eq. I_threshold with Binomial(K, theta/pi)",distance-table hash-bucket lookup with per-layer thresholds; union over L tables without intersecting sphere-layer masks or exact norm-table filter,0.4000205003468052,0.671630327666913,0.4973987867533829,0.9586256710699093,0.041365595463473695,0.04138155474060796,772.1,450.025,1.715720620842572,19.189999999999998,15.815579646800566,2.7981696999992423,38.155421292
isolet,2,60,query_adaptive_R25,25.0,0.14,3.3612990379333496,0.95,round(norm/delta),layer-wise cosine theorem,disabled: no norm-table or radial-layer candidate filter,"per-query, per-layer Eq. I_threshold with Binomial(K, theta/pi)",distance-table hash-bucket lookup with per-layer thresholds; union over L tables without intersecting sphere-layer masks or exact norm-table filter,0.5285493437968064,0.48265422517861545,0.4593181995006309,0.8777479662207284,0.12224824171850153,0.12226208435216768,469.85,450.025,1.0440976841586598,18.130000000000003,15.815579646800566,4.067419825000762,38.155421292
isolet,2,70,query_adaptive_R25,25.0,0.14,3.3612990379333496,0.95,round(norm/delta),layer-wise cosine theorem,disabled: no norm-table or radial-layer candidate filter,"per-query, per-layer Eq. I_threshold with Binomial(K, theta/pi)",distance-table hash-bucket lookup with per-layer thresholds; union over L tables without intersecting sphere-layer masks or exact norm-table filter,0.6166480626337243,0.3654945799457995,0.3883600131901465,0.817673191863895,0.18232500014634562,0.18233680834000426,325.8,450.025,0.7239945799457995,17.395000000000003,15.815579646800566,3.37620525000073,38.155421292
isolet,2,80,query_adaptive_R25,25.0,0.14,3.3612990379333496,0.95,round(norm/delta),layer-wise cosine theorem,disabled: no norm-table or radial-layer candidate filter,"per-query, per-layer Eq. I_threshold with Binomial(K, theta/pi)",distance-table hash-bucket lookup with per-layer thresholds; union over L tables without intersecting sphere-layer masks or exact norm-table filter,0.7301882089442306,0.23955493964030553,0.2949130751998382,0.6582311599307162,0.34176824299449315,0.34177835116508354,178.9,450.025,0.39755493964030547,15.789999999999997,15.815579646800566,3.43155307500016,38.155421292
isolet,2,90,query_adaptive_R25,25.0,0.14,3.3612990379333496,0.95,round(norm/delta),layer-wise cosine theorem,disabled: no norm-table or radial-layer candidate filter,"per-query, per-layer Eq. I_threshold with Binomial(K, theta/pi)",distance-table hash-bucket lookup with per-layer thresholds; union over L tables without intersecting sphere-layer masks or exact norm-table filter,0.7390697695524213,0.14683321015028333,0.20354810817797758,0.5129764294916643,0.48702331109298436,0.4870313284910595,94.225,450.025,0.20938876570583886,14.389999999999997,15.815579646800566,3.6360918000003295,38.155421292
isolet,2,100,query_adaptive_R25,25.0,0.14,3.3612990379333496,0.95,round(norm/delta),layer-wise cosine theorem,disabled: no norm-table or radial-layer candidate filter,"per-query, per-layer Eq. I_threshold with Binomial(K, theta/pi)",distance-table hash-bucket lookup with per-layer thresholds; union over L tables without intersecting sphere-layer masks or exact norm-table filter,0.5387062032603248,0.051444444444444445,0.08595236985144133,0.27189543767076596,0.7281045272335025,0.7281054987966036,26.2,450.025,0.05822222222222222,10.825,15.815579646800566,3.7789040999994583,38.155421292
isolet,3,10,query_adaptive_R25,25.0,0.14,3.3612990379333496,0.95,round(norm/delta),layer-wise cosine theorem,disabled: no norm-table or radial-layer candidate filter,"per-query, per-layer Eq. I_threshold with Binomial(K, theta/pi)",distance-table hash-bucket lookup with per-layer thresholds; union over L tables without intersecting sphere-layer masks or exact norm-table filter,0.4544222120802968,0.33932815964523283,0.36260549724253793,0.6356095965926503,0.3643877977897807,0.3643934665628644,337.675,450.025,0.7503662232076866,1.0,15.815579646800566,0.7986479249993295,38.155421292
isolet,3,20,query_adaptive_R25,25.0,0.14,3.3612990379333496,0.95,round(norm/delta),layer-wise cosine theorem,disabled: no norm-table or radial-layer candidate filter,"per-query, per-layer Eq. I_threshold with Binomial(K, theta/pi)",distance-table hash-bucket lookup with per-layer thresholds; union over L tables without intersecting sphere-layer masks or exact norm-table filter,0.5196911771725847,0.3439988913525499,0.37453112873351857,0.7242212072530213,0.2757760221576748,0.27578729697665355,321.55,450.025,0.7145538309928553,3.3299999999999996,15.815579646800566,1.174684400000281,38.155421292
isolet,3,30,query_adaptive_R25,25.0,0.14,3.3612990379333496,0.95,round(norm/delta),layer-wise cosine theorem,disabled: no norm-table or radial-layer candidate filter,"per-query, per-layer Eq. I_threshold with Binomial(K, theta/pi)",distance-table hash-bucket lookup with per-layer thresholds; union over L tables without intersecting sphere-layer masks or exact norm-table filter,0.5167047554777211,0.42793446661739337,0.42917149121706755,0.8231190795183674,0.17687819235751318,0.1768902612826378,406.675,450.025,0.903709780734171,6.9799999999999995,15.815579646800566,1.425394774999944,38.155421292
isolet,3,40,query_adaptive_R25,25.0,0.14,3.3612990379333496,0.95,round(norm/delta),layer-wise cosine theorem,disabled: no norm-table or radial-layer candidate filter,"per-query, per-layer Eq. I_threshold with Binomial(K, theta/pi)",distance-table hash-bucket lookup with per-layer thresholds; union over L tables without intersecting sphere-layer masks or exact norm-table filter,0.4614334571251712,0.5882451342695244,0.50231094107003,0.9214487327696279,0.0785456039781794,0.07855980188914839,599.3,450.025,1.3317362650899238,11.97,15.815579646800566,1.5753186749998704,38.155421292
isolet,3,50,query_adaptive_R25,25.0,0.14,3.3612990379333496,0.95,round(norm/delta),layer-wise cosine theorem,disabled: no norm-table or radial-layer candidate filter,"per-query, per-layer Eq. I_threshold with Binomial(K, theta/pi)",distance-table hash-bucket lookup with per-layer thresholds; union over L tables without intersecting sphere-layer masks or exact norm-table filter,0.3895233606975405,0.737730968218773,0.5088447422971956,0.9701122437344554,0.029878157811844108,0.029894672179073323,861.575,450.025,1.9145330130574032,19.189999999999998,15.815579646800566,1.6976136000000253,38.155421292
isolet,3,60,query_adaptive_R25,25.0,0.14,3.3612990379333496,0.95,round(norm/delta),layer-wise cosine theorem,disabled: no norm-table or radial-layer candidate filter,"per-query, per-layer Eq. I_threshold with Binomial(K, theta/pi)",distance-table hash-bucket lookup with per-layer thresholds; union over L tables without intersecting sphere-layer masks or exact norm-table filter,0.5260218210594317,0.5143141167775314,0.4827504242184862,0.8907977291950566,0.10919862107805285,0.1092118313892672,493.9,450.025,1.0975355999014536,17.630000000000003,15.815579646800566,1.8027261000003847,38.155421292
isolet,3,70,query_adaptive_R25,25.0,0.14,3.3612990379333496,0.95,round(norm/delta),layer-wise cosine theorem,disabled: no norm-table or radial-layer candidate filter,"per-query, per-layer Eq. I_threshold with Binomial(K, theta/pi)",distance-table hash-bucket lookup with per-layer thresholds; union over L tables without intersecting sphere-layer masks or exact norm-table filter,0.6290491339665298,0.3786589061345159,0.4067431423927415,0.8178579640086727,0.1821399709035205,0.18215184511959207,328.5,450.025,0.7299922394678491,16.615,15.815579646800566,1.9776364000007263,38.155421292
isolet,3,80,query_adaptive_R25,25.0,0.14,3.3612990379333496,0.95,round(norm/delta),layer-wise cosine theorem,disabled: no norm-table or radial-layer candidate filter,"per-query, per-layer Eq. I_threshold with Binomial(K, theta/pi)",distance-table hash-bucket lookup with per-layer thresholds; union over L tables without intersecting sphere-layer masks or exact norm-table filter,0.7702889686079852,0.23161000246366098,0.2893242772008078,0.6873857646364095,0.31261366874450747,0.3126236336341509,170.0,450.025,0.3777766691303276,14.875,15.815579646800566,2.0399582750000533,38.155421292
isolet,3,90,query_adaptive_R25,25.0,0.14,3.3612990379333496,0.95,round(norm/delta),layer-wise cosine theorem,disabled: no norm-table or radial-layer candidate filter,"per-query, per-layer Eq. I_threshold with Binomial(K, theta/pi)",distance-table hash-bucket lookup with per-layer thresholds; union over L tables without intersecting sphere-layer masks or exact norm-table filter,0.7316206501201261,0.13255506282335552,0.1913893899778977,0.497041698212264,0.5029580783483281,0.5029611506227378,80.8,450.025,0.1795550628233555,13.225,15.815579646800566,2.0780687250004704,38.155421292
isolet,3,100,query_adaptive_R25,25.0,0.14,3.3612990379333496,0.95,round(norm/delta),layer-wise cosine theorem,disabled: no norm-table or radial-layer candidate filter,"per-query, per-layer Eq. I_threshold with Binomial(K, theta/pi)",distance-table hash-bucket lookup with per-layer thresholds; union over L tables without intersecting sphere-layer masks or exact norm-table filter,0.5351207706586267,0.04138888888888889,0.07044275149153942,0.25823717361993725,0.7417628105878369,0.7417635723073057,20.525,450.025,0.04561111111111111,9.62,15.815579646800566,2.152059449999655,38.155421292
isolet,4,10,query_adaptive_R25,25.0,0.14,3.3612990379333496,0.95,round(norm/delta),layer-wise cosine theorem,disabled: no norm-table or radial-layer candidate filter,"per-query, per-layer Eq. I_threshold with Binomial(K, theta/pi)",distance-table hash-bucket lookup with per-layer thresholds; union over L tables without intersecting sphere-layer masks or exact norm-table filter,0.46166094616284215,0.38316075388026605,0.39916867328441497,0.7315843492943546,0.2684126746314052,0.26841936477578077,375.475,450.025,0.8343647450110865,1.0,15.815579646800566,0.7598271749987617,38.155421292
isolet,4,20,query_adaptive_R25,25.0,0.14,3.3612990379333496,0.95,round(norm/delta),layer-wise cosine theorem,disabled: no norm-table or radial-layer candidate filter,"per-query, per-layer Eq. I_threshold with Binomial(K, theta/pi)",distance-table hash-bucket lookup with per-layer thresholds; union over L tables without intersecting sphere-layer masks or exact norm-table filter,0.5395799499522245,0.34599839862034987,0.3787938806599126,0.7112349540910097,0.28876273026862204,0.28877375082485457,307.525,450.025,0.6833858093126386,3.0450000000000004,15.815579646800566,1.1762615249997666,38.155421292
isolet,4,30,query_adaptive_R25,25.0,0.14,3.3612990379333496,0.95,round(norm/delta),layer-wise cosine theorem,disabled: no norm-table or radial-layer candidate filter,"per-query, per-layer Eq. I_threshold with Binomial(K, theta/pi)",distance-table hash-bucket lookup with per-layer thresholds; union over L tables without intersecting sphere-layer masks or exact norm-table filter,0.5375505768176394,0.4298284060113328,0.43675004422405656,0.8114232398275153,0.18857429051065808,0.18858650657243925,392.8,450.025,0.8728822370041882,6.590000000000001,15.815579646800566,1.4293707249994014,38.155421292
isolet,4,40,query_adaptive_R25,25.0,0.14,3.3612990379333496,0.95,round(norm/delta),layer-wise cosine theorem,disabled: no norm-table or radial-layer candidate filter,"per-query, per-layer Eq. I_threshold with Binomial(K, theta/pi)",distance-table hash-bucket lookup with per-layer thresholds; union over L tables without intersecting sphere-layer masks or exact norm-table filter,0.4681683952018654,0.5835304262133529,0.5029944162680093,0.9248943092745797,0.07510004427652468,0.07511468046366887,590.325,450.025,1.3118021680216803,11.6,15.815579646800566,1.5869385000002012,38.155421292
isolet,4,50,query_adaptive_R25,25.0,0.14,3.3612990379333496,0.95,round(norm/delta),layer-wise cosine theorem,disabled: no norm-table or radial-layer candidate filter,"per-query, per-layer Eq. I_threshold with Binomial(K, theta/pi)",distance-table hash-bucket lookup with per-layer thresholds; union over L tables without intersecting sphere-layer masks or exact norm-table filter,0.3811767284797555,0.7615071446169008,0.507253919895507,0.9833349053582303,0.016654684262610027,0.01667159749457036,908.025,450.025,2.0177461197339244,19.189999999999998,15.815579646800566,1.7317677000001197,38.155421292
isolet,4,60,query_adaptive_R25,25.0,0.14,3.3612990379333496,0.95,round(norm/delta),layer-wise cosine theorem,disabled: no norm-table or radial-layer candidate filter,"per-query, per-layer Eq. I_threshold with Binomial(K, theta/pi)",distance-table hash-bucket lookup with per-layer thresholds; union over L tables without intersecting sphere-layer masks or exact norm-table filter,0.5310088244465689,0.5249791820645479,0.49498779792482217,0.8948956907120437,0.10510052734089237,0.10511431739891344,497.025,450.025,1.1044778270509978,17.375,15.815579646800566,1.8077645999996506,38.155421292
isolet,4,70,query_adaptive_R25,25.0,0.14,3.3612990379333496,0.95,round(norm/delta),layer-wise cosine theorem,disabled: no norm-table or radial-layer candidate filter,"per-query, per-layer Eq. I_threshold with Binomial(K, theta/pi)",distance-table hash-bucket lookup with per-layer thresholds; union over L tables without intersecting sphere-layer masks or exact norm-table filter,0.6402512710996741,0.3695466863759546,0.4046910919003882,0.8203168175276513,0.1796813720930796,0.1796926848976282,314.95,450.025,0.699880019709288,16.185,15.815579646800566,2.0962510500003972,38.155421292
isolet,4,80,query_adaptive_R25,25.0,0.14,3.3612990379333496,0.95,round(norm/delta),layer-wise cosine theorem,disabled: no norm-table or radial-layer candidate filter,"per-query, per-layer Eq. I_threshold with Binomial(K, theta/pi)",distance-table hash-bucket lookup with per-layer thresholds; union over L tables without intersecting sphere-layer masks or exact norm-table filter,0.7810509106536434,0.22994308943089434,0.29007549962799367,0.6924660045974826,0.3075334370676985,0.30754303622020085,165.5,450.025,0.3677764227642276,14.37,15.815579646800566,2.0191468999993134,38.155421292
isolet,4,90,query_adaptive_R25,25.0,0.14,3.3612990379333496,0.95,round(norm/delta),layer-wise cosine theorem,disabled: no norm-table or radial-layer candidate filter,"per-query, per-layer Eq. I_threshold with Binomial(K, theta/pi)",distance-table hash-bucket lookup with per-layer thresholds; union over L tables without intersecting sphere-layer masks or exact norm-table filter,0.723947674681156,0.12411074156196107,0.1821460448460382,0.5166066851710353,0.4833931645350642,0.4833961921833613,73.375,450.025,0.1630551860064055,12.629999999999999,15.815579646800566,2.1154489250003294,38.155421292
isolet,4,100,query_adaptive_R25,25.0,0.14,3.3612990379333496,0.95,round(norm/delta),layer-wise cosine theorem,disabled: no norm-table or radial-layer candidate filter,"per-query, per-layer Eq. I_threshold with Binomial(K, theta/pi)",distance-table hash-bucket lookup with per-layer thresholds; union over L tables without intersecting sphere-layer masks or exact norm-table filter,0.5349266657555296,0.030333333333333334,0.05298169439401703,0.22651376904574713,0.7734862236142649,0.7734869646628469,14.8,450.025,0.032888888888888884,8.815000000000001,15.815579646800566,2.1960916250005624,38.155421292
isolet,5,10,query_adaptive_R25,25.0,0.14,3.3612990379333496,0.95,round(norm/delta),layer-wise cosine theorem,disabled: no norm-table or radial-layer candidate filter,"per-query, per-layer Eq. I_threshold with Binomial(K, theta/pi)",distance-table hash-bucket lookup with per-layer thresholds; union over L tables without intersecting sphere-layer masks or exact norm-table filter,0.44308089831621744,0.42099384084749936,0.4123710713978562,0.7699406207959136,0.2300561130951559,0.23006425241471815,432.575,450.025,0.9612525252525252,0.8550000000000001,15.815579646800566,0.7866323000005337,38.155421292
isolet,5,20,query_adaptive_R25,25.0,0.14,3.3612990379333496,0.95,round(norm/delta),layer-wise cosine theorem,disabled: no norm-table or radial-layer candidate filter,"per-query, per-layer Eq. I_threshold with Binomial(K, theta/pi)",distance-table hash-bucket lookup with per-layer thresholds; union over L tables without intersecting sphere-layer masks or exact norm-table filter,0.54307911714208,0.3559425966986942,0.38732829550545234,0.7503337183473463,0.24966457686596347,0.24967665809673253,314.55,450.025,0.6989964276915497,2.9899999999999998,15.815579646800566,1.223908374999283,38.155421292
isolet,5,30,query_adaptive_R25,25.0,0.14,3.3612990379333496,0.95,round(norm/delta),layer-wise cosine theorem,disabled: no norm-table or radial-layer candidate filter,"per-query, per-layer Eq. I_threshold with Binomial(K, theta/pi)",distance-table hash-bucket lookup with per-layer thresholds; union over L tables without intersecting sphere-layer masks or exact norm-table filter,0.5379903561148502,0.43682791327913273,0.4435819293240771,0.842324289181471,0.15767316670009437,0.1576857836077016,401.725,450.025,0.8927149544222714,6.44,15.815579646800566,1.4671990000005408,38.155421292
isolet,5,40,query_adaptive_R25,25.0,0.14,3.3612990379333496,0.95,round(norm/delta),layer-wise cosine theorem,disabled: no norm-table or radial-layer candidate filter,"per-query, per-layer Eq. I_threshold with Binomial(K, theta/pi)",distance-table hash-bucket lookup with per-layer thresholds; union over L tables without intersecting sphere-layer masks or exact norm-table filter,0.4692419452960288,0.5978064794284307,0.5093540720646224,0.9371064958850244,0.06288839977363508,0.06290300392264593,606.625,450.025,1.3480218033998521,11.465,15.815579646800566,1.605366675000397,38.155421292
isolet,5,50,query_adaptive_R25,25.0,0.14,3.3612990379333496,0.95,round(norm/delta),layer-wise cosine theorem,disabled: no norm-table or radial-layer candidate filter,"per-query, per-layer Eq. I_threshold with Binomial(K, theta/pi)",distance-table hash-bucket lookup with per-layer thresholds; union over L tables without intersecting sphere-layer masks or exact norm-table filter,0.3774919972611153,0.7852275190933727,0.5090154326696508,0.9862507361648536,0.013738165698623983,0.013755243513878319,945.125,450.025,2.100183050012318,19.189999999999998,15.815579646800566,1.766266799999805,38.155421292
isolet,5,60,query_adaptive_R25,25.0,0.14,3.3612990379333496,0.95,round(norm/delta),layer-wise cosine theorem,disabled: no norm-table or radial-layer candidate filter,"per-query, per-layer Eq. I_threshold with Binomial(K, theta/pi)",distance-table hash-bucket lookup with per-layer thresholds; union over L tables without intersecting sphere-layer masks or exact norm-table filter,0.5274070970524856,0.5461425227888642,0.507657577410292,0.9196116602333145,0.08038432884994295,0.08039851246512368,515.225,450.025,1.1449170978073417,17.3,15.815579646800566,1.9010780749994183,38.155421292
isolet,5,70,query_adaptive_R25,25.0,0.14,3.3612990379333496,0.95,round(norm/delta),layer-wise cosine theorem,disabled: no norm-table or radial-layer candidate filter,"per-query, per-layer Eq. I_threshold with Binomial(K, theta/pi)",distance-table hash-bucket lookup with per-layer thresholds; union over L tables without intersecting sphere-layer masks or exact norm-table filter,0.644761181280131,0.37371557033752156,0.41158409388237427,0.8337160090408853,0.16628216282435557,0.16629389734631372,314.725,450.025,0.6993822370041883,15.895,15.815579646800566,2.043572924999637,38.155421292
isolet,5,80,query_adaptive_R25,25.0,0.14,3.3612990379333496,0.95,round(norm/delta),layer-wise cosine theorem,disabled: no norm-table or radial-layer candidate filter,"per-query, per-layer Eq. I_threshold with Binomial(K, theta/pi)",distance-table hash-bucket lookup with per-layer thresholds; union over L tables without intersecting sphere-layer masks or exact norm-table filter,0.7663788170726417,0.22494271988174425,0.2892279274472548,0.7160791500548322,0.2839203576918883,0.28392996964069,157.95,450.025,0.35099827543729983,14.014999999999997,15.815579646800566,2.024354124999661,38.155421292
isolet,5,90,query_adaptive_R25,25.0,0.14,3.3612990379333496,0.95,round(norm/delta),layer-wise cosine theorem,disabled: no norm-table or radial-layer candidate filter,"per-query, per-layer Eq. I_threshold with Binomial(K, theta/pi)",distance-table hash-bucket lookup with per-layer thresholds; union over L tables without intersecting sphere-layer masks or exact norm-table filter,0.7544571493838929,0.11899963045084996,0.177062634700447,0.5399395843619099,0.46006026740595346,0.46006418810707395,69.525,450.025,0.15449963045084997,12.15,15.815579646800566,2.11101764999988,38.155421292
isolet,5,100,query_adaptive_R25,25.0,0.14,3.3612990379333496,0.95,round(norm/delta),layer-wise cosine theorem,disabled: no norm-table or radial-layer candidate filter,"per-query, per-layer Eq. I_threshold with Binomial(K, theta/pi)",distance-table hash-bucket lookup with per-layer thresholds; union over L tables without intersecting sphere-layer masks or exact norm-table filter,0.5111215229662811,0.030833333333333334,0.053753450980797,0.23502943832997047,0.7649705499702282,0.7649711465497366,14.85,450.025,0.032999999999999995,8.295,15.815579646800566,2.1890573749994147,38.155421292
isolet,6,10,query_adaptive_R25,25.0,0.14,3.3612990379333496,0.95,round(norm/delta),layer-wise cosine theorem,disabled: no norm-table or radial-layer candidate filter,"per-query, per-layer Eq. I_threshold with Binomial(K, theta/pi)",distance-table hash-bucket lookup with per-layer thresholds; union over L tables without intersecting sphere-layer masks or exact norm-table filter,0.4688770155041057,0.3523881497905888,0.3741010632118972,0.6995692085065716,0.30042767606093373,0.3004358189470432,346.575,450.025,0.7701637102734664,0.43499999999999994,15.815579646800566,0.7668020500004147,38.155421292
isolet,6,20,query_adaptive_R25,25.0,0.14,3.3612990379333496,0.95,round(norm/delta),layer-wise cosine theorem,disabled: no norm-table or radial-layer candidate filter,"per-query, per-layer Eq. I_threshold with Binomial(K, theta/pi)",distance-table hash-bucket lookup with per-layer thresholds; union over L tables without intersecting sphere-layer masks or exact norm-table filter,0.530262552599358,0.38294099531904413,0.4028584334043998,0.811430438292432,0.18856767280390452,0.18858035897603603,352.525,450.025,0.7833827297363882,2.87,15.815579646800566,1.1573114749992897,38.155421292
isolet,6,30,query_adaptive_R25,25.0,0.14,3.3612990379333496,0.95,round(norm/delta),layer-wise cosine theorem,disabled: no norm-table or radial-layer candidate filter,"per-query, per-layer Eq. I_threshold with Binomial(K, theta/pi)",distance-table hash-bucket lookup with per-layer thresholds; union over L tables without intersecting sphere-layer masks or exact norm-table filter,0.5322446571176569,0.4493271741808327,0.4477219074284456,0.8602052018832047,0.13979201645203174,0.1398052523546856,423.6,450.025,0.9413250800689823,6.3149999999999995,15.815579646800566,1.4270676999997178,38.155421292
isolet,6,40,query_adaptive_R25,25.0,0.14,3.3612990379333496,0.95,round(norm/delta),layer-wise cosine theorem,disabled: no norm-table or radial-layer candidate filter,"per-query, per-layer Eq. I_threshold with Binomial(K, theta/pi)",distance-table hash-bucket lookup with per-layer thresholds; union over L tables without intersecting sphere-layer masks or exact norm-table filter,0.4588201434974263,0.6190250061591523,0.5151659019843449,0.9432467656550021,0.05674783632258066,0.05676285279336737,637.15,450.025,1.415850455777285,11.345,15.815579646800566,1.5716780250000895,38.155421292
isolet,6,50,query_adaptive_R25,25.0,0.14,3.3612990379333496,0.95,round(norm/delta),layer-wise cosine theorem,disabled: no norm-table or radial-layer candidate filter,"per-query, per-layer Eq. I_threshold with Binomial(K, theta/pi)",distance-table hash-bucket lookup with per-layer thresholds; union over L tables without intersecting sphere-layer masks or exact norm-table filter,0.3681231751800607,0.8028369056417837,0.503820940497347,0.9877758553161119,0.012212248151305536,0.012229500041734936,990.275,450.025,2.20050135501355,19.189999999999998,15.815579646800566,1.7570947249998525,38.155421292
isolet,6,60,query_adaptive_R25,25.0,0.14,3.3612990379333496,0.95,round(norm/delta),layer-wise cosine theorem,disabled: no norm-table or radial-layer candidate filter,"per-query, per-layer Eq. I_threshold with Binomial(K, theta/pi)",distance-table hash-bucket lookup with per-layer thresholds; union over L tables without intersecting sphere-layer masks or exact norm-table filter,0.5192278598700558,0.5654727765459473,0.5125277614540862,0.9250994427345102,0.07489649360782838,0.07491095019918134,541.25,450.025,1.2027464892830746,17.225,15.815579646800566,1.8453552499993364,38.155421292
isolet,6,70,query_adaptive_R25,25.0,0.14,3.3612990379333496,0.95,round(norm/delta),layer-wise cosine theorem,disabled: no norm-table or radial-layer candidate filter,"per-query, per-layer Eq. I_threshold with Binomial(K, theta/pi)",distance-table hash-bucket lookup with per-layer thresholds; union over L tables without intersecting sphere-layer masks or exact norm-table filter,0.6331459128417736,0.3889376693766938,0.4155133433611683,0.8412346112314679,0.15876342231213814,0.15877553014863194,337.175,450.025,0.7492710027100271,15.76,15.815579646800566,2.001930225000592,38.155421292
isolet,6,80,query_adaptive_R25,25.0,0.14,3.3612990379333496,0.95,round(norm/delta),layer-wise cosine theorem,disabled: no norm-table or radial-layer candidate filter,"per-query, per-layer Eq. I_threshold with Binomial(K, theta/pi)",distance-table hash-bucket lookup with per-layer thresholds; union over L tables without intersecting sphere-layer masks or exact norm-table filter,0.7729637683354477,0.23116555801921654,0.2914380746568854,0.6898355783270352,0.3101639170758775,0.3101734934766355,167.275,450.025,0.3717211135747721,13.764999999999997,15.815579646800566,2.0420312250001516,38.155421292
isolet,6,90,query_adaptive_R25,25.0,0.14,3.3612990379333496,0.95,round(norm/delta),layer-wise cosine theorem,disabled: no norm-table or radial-layer candidate filter,"per-query, per-layer Eq. I_threshold with Binomial(K, theta/pi)",distance-table hash-bucket lookup with per-layer thresholds; union over L tables without intersecting sphere-layer masks or exact norm-table filter,0.7148172064793364,0.12344432126139442,0.17775707482719763,0.5161800986436053,0.48381973691218116,0.48382353014822677,75.325,450.025,0.16738876570583888,11.84,15.815579646800566,2.1192312500001975,38.155421292
isolet,6,100,query_adaptive_R25,25.0,0.14,3.3612990379333496,0.95,round(norm/delta),layer-wise cosine theorem,disabled: no norm-table or radial-layer candidate filter,"per-query, per-layer Eq. I_threshold with Binomial(K, theta/pi)",distance-table hash-bucket lookup with per-layer thresholds; union over L tables without intersecting sphere-layer masks or exact norm-table filter,0.4863330035646216,0.0335,0.05738664253507721,0.22726160905722442,0.7727383907788622,0.7727389101109781,16.275,450.025,0.036166666666666666,7.875,15.815579646800566,2.1996781250010145,38.155421292
isolet,7,10,query_adaptive_R25,25.0,0.14,3.3612990379333496,0.95,round(norm/delta),layer-wise cosine theorem,disabled: no norm-table or radial-layer candidate filter,"per-query, per-layer Eq. I_threshold with Binomial(K, theta/pi)",distance-table hash-bucket lookup with per-layer thresholds; union over L tables without intersecting sphere-layer masks or exact norm-table filter,0.5155117756463401,0.25877642276422763,0.30473373108939383,0.588901429859167,0.4110955712406842,0.41110115604519776,230.375,450.025,0.511940872135994,0.12499999999999997,15.815579646800566,0.8017957499999895,38.155421292
isolet,7,20,query_adaptive_R25,25.0,0.14,3.3612990379333496,0.95,round(norm/delta),layer-wise cosine theorem,disabled: no norm-table or radial-layer candidate filter,"per-query, per-layer Eq. I_threshold with Binomial(K, theta/pi)",distance-table hash-bucket lookup with per-layer thresholds; union over L tables without intersecting sphere-layer masks or exact norm-table filter,0.5311698433096348,0.3919926090169993,0.41472909864936486,0.8405186577674126,0.1594791068014066,0.15949228417655098,359.325,450.025,0.7984892830746488,2.715,15.815579646800566,1.2793280999998657,38.155421292
isolet,7,30,query_adaptive_R25,25.0,0.14,3.3612990379333496,0.95,round(norm/delta),layer-wise cosine theorem,disabled: no norm-table or radial-layer candidate filter,"per-query, per-layer Eq. I_threshold with Binomial(K, theta/pi)",distance-table hash-bucket lookup with per-layer thresholds; union over L tables without intersecting sphere-layer masks or exact norm-table filter,0.5287160161405424,0.4659348361665435,0.461023345509207,0.8809316476530424,0.11906511052315878,0.11907848599373712,436.4,450.025,0.9697653362897265,6.225,15.815579646800566,1.4887844000000428,38.155421292
isolet,7,40,query_adaptive_R25,25.0,0.14,3.3612990379333496,0.95,round(norm/delta),layer-wise cosine theorem,disabled: no norm-table or radial-layer candidate filter,"per-query, per-layer Eq. I_threshold with Binomial(K, theta/pi)",distance-table hash-bucket lookup with per-layer thresholds; union over L tables without intersecting sphere-layer masks or exact norm-table filter,0.45016119864858856,0.6434078590785908,0.5207559120544427,0.9426657268688203,0.05732792811174294,0.05734301205358474,669.675,450.025,1.4881156688839616,11.319999999999999,15.815579646800566,1.6234031499996249,38.155421292
isolet,7,50,query_adaptive_R25,25.0,0.14,3.3612990379333496,0.95,round(norm/delta),layer-wise cosine theorem,disabled: no norm-table or radial-layer candidate filter,"per-query, per-layer Eq. I_threshold with Binomial(K, theta/pi)",distance-table hash-bucket lookup with per-layer thresholds; union over L tables without intersecting sphere-layer masks or exact norm-table filter,0.3557814942915888,0.8433360433604336,0.4988089598504105,0.9900912793673923,0.009895553640917,0.009912819331329889,1080.875,450.025,2.4018187977334318,19.189999999999998,15.815579646800566,1.7865082499998408,38.155421292
isolet,7,60,query_adaptive_R25,25.0,0.14,3.3612990379333496,0.95,round(norm/delta),layer-wise cosine theorem,disabled: no norm-table or radial-layer candidate filter,"per-query, per-layer Eq. I_threshold with Binomial(K, theta/pi)",distance-table hash-bucket lookup with per-layer thresholds; union over L tables without intersecting sphere-layer masks or exact norm-table filter,0.5038422380152184,0.5991861295885685,0.5274361120394205,0.9317485893004329,0.06824646061291764,0.06826101548714134,576.025,450.025,1.2800096082779011,17.195,15.815579646800566,1.8616604250002666,38.155421292
isolet,7,70,query_adaptive_R25,25.0,0.14,3.3612990379333496,0.95,round(norm/delta),layer-wise cosine theorem,disabled: no norm-table or radial-layer candidate filter,"per-query, per-layer Eq. I_threshold with Binomial(K, theta/pi)",distance-table hash-bucket lookup with per-layer thresholds; union over L tables without intersecting sphere-layer masks or exact norm-table filter,0.6294640346863807,0.39554397634885435,0.4249547837298128,0.8434828908956558,0.15651534922342022,0.15652742970527933,338.925,450.025,0.7531543483616654,15.639999999999997,15.815579646800566,1.9609333500000048,38.155421292
isolet,7,80,query_adaptive_R25,25.0,0.14,3.3612990379333496,0.95,round(norm/delta),layer-wise cosine theorem,disabled: no norm-table or radial-layer candidate filter,"per-query, per-layer Eq. I_threshold with Binomial(K, theta/pi)",distance-table hash-bucket lookup with per-layer thresholds; union over L tables without intersecting sphere-layer masks or exact norm-table filter,0.7684736980467549,0.23572086720867208,0.2973657542777312,0.6963597084790376,0.30363977020174077,0.3036494181834735,170.1,450.025,0.37799864498644986,13.605,15.815579646800566,2.0482448000006315,38.155421292
isolet,7,90,query_adaptive_R25,25.0,0.14,3.3612990379333496,0.95,round(norm/delta),layer-wise cosine theorem,disabled: no norm-table or radial-layer candidate filter,"per-query, per-layer Eq. I_threshold with Binomial(K, theta/pi)",distance-table hash-bucket lookup with per-layer thresholds; union over L tables without intersecting sphere-layer masks or exact norm-table filter,0.7391787435208169,0.12238876570583886,0.17774081725144525,0.5254391877457975,0.4745606710758164,0.4745644723162344,73.925,450.025,0.16427765459472773,11.639999999999999,15.815579646800566,2.140034350001585,38.155421292
isolet,7,100,query_adaptive_R25,25.0,0.14,3.3612990379333496,0.95,round(norm/delta),layer-wise cosine theorem,disabled: no norm-table or radial-layer candidate filter,"per-query, per-layer Eq. I_threshold with Binomial(K, theta/pi)",distance-table hash-bucket lookup with per-layer thresholds; union over L tables without intersecting sphere-layer masks or exact norm-table filter,0.48811926297485214,0.03266666666666666,0.0558521520216952,0.2265806620335899,0.7734193376836702,0.7734197968796687,15.85,450.025,0.035222222222222224,7.615,15.815579646800566,2.182841750000364,38.155421292
isolet,8,10,query_adaptive_R25,25.0,0.14,3.3612990379333496,0.95,round(norm/delta),layer-wise cosine theorem,disabled: no norm-table or radial-layer candidate filter,"per-query, per-layer Eq. I_threshold with Binomial(K, theta/pi)",distance-table hash-bucket lookup with per-layer thresholds; union over L tables without intersecting sphere-layer masks or exact norm-table filter,0.5294157833504061,0.22216494210396648,0.2794804747545777,0.5560594041919528,0.44393938242623365,0.4439440750295681,189.725,450.025,0.42160679970436077,0.025,15.815579646800566,0.8148427499994781,38.155421292
isolet,8,20,query_adaptive_R25,25.0,0.14,3.3612990379333496,0.95,round(norm/delta),layer-wise cosine theorem,disabled: no norm-table or radial-layer candidate filter,"per-query, per-layer Eq. I_threshold with Binomial(K, theta/pi)",distance-table hash-bucket lookup with per-layer thresholds; union over L tables without intersecting sphere-layer masks or exact norm-table filter,0.5476648729140086,0.3785523527962552,0.40392964120003916,0.8130042757979791,0.18699352644242845,0.18700659473742626,340.45,450.025,0.7565519832471053,2.545,15.815579646800566,1.294459299999673,38.155421292
isolet,8,30,query_adaptive_R25,25.0,0.14,3.3612990379333496,0.95,round(norm/delta),layer-wise cosine theorem,disabled: no norm-table or radial-layer candidate filter,"per-query, per-layer Eq. I_threshold with Binomial(K, theta/pi)",distance-table hash-bucket lookup with per-layer thresholds; union over L tables without intersecting sphere-layer masks or exact norm-table filter,0.5247915390790725,0.47915299334811523,0.46913778490061614,0.8966922764804099,0.10330434672708351,0.10331806950502109,448.175,450.025,0.9959264597191426,6.175,15.815579646800566,1.4918781249996016,38.155421292
isolet,8,40,query_adaptive_R25,25.0,0.14,3.3612990379333496,0.95,round(norm/delta),layer-wise cosine theorem,disabled: no norm-table or radial-layer candidate filter,"per-query, per-layer Eq. I_threshold with Binomial(K, theta/pi)",distance-table hash-bucket lookup with per-layer thresholds; union over L tables without intersecting sphere-layer masks or exact norm-table filter,0.44516883693226905,0.6556810790835181,0.52252277638232,0.945851774455063,0.054141709986760635,0.05415689172114411,685.55,450.025,1.5233778024143878,11.280000000000001,15.815579646800566,1.6440217999997842,38.155421292
isolet,8,50,query_adaptive_R25,25.0,0.14,3.3612990379333496,0.95,round(norm/delta),layer-wise cosine theorem,disabled: no norm-table or radial-layer candidate filter,"per-query, per-layer Eq. I_threshold with Binomial(K, theta/pi)",distance-table hash-bucket lookup with per-layer thresholds; union over L tables without intersecting sphere-layer masks or exact norm-table filter,0.35158423934447974,0.8531669130327666,0.49618824807021944,0.9905756787147839,0.009411110053991154,0.009428299724478086,1106.925,450.025,2.4596783690564177,19.189999999999998,15.815579646800566,1.8111436250000779,38.155421292
isolet,8,60,query_adaptive_R25,25.0,0.14,3.3612990379333496,0.95,round(norm/delta),layer-wise cosine theorem,disabled: no norm-table or radial-layer candidate filter,"per-query, per-layer Eq. I_threshold with Binomial(K, theta/pi)",distance-table hash-bucket lookup with per-layer thresholds; union over L tables without intersecting sphere-layer masks or exact norm-table filter,0.5050473290612519,0.6049623059866962,0.5304312305853524,0.9329088675598047,0.0670862706191988,0.06710074224069701,579.25,450.025,1.2871725794530673,17.135,15.815579646800566,1.8754562000006914,38.155421292
isolet,8,70,query_adaptive_R25,25.0,0.14,3.3612990379333496,0.95,round(norm/delta),layer-wise cosine theorem,disabled: no norm-table or radial-layer candidate filter,"per-query, per-layer Eq. I_threshold with Binomial(K, theta/pi)",distance-table hash-bucket lookup with per-layer thresholds; union over L tables without intersecting sphere-layer masks or exact norm-table filter,0.6267252593837062,0.39970916481892094,0.4272746770534301,0.8549356558919301,0.14506239848456065,0.14507464471931966,344.525,450.025,0.7655971914264598,15.575,15.815579646800566,2.582678150000639,38.155421292
isolet,8,80,query_adaptive_R25,25.0,0.14,3.3612990379333496,0.95,round(norm/delta),layer-wise cosine theorem,disabled: no norm-table or radial-layer candidate filter,"per-query, per-layer Eq. I_threshold with Binomial(K, theta/pi)",distance-table hash-bucket lookup with per-layer thresholds; union over L tables without intersecting sphere-layer masks or exact norm-table filter,0.7714624529856628,0.23683173195368318,0.29650798868552297,0.7060143089636174,0.2939851219344819,0.29399486502329164,171.675,450.025,0.38149839862034984,13.439999999999998,15.815579646800566,2.0730114750000084,38.155421292
isolet,8,90,query_adaptive_R25,25.0,0.14,3.3612990379333496,0.95,round(norm/delta),layer-wise cosine theorem,disabled: no norm-table or radial-layer candidate filter,"per-query, per-layer Eq. I_threshold with Binomial(K, theta/pi)",distance-table hash-bucket lookup with per-layer thresholds; union over L tables without intersecting sphere-layer masks or exact norm-table filter,0.766059247003229,0.12488876570583889,0.18057300015040526,0.5069749504949799,0.4930248940831662,0.4930276303251155,75.275,450.025,0.16727765459472774,11.42,15.815579646800566,2.1616406500008623,38.155421292
isolet,8,100,query_adaptive_R25,25.0,0.14,3.3612990379333496,0.95,round(norm/delta),layer-wise cosine theorem,disabled: no norm-table or radial-layer candidate filter,"per-query, per-layer Eq. I_threshold with Binomial(K, theta/pi)",distance-table hash-bucket lookup with per-layer thresholds; union over L tables without intersecting sphere-layer masks or exact norm-table filter,0.5095933720212014,0.03411111111111111,0.05707479803169872,0.21216519717199445,0.7878347921411638,0.7878353446906685,16.325,450.025,0.03627777777777778,7.3,15.815579646800566,2.20835217500035,38.155421292
isolet,9,10,query_adaptive_R25,25.0,0.14,3.3612990379333496,0.95,round(norm/delta),layer-wise cosine theorem,disabled: no norm-table or radial-layer candidate filter,"per-query, per-layer Eq. I_threshold with Binomial(K, theta/pi)",distance-table hash-bucket lookup with per-layer thresholds; union over L tables without intersecting sphere-layer masks or exact norm-table filter,0.5286786514531252,0.23760938654841093,0.293290101861432,0.5828319663164392,0.4171667130019431,0.4171717243635927,203.4,450.025,0.45199568859324957,0.005,15.815579646800566,0.8809759499996517,38.155421292
isolet,9,20,query_adaptive_R25,25.0,0.14,3.3612990379333496,0.95,round(norm/delta),layer-wise cosine theorem,disabled: no norm-table or radial-layer candidate filter,"per-query, per-layer Eq. I_threshold with Binomial(K, theta/pi)",distance-table hash-bucket lookup with per-layer thresholds; union over L tables without intersecting sphere-layer masks or exact norm-table filter,0.5499891791565982,0.3733855629465386,0.39782185847059004,0.8204621151599424,0.17953568762855573,0.17954889927068188,339.25,450.025,0.7538851933973885,2.45,15.815579646800566,1.3609176750005503,38.155421292
isolet,9,30,query_adaptive_R25,25.0,0.14,3.3612990379333496,0.95,round(norm/delta),layer-wise cosine theorem,disabled: no norm-table or radial-layer candidate filter,"per-query, per-layer Eq. I_threshold with Binomial(K, theta/pi)",distance-table hash-bucket lookup with per-layer thresholds; union over L tables without intersecting sphere-layer masks or exact norm-table filter,0.534472462409418,0.46965213106676523,0.4636749112828382,0.891975139207468,0.10802200019025192,0.10803516961357544,434.725,450.025,0.9660367085489037,6.125,15.815579646800566,1.5531644750002016,38.155421292
isolet,9,40,query_adaptive_R25,25.0,0.14,3.3612990379333496,0.95,round(norm/delta),layer-wise cosine theorem,disabled: no norm-table or radial-layer candidate filter,"per-query, per-layer Eq. I_threshold with Binomial(K, theta/pi)",distance-table hash-bucket lookup with per-layer thresholds; union over L tables without intersecting sphere-layer masks or exact norm-table filter,0.445688098824348,0.6570698447893569,0.5236507142156652,0.9459062084486807,0.05408720486153279,0.05410238290458295,684.65,450.025,1.5213775560482878,11.24,15.815579646800566,1.692906274999828,38.155421292
isolet,9,50,query_adaptive_R25,25.0,0.14,3.3612990379333496,0.95,round(norm/delta),layer-wise cosine theorem,disabled: no norm-table or radial-layer candidate filter,"per-query, per-layer Eq. I_threshold with Binomial(K, theta/pi)",distance-table hash-bucket lookup with per-layer thresholds; union over L tables without intersecting sphere-layer masks or exact norm-table filter,0.351009575225049,0.8551669130327667,0.49594755895945203,0.9908778672802695,0.009108917627766833,0.009126125959218148,1111.425,450.025,2.4696781226903175,19.189999999999998,15.815579646800566,1.8765354249998367,38.155421292
isolet,9,60,query_adaptive_R25,25.0,0.14,3.3612990379333496,0.95,round(norm/delta),layer-wise cosine theorem,disabled: no norm-table or radial-layer candidate filter,"per-query, per-layer Eq. I_threshold with Binomial(K, theta/pi)",distance-table hash-bucket lookup with per-layer thresholds; union over L tables without intersecting sphere-layer masks or exact norm-table filter,0.5040593171573611,0.6097953929539296,0.5322339310401782,0.9331511477510663,0.06684396030645057,0.06685846317114168,584.325,450.025,1.298449987681695,17.135,15.815579646800566,2.0088936749996122,38.155421292
isolet,9,70,query_adaptive_R25,25.0,0.14,3.3612990379333496,0.95,round(norm/delta),layer-wise cosine theorem,disabled: no norm-table or radial-layer candidate filter,"per-query, per-layer Eq. I_threshold with Binomial(K, theta/pi)",distance-table hash-bucket lookup with per-layer thresholds; union over L tables without intersecting sphere-layer masks or exact norm-table filter,0.6282032848539194,0.3994866962305987,0.42850268607707065,0.8650174854680268,0.13498048662530646,0.1349927097513635,342.825,450.025,0.7618190440995319,15.489999999999998,15.815579646800566,2.131614624999756,38.155421292
isolet,9,80,query_adaptive_R25,25.0,0.14,3.3612990379333496,0.95,round(norm/delta),layer-wise cosine theorem,disabled: no norm-table or radial-layer candidate filter,"per-query, per-layer Eq. I_threshold with Binomial(K, theta/pi)",distance-table hash-bucket lookup with per-layer thresholds; union over L tables without intersecting sphere-layer masks or exact norm-table filter,0.7753702242083701,0.23605395417590538,0.29745919401469273,0.7091274358474428,0.2908719636261898,0.2908816989434615,169.3,450.025,0.3762206208425721,13.319999999999999,15.815579646800566,2.1245782249996736,38.155421292
isolet,9,90,query_adaptive_R25,25.0,0.14,3.3612990379333496,0.95,round(norm/delta),layer-wise cosine theorem,disabled: no norm-table or radial-layer candidate filter,"per-query, per-layer Eq. I_threshold with Binomial(K, theta/pi)",distance-table hash-bucket lookup with per-layer thresholds; union over L tables without intersecting sphere-layer masks or exact norm-table filter,0.7919620024090148,0.12305543237250553,0.1780880958556032,0.5015873804847241,0.4984124728586595,0.498415219238374,74.25,450.025,0.16499987681695,11.255,15.815579646800566,2.179683374999364,38.155421292
isolet,9,100,query_adaptive_R25,25.0,0.14,3.3612990379333496,0.95,round(norm/delta),layer-wise cosine theorem,disabled: no norm-table or radial-layer candidate filter,"per-query, per-layer Eq. I_threshold with Binomial(K, theta/pi)",distance-table hash-bucket lookup with per-layer thresholds; union over L tables without intersecting sphere-layer masks or exact norm-table filter,0.4917259211376859,0.030388888888888892,0.05212779620444018,0.22151922178545053,0.7784807709918246,0.778481343912305,14.5,450.025,0.03222222222222222,7.065,15.815579646800566,2.235482249999876,38.155421292
isolet,10,10,query_adaptive_R25,25.0,0.14,3.3612990379333496,0.95,round(norm/delta),layer-wise cosine theorem,disabled: no norm-table or radial-layer candidate filter,"per-query, per-layer Eq. I_threshold with Binomial(K, theta/pi)",distance-table hash-bucket lookup with per-layer thresholds; union over L tables without intersecting sphere-layer masks or exact norm-table filter,0.5260545681042937,0.2437760532150776,0.2988920637407381,0.5922961954007053,0.40770242177908134,0.40770754111536806,212.075,450.025,0.4712733431879773,0.0,15.815579646800566,0.8664852999999084,38.155421292
isolet,10,20,query_adaptive_R25,25.0,0.14,3.3612990379333496,0.95,round(norm/delta),layer-wise cosine theorem,disabled: no norm-table or radial-layer candidate filter,"per-query, per-layer Eq. I_threshold with Binomial(K, theta/pi)",distance-table hash-bucket lookup with per-layer thresholds; union over L tables without intersecting sphere-layer masks or exact norm-table filter,0.5504620463935996,0.370940872135994,0.4027953165917614,0.8126142980230793,0.18738331239106704,0.18739662031326454,333.4,450.025,0.7408843311160386,2.335,15.815579646800566,1.2732508999995673,38.155421292
isolet,10,30,query_adaptive_R25,25.0,0.14,3.3612990379333496,0.95,round(norm/delta),layer-wise cosine theorem,disabled: no norm-table or radial-layer candidate filter,"per-query, per-layer Eq. I_threshold with Binomial(K, theta/pi)",distance-table hash-bucket lookup with per-layer thresholds; union over L tables without intersecting sphere-layer masks or exact norm-table filter,0.5309015376674936,0.48042941611234297,0.46970022754603047,0.9028952814221374,0.09710175798898599,0.09711472483317507,447.1,450.025,0.9935355999014537,6.084999999999999,15.815579646800566,1.4752667000008657,38.155421292
isolet,10,40,query_adaptive_R25,25.0,0.14,3.3612990379333496,0.95,round(norm/delta),layer-wise cosine theorem,disabled: no norm-table or radial-layer candidate filter,"per-query, per-layer Eq. I_threshold with Binomial(K, theta/pi)",distance-table hash-bucket lookup with per-layer thresholds; union over L tables without intersecting sphere-layer masks or exact norm-table filter,0.4386946955368309,0.671290219265829,0.5241260143071742,0.9501676642209871,0.04982539663261236,0.049840595453228415,707.975,450.025,1.5732058388765708,11.22,15.815579646800566,1.691298950000153,38.155421292
isolet,10,50,query_adaptive_R25,25.0,0.14,3.3612990379333496,0.95,round(norm/delta),layer-wise cosine theorem,disabled: no norm-table or radial-layer candidate filter,"per-query, per-layer Eq. I_threshold with Binomial(K, theta/pi)",distance-table hash-bucket lookup with per-layer thresholds; union over L tables without intersecting sphere-layer masks or exact norm-table filter,0.3470112195150284,0.8590558019216555,0.4924075043390489,0.9915453447309744,0.008441307168461882,0.008458532704781358,1130.95,450.025,2.5130628233555066,19.189999999999998,15.815579646800566,1.9061240499993914,38.155421292
isolet,10,60,query_adaptive_R25,25.0,0.14,3.3612990379333496,0.95,round(norm/delta),layer-wise cosine theorem,disabled: no norm-table or radial-layer candidate filter,"per-query, per-layer Eq. I_threshold with Binomial(K, theta/pi)",distance-table hash-bucket lookup with per-layer thresholds; union over L tables without intersecting sphere-layer masks or exact norm-table filter,0.49684368955190034,0.6191282335550629,0.5330354236125258,0.9416405940000077,0.05835438835036101,0.058368904453198714,600.375,450.025,1.3341149297856614,17.115000000000002,15.815579646800566,2.153638500000099,38.155421292
isolet,10,70,query_adaptive_R25,25.0,0.14,3.3612990379333496,0.95,round(norm/delta),layer-wise cosine theorem,disabled: no norm-table or radial-layer candidate filter,"per-query, per-layer Eq. I_threshold with Binomial(K, theta/pi)",distance-table hash-bucket lookup with per-layer thresholds; union over L tables without intersecting sphere-layer masks or exact norm-table filter,0.625168637083554,0.40343114067504315,0.43189342727336477,0.8707693258450309,0.1292285935400003,0.12924083200421974,347.925,450.025,0.7731523774328652,15.440000000000001,15.815579646800566,2.0814936999999034,38.155421292
isolet,10,80,query_adaptive_R25,25.0,0.14,3.3612990379333496,0.95,round(norm/delta),layer-wise cosine theorem,disabled: no norm-table or radial-layer candidate filter,"per-query, per-layer Eq. I_threshold with Binomial(K, theta/pi)",distance-table hash-bucket lookup with per-layer thresholds; union over L tables without intersecting sphere-layer masks or exact norm-table filter,0.7681133719514666,0.23833173195368315,0.29860279181635335,0.7119434783591131,0.2880559203257077,0.2880656720364876,173.325,450.025,0.38516506528701655,13.235000000000003,15.815579646800566,2.118304099999868,38.155421292
isolet,10,90,query_adaptive_R25,25.0,0.14,3.3612990379333496,0.95,round(norm/delta),layer-wise cosine theorem,disabled: no norm-table or radial-layer candidate filter,"per-query, per-layer Eq. I_threshold with Binomial(K, theta/pi)",distance-table hash-bucket lookup with per-layer thresholds; union over L tables without intersecting sphere-layer masks or exact norm-table filter,0.8143173665998915,0.12077765459472775,0.17472590470687704,0.513770669787822,0.48622918371467677,0.48623217253357665,72.75,450.025,0.16166654348361667,11.135,15.815579646800566,2.1982666749998714,38.155421292
isolet,10,100,query_adaptive_R25,25.0,0.14,3.3612990379333496,0.95,round(norm/delta),layer-wise cosine theorem,disabled: no norm-table or radial-layer candidate filter,"per-query, per-layer Eq. I_threshold with Binomial(K, theta/pi)",distance-table hash-bucket lookup with per-layer thresholds; union over L tables without intersecting sphere-layer masks or exact norm-table filter,0.4910587098087098,0.03105555555555555,0.053083457962601076,0.223158627208784,0.7768413655010461,0.7768419437182006,14.85,450.025,0.032999999999999995,6.8549999999999995,15.815579646800566,2.258657200000158,38.155421292
isolet,11,10,query_adaptive_R25,25.0,0.14,3.3612990379333496,0.95,round(norm/delta),layer-wise cosine theorem,disabled: no norm-table or radial-layer candidate filter,"per-query, per-layer Eq. I_threshold with Binomial(K, theta/pi)",distance-table hash-bucket lookup with per-layer thresholds; union over L tables without intersecting sphere-layer masks or exact norm-table filter,0.5247377094553907,0.24972049765952206,0.30541895463445146,0.5982870388890662,0.40171157997033025,0.4017168443480889,217.05,450.025,0.4823288987435329,0.0,15.815579646800566,0.9277907500003124,38.155421292
isolet,11,20,query_adaptive_R25,25.0,0.14,3.3612990379333496,0.95,round(norm/delta),layer-wise cosine theorem,disabled: no norm-table or radial-layer candidate filter,"per-query, per-layer Eq. I_threshold with Binomial(K, theta/pi)",distance-table hash-bucket lookup with per-layer thresholds; union over L tables without intersecting sphere-layer masks or exact norm-table filter,0.5543315248963092,0.37494087213599403,0.4051487121476619,0.795611309417572,0.20438621689441866,0.2043997133269218,336.75,450.025,0.7483287755604829,2.305,15.815579646800566,1.3811146250001016,38.155421292
isolet,11,30,query_adaptive_R25,25.0,0.14,3.3612990379333496,0.95,round(norm/delta),layer-wise cosine theorem,disabled: no norm-table or radial-layer candidate filter,"per-query, per-layer Eq. I_threshold with Binomial(K, theta/pi)",distance-table hash-bucket lookup with per-layer thresholds; union over L tables without intersecting sphere-layer masks or exact norm-table filter,0.5302755268836468,0.49081682680463173,0.47705169141111836,0.9128769601078599,0.08711994875420123,0.08713328808106126,454.825,450.025,1.01070066518847,6.055,15.815579646800566,1.5779021749995792,38.155421292
isolet,11,40,query_adaptive_R25,25.0,0.14,3.3612990379333496,0.95,round(norm/delta),layer-wise cosine theorem,disabled: no norm-table or radial-layer candidate filter,"per-query, per-layer Eq. I_threshold with Binomial(K, theta/pi)",distance-table hash-bucket lookup with per-layer thresholds; union over L tables without intersecting sphere-layer masks or exact norm-table filter,0.43688076847283897,0.6734563932002956,0.5237597745285042,0.9544422503661867,0.04555076752494859,0.04556698392447959,712.1,450.025,1.582371520078837,11.205000000000002,15.815579646800566,1.7371228749995637,38.155421292
isolet,11,50,query_adaptive_R25,25.0,0.14,3.3612990379333496,0.95,round(norm/delta),layer-wise cosine theorem,disabled: no norm-table or radial-layer candidate filter,"per-query, per-layer Eq. I_threshold with Binomial(K, theta/pi)",distance-table hash-bucket lookup with per-layer thresholds; union over L tables without intersecting sphere-layer masks or exact norm-table filter,0.34630641524418576,0.8626113574772113,0.49217899872784765,0.9918678006306841,0.008127892243303826,0.008135610819265953,1138.625,450.025,2.530118255728012,19.189999999999998,15.815579646800566,1.9761709250001755,38.155421292
isolet,11,60,query_adaptive_R25,25.0,0.14,3.3612990379333496,0.95,round(norm/delta),layer-wise cosine theorem,disabled: no norm-table or radial-layer candidate filter,"per-query, per-layer Eq. I_threshold with Binomial(K, theta/pi)",distance-table hash-bucket lookup with per-layer thresholds; union over L tables without intersecting sphere-layer masks or exact norm-table filter,0.49571463824685863,0.6249056417836906,0.5353017088238039,0.9435258942217146,0.056469016679795356,0.056483810814217425,606.125,450.025,1.3468922148312392,17.1,15.815579646800566,2.1263374500003707,38.155421292
isolet,11,70,query_adaptive_R25,25.0,0.14,3.3612990379333496,0.95,round(norm/delta),layer-wise cosine theorem,disabled: no norm-table or radial-layer candidate filter,"per-query, per-layer Eq. I_threshold with Binomial(K, theta/pi)",distance-table hash-bucket lookup with per-layer thresholds; union over L tables without intersecting sphere-layer masks or exact norm-table filter,0.6275407208563041,0.40687558511948757,0.43624771109896443,0.8720064702922921,0.12799141360536373,0.12800386633096356,349.15,450.025,0.7758744764720374,15.405000000000001,15.815579646800566,2.0688281250009766,38.155421292
isolet,11,80,query_adaptive_R25,25.0,0.14,3.3612990379333496,0.95,round(norm/delta),layer-wise cosine theorem,disabled: no norm-table or radial-layer candidate filter,"per-query, per-layer Eq. I_threshold with Binomial(K, theta/pi)",distance-table hash-bucket lookup with per-layer thresholds; union over L tables without intersecting sphere-layer masks or exact norm-table filter,0.770986271896684,0.23944284306479427,0.30126392656442524,0.718415572783442,0.28158380104987174,0.28159360861014965,172.75,450.025,0.3838872875092388,13.180000000000001,15.815579646800566,2.131378149999641,38.155421292
isolet,11,90,query_adaptive_R25,25.0,0.14,3.3612990379333496,0.95,round(norm/delta),layer-wise cosine theorem,disabled: no norm-table or radial-layer candidate filter,"per-query, per-layer Eq. I_threshold with Binomial(K, theta/pi)",distance-table hash-bucket lookup with per-layer thresholds; union over L tables without intersecting sphere-layer masks or exact norm-table filter,0.7938649057903857,0.1183887657058389,0.17282095403837766,0.5216377943779638,0.47836204282787786,0.47836502071447934,70.4,450.025,0.15644432126139446,11.025,15.815579646800566,2.266249975000001,38.155421292
isolet,11,100,query_adaptive_R25,25.0,0.14,3.3612990379333496,0.95,round(norm/delta),layer-wise cosine theorem,disabled: no norm-table or radial-layer candidate filter,"per-query, per-layer Eq. I_threshold with Binomial(K, theta/pi)",distance-table hash-bucket lookup with per-layer thresholds; union over L tables without intersecting sphere-layer masks or exact norm-table filter,0.49169973544973544,0.03044444444444444,0.05201763879746959,0.22576155511157636,0.7742384389796909,0.7742391359564355,14.55,450.025,0.03233333333333334,6.7299999999999995,15.815579646800566,2.2747156250000344,38.155421292
isolet,12,10,query_adaptive_R25,25.0,0.14,3.3612990379333496,0.95,round(norm/delta),layer-wise cosine theorem,disabled: no norm-table or radial-layer candidate filter,"per-query, per-layer Eq. I_threshold with Binomial(K, theta/pi)",distance-table hash-bucket lookup with per-layer thresholds; union over L tables without intersecting sphere-layer masks or exact norm-table filter,0.5210460000488042,0.25910926336536094,0.31584240839492284,0.6374156443352883,0.3625829571715995,0.36258831364410904,225.85,450.025,0.5018843311160385,0.0,15.815579646800566,0.9230458250003792,38.155421292
isolet,12,20,query_adaptive_R25,25.0,0.14,3.3612990379333496,0.95,round(norm/delta),layer-wise cosine theorem,disabled: no norm-table or radial-layer candidate filter,"per-query, per-layer Eq. I_threshold with Binomial(K, theta/pi)",distance-table hash-bucket lookup with per-layer thresholds; union over L tables without intersecting sphere-layer masks or exact norm-table filter,0.5507994755268147,0.3769944567627494,0.40706346761050993,0.7754423477685843,0.22455521704286951,0.2245684145936726,336.325,450.025,0.7473819906380882,2.2350000000000003,15.815579646800566,1.386585400000051,38.155421292
isolet,12,30,query_adaptive_R25,25.0,0.14,3.3612990379333496,0.95,round(norm/delta),layer-wise cosine theorem,disabled: no norm-table or radial-layer candidate filter,"per-query, per-layer Eq. I_threshold with Binomial(K, theta/pi)",distance-table hash-bucket lookup with per-layer thresholds; union over L tables without intersecting sphere-layer masks or exact norm-table filter,0.5134997650882914,0.5100363389997536,0.4859088614787973,0.9187762444099423,0.08122056437061383,0.0812341049184848,479.6,450.025,1.065751416605075,6.05,15.815579646800566,1.5861280499999353,38.155421292
isolet,12,40,query_adaptive_R25,25.0,0.14,3.3612990379333496,0.95,round(norm/delta),layer-wise cosine theorem,disabled: no norm-table or radial-layer candidate filter,"per-query, per-layer Eq. I_threshold with Binomial(K, theta/pi)",distance-table hash-bucket lookup with per-layer thresholds; union over L tables without intersecting sphere-layer masks or exact norm-table filter,0.42844512677159974,0.6878439270756344,0.5234041710562964,0.969831626440396,0.03016101975405322,0.030177821534024218,738.325,450.025,1.640644370534614,11.184999999999999,15.815579646800566,1.7401915500000698,38.155421292
isolet,12,50,query_adaptive_R25,25.0,0.14,3.3612990379333496,0.95,round(norm/delta),layer-wise cosine theorem,disabled: no norm-table or radial-layer candidate filter,"per-query, per-layer Eq. I_threshold with Binomial(K, theta/pi)",distance-table hash-bucket lookup with per-layer thresholds; union over L tables without intersecting sphere-layer masks or exact norm-table filter,0.34324880751333053,0.867889135254989,0.489679820335143,0.9931995704570886,0.006801064688067021,0.006803449907283224,1158.05,450.025,2.573282212367578,19.189999999999998,15.815579646800566,2.014343774999716,38.155421292
isolet,12,60,query_adaptive_R25,25.0,0.14,3.3612990379333496,0.95,round(norm/delta),layer-wise cosine theorem,disabled: no norm-table or radial-layer candidate filter,"per-query, per-layer Eq. I_threshold with Binomial(K, theta/pi)",distance-table hash-bucket lookup with per-layer thresholds; union over L tables without intersecting sphere-layer masks or exact norm-table filter,0.4822832351444862,0.6342937915742795,0.5325106059776019,0.9510393406770621,0.0489554481986574,0.04897143328859792,628.625,450.025,1.396890243902439,17.095,15.815579646800566,1.983077075000672,38.155421292
isolet,12,70,query_adaptive_R25,25.0,0.14,3.3612990379333496,0.95,round(norm/delta),layer-wise cosine theorem,disabled: no norm-table or radial-layer candidate filter,"per-query, per-layer Eq. I_threshold with Binomial(K, theta/pi)",distance-table hash-bucket lookup with per-layer thresholds; union over L tables without intersecting sphere-layer masks or exact norm-table filter,0.611295649860715,0.418819783197832,0.44145735587918156,0.873572968743726,0.1264248217440358,0.12643732078432554,367.7,450.025,0.8170964523281598,15.389999999999997,15.815579646800566,2.066152100000096,38.155421292
isolet,12,80,query_adaptive_R25,25.0,0.14,3.3612990379333496,0.95,round(norm/delta),layer-wise cosine theorem,disabled: no norm-table or radial-layer candidate filter,"per-query, per-layer Eq. I_threshold with Binomial(K, theta/pi)",distance-table hash-bucket lookup with per-layer thresholds; union over L tables without intersecting sphere-layer masks or exact norm-table filter,0.7561395753538438,0.24666506528701646,0.30575456555924363,0.735340508849282,0.2646588140166771,0.2646693124194931,182.175,450.025,0.40483173195368316,13.114999999999998,15.815579646800566,2.133637500000063,38.155421292
isolet,12,90,query_adaptive_R25,25.0,0.14,3.3612990379333496,0.95,round(norm/delta),layer-wise cosine theorem,disabled: no norm-table or radial-layer candidate filter,"per-query, per-layer Eq. I_threshold with Binomial(K, theta/pi)",distance-table hash-bucket lookup with per-layer thresholds; union over L tables without intersecting sphere-layer masks or exact norm-table filter,0.7683913588590225,0.12227777777777779,0.1764740946063434,0.5110783767845349,0.48892144059690174,0.4889244263205077,73.375,450.025,0.16305555555555554,10.915000000000001,15.815579646800566,2.221487474999684,38.155421292
isolet,12,100,query_adaptive_R25,25.0,0.14,3.3612990379333496,0.95,round(norm/delta),layer-wise cosine theorem,disabled: no norm-table or radial-layer candidate filter,"per-query, per-layer Eq. I_threshold with Binomial(K, theta/pi)",distance-table hash-bucket lookup with per-layer thresholds; union over L tables without intersecting sphere-layer masks or exact norm-table filter,0.49409606904962944,0.03155555555555555,0.0543740322801682,0.22811434704185912,0.7718856440920199,0.7718863416663859,14.7,450.025,0.03266666666666666,6.6,15.815579646800566,2.2549509999997497,38.155421292
isolet,13,10,query_adaptive_R25,25.0,0.14,3.3612990379333496,0.95,round(norm/delta),layer-wise cosine theorem,disabled: no norm-table or radial-layer candidate filter,"per-query, per-layer Eq. I_threshold with Binomial(K, theta/pi)",distance-table hash-bucket lookup with per-layer thresholds; union over L tables without intersecting sphere-layer masks or exact norm-table filter,0.5206391828870693,0.26222037447647206,0.31871173555723525,0.638871379731125,0.36112712101336775,0.3611324801947299,229.175,450.025,0.5092730968218773,0.0,15.815579646800566,0.9649198500003564,38.155421292
isolet,13,20,query_adaptive_R25,25.0,0.14,3.3612990379333496,0.95,round(norm/delta),layer-wise cosine theorem,disabled: no norm-table or radial-layer candidate filter,"per-query, per-layer Eq. I_threshold with Binomial(K, theta/pi)",distance-table hash-bucket lookup with per-layer thresholds; union over L tables without intersecting sphere-layer masks or exact norm-table filter,0.5495018318383668,0.3796610002463661,0.40473178894053286,0.7846322363012356,0.215365293259631,0.2153785512654637,342.475,450.025,0.7610485341217048,2.2049999999999996,15.815579646800566,1.3495156999995928,38.155421292
isolet,13,30,query_adaptive_R25,25.0,0.14,3.3612990379333496,0.95,round(norm/delta),layer-wise cosine theorem,disabled: no norm-table or radial-layer candidate filter,"per-query, per-layer Eq. I_threshold with Binomial(K, theta/pi)",distance-table hash-bucket lookup with per-layer thresholds; union over L tables without intersecting sphere-layer masks or exact norm-table filter,0.5142677258639516,0.5147028824833704,0.48904424087726356,0.9209047306585131,0.07909206230476398,0.07910593056983098,483.4,450.025,1.0741957378664695,6.045,15.815579646800566,1.6168426999996655,38.155421292
isolet,13,40,query_adaptive_R25,25.0,0.14,3.3612990379333496,0.95,round(norm/delta),layer-wise cosine theorem,disabled: no norm-table or radial-layer candidate filter,"per-query, per-layer Eq. I_threshold with Binomial(K, theta/pi)",distance-table hash-bucket lookup with per-layer thresholds; union over L tables without intersecting sphere-layer masks or exact norm-table filter,0.4292427437660315,0.6895661492978566,0.5248371256057006,0.970055276833936,0.029937519637877136,0.029954320373471434,738.525,450.025,1.641088814979059,11.15,15.815579646800566,1.7762573999997144,38.155421292
isolet,13,50,query_adaptive_R25,25.0,0.14,3.3612990379333496,0.95,round(norm/delta),layer-wise cosine theorem,disabled: no norm-table or radial-layer candidate filter,"per-query, per-layer Eq. I_threshold with Binomial(K, theta/pi)",distance-table hash-bucket lookup with per-layer thresholds; union over L tables without intersecting sphere-layer masks or exact norm-table filter,0.34269093811222595,0.8708891352549888,0.48957109354896494,0.9935136698949798,0.006486953595136483,0.006489343651534538,1164.2,450.025,2.5869485094850946,19.189999999999998,15.815579646800566,2.061990675000125,38.155421292
isolet,13,60,query_adaptive_R25,25.0,0.14,3.3612990379333496,0.95,round(norm/delta),layer-wise cosine theorem,disabled: no norm-table or radial-layer candidate filter,"per-query, per-layer Eq. I_threshold with Binomial(K, theta/pi)",distance-table hash-bucket lookup with per-layer thresholds; union over L tables without intersecting sphere-layer masks or exact norm-table filter,0.4812562375880577,0.6438492239467849,0.536670219970188,0.9527355143716827,0.04725914520546748,0.04727517445763918,637.3,450.025,1.4161678984971666,17.095,15.815579646800566,2.08130622500029,38.155421292
isolet,13,70,query_adaptive_R25,25.0,0.14,3.3612990379333496,0.95,round(norm/delta),layer-wise cosine theorem,disabled: no norm-table or radial-layer candidate filter,"per-query, per-layer Eq. I_threshold with Binomial(K, theta/pi)",distance-table hash-bucket lookup with per-layer thresholds; union over L tables without intersecting sphere-layer masks or exact norm-table filter,0.6104095280122186,0.42804163587090416,0.44786637705550003,0.8883634413393737,0.11163417739335413,0.11164710166649142,375.25,450.025,0.8338738605567875,15.37,15.815579646800566,2.1079395250000132,38.155421292
isolet,13,80,query_adaptive_R25,25.0,0.14,3.3612990379333496,0.95,round(norm/delta),layer-wise cosine theorem,disabled: no norm-table or radial-layer candidate filter,"per-query, per-layer Eq. I_threshold with Binomial(K, theta/pi)",distance-table hash-bucket lookup with per-layer thresholds; union over L tables without intersecting sphere-layer masks or exact norm-table filter,0.757768458972085,0.25072049765952203,0.31069326006335996,0.7395916610867695,0.26040764666679855,0.26041824360719973,184.15,450.025,0.40922049765952206,13.060000000000002,15.815579646800566,2.1720760250000026,38.155421292
isolet,13,90,query_adaptive_R25,25.0,0.14,3.3612990379333496,0.95,round(norm/delta),layer-wise cosine theorem,disabled: no norm-table or radial-layer candidate filter,"per-query, per-layer Eq. I_threshold with Binomial(K, theta/pi)",distance-table hash-bucket lookup with per-layer thresholds; union over L tables without intersecting sphere-layer masks or exact norm-table filter,0.7639438475818959,0.1275,0.18329163821943897,0.5170375427402706,0.48296226662733,0.4829653069694528,76.95,450.025,0.17099999999999999,10.834999999999999,15.815579646800566,2.2613792499996066,38.155421292
isolet,13,100,query_adaptive_R25,25.0,0.14,3.3612990379333496,0.95,round(norm/delta),layer-wise cosine theorem,disabled: no norm-table or radial-layer candidate filter,"per-query, per-layer Eq. I_threshold with Binomial(K, theta/pi)",distance-table hash-bucket lookup with per-layer thresholds; union over L tables without intersecting sphere-layer masks or exact norm-table filter,0.49440058479532156,0.03127777777777778,0.053922076932834795,0.2368837189963955,0.7631162662625899,0.7631169777305451,14.6,450.025,0.03244444444444444,6.42,15.815579646800566,2.337217749999354,38.155421292
isolet,14,10,query_adaptive_R25,25.0,0.14,3.3612990379333496,0.95,round(norm/delta),layer-wise cosine theorem,disabled: no norm-table or radial-layer candidate filter,"per-query, per-layer Eq. I_threshold with Binomial(K, theta/pi)",distance-table hash-bucket lookup with per-layer thresholds; union over L tables without intersecting sphere-layer masks or exact norm-table filter,0.5181564010161175,0.2686080315348608,0.32502214953328534,0.6662635345873182,0.3337349531547377,0.3337404004247093,236.1,450.025,0.5246561961074157,0.0,15.815579646800566,0.9460677749999036,38.155421292
isolet,14,20,query_adaptive_R25,25.0,0.14,3.3612990379333496,0.95,round(norm/delta),layer-wise cosine theorem,disabled: no norm-table or radial-layer candidate filter,"per-query, per-layer Eq. I_threshold with Binomial(K, theta/pi)",distance-table hash-bucket lookup with per-layer thresholds; union over L tables without intersecting sphere-layer masks or exact norm-table filter,0.5518534637053081,0.3744943335796994,0.39903289648975365,0.7669300389649246,0.2330682018307324,0.233079840122587,335.525,450.025,0.7456039664942105,2.1350000000000002,15.815579646800566,1.3570385500006665,38.155421292
isolet,14,30,query_adaptive_R25,25.0,0.14,3.3612990379333496,0.95,round(norm/delta),layer-wise cosine theorem,disabled: no norm-table or radial-layer candidate filter,"per-query, per-layer Eq. I_threshold with Binomial(K, theta/pi)",distance-table hash-bucket lookup with per-layer thresholds; union over L tables without intersecting sphere-layer masks or exact norm-table filter,0.5136287810277492,0.5225360926336536,0.49386543458067644,0.9244370277674289,0.07555971344876226,0.07557360195502141,490.6,450.025,1.0901954915003695,6.045,15.815579646800566,1.6907550750003608,38.155421292
isolet,14,40,query_adaptive_R25,25.0,0.14,3.3612990379333496,0.95,round(norm/delta),layer-wise cosine theorem,disabled: no norm-table or radial-layer candidate filter,"per-query, per-layer Eq. I_threshold with Binomial(K, theta/pi)",distance-table hash-bucket lookup with per-layer thresholds; union over L tables without intersecting sphere-layer masks or exact norm-table filter,0.4306676558355148,0.6928434343434343,0.5272928447370069,0.9746851026136248,0.025307747627978088,0.025324580032349903,737.8,450.025,1.6394768415865975,11.13,15.815579646800566,1.7860979750004446,38.155421292
isolet,14,50,query_adaptive_R25,25.0,0.14,3.3612990379333496,0.95,round(norm/delta),layer-wise cosine theorem,disabled: no norm-table or radial-layer candidate filter,"per-query, per-layer Eq. I_threshold with Binomial(K, theta/pi)",distance-table hash-bucket lookup with per-layer thresholds; union over L tables without intersecting sphere-layer masks or exact norm-table filter,0.3414435193937745,0.8748890120719388,0.4888563875806094,0.9960593884442493,0.003941197951320051,0.003943572802155594,1174.425,450.025,2.6096677753141164,19.189999999999998,15.815579646800566,2.0274290749997093,38.155421292
isolet,14,60,query_adaptive_R25,25.0,0.14,3.3612990379333496,0.95,round(norm/delta),layer-wise cosine theorem,disabled: no norm-table or radial-layer candidate filter,"per-query, per-layer Eq. I_threshold with Binomial(K, theta/pi)",distance-table hash-bucket lookup with per-layer thresholds; union over L tables without intersecting sphere-layer masks or exact norm-table filter,0.48023653442261016,0.6519595959595959,0.5401686374430257,0.9541447354178499,0.04584981796507487,0.04586586623578339,645.0,450.025,1.433278270509978,17.080000000000002,15.815579646800566,2.1602677249992652,38.155421292
isolet,14,70,query_adaptive_R25,25.0,0.14,3.3612990379333496,0.95,round(norm/delta),layer-wise cosine theorem,disabled: no norm-table or radial-layer candidate filter,"per-query, per-layer Eq. I_threshold with Binomial(K, theta/pi)",distance-table hash-bucket lookup with per-layer thresholds; union over L tables without intersecting sphere-layer masks or exact norm-table filter,0.610046418887588,0.4317081793545208,0.45122997568452305,0.8914266966156583,0.10857089722965516,0.10858411447633123,378.25,450.025,0.840540404040404,15.364999999999998,15.815579646800566,2.115261450000183,38.155421292
isolet,14,80,query_adaptive_R25,25.0,0.14,3.3612990379333496,0.95,round(norm/delta),layer-wise cosine theorem,disabled: no norm-table or radial-layer candidate filter,"per-query, per-layer Eq. I_threshold with Binomial(K, theta/pi)",distance-table hash-bucket lookup with per-layer thresholds; union over L tables without intersecting sphere-layer masks or exact norm-table filter,0.7572911034995531,0.25316494210396645,0.31266584423081595,0.7405153039816881,0.2594839534442631,0.25949456982280283,185.825,450.025,0.4129427198817443,13.010000000000002,15.815579646800566,2.157861375000003,38.155421292
isolet,14,90,query_adaptive_R25,25.0,0.14,3.3612990379333496,0.95,round(norm/delta),layer-wise cosine theorem,disabled: no norm-table or radial-layer candidate filter,"per-query, per-layer Eq. I_threshold with Binomial(K, theta/pi)",distance-table hash-bucket lookup with per-layer thresholds; union over L tables without intersecting sphere-layer masks or exact norm-table filter,0.7435970438223147,0.12733333333333335,0.18497499399493791,0.5157244719867592,0.4842753518938171,0.48427838967905174,75.875,450.025,0.1686111111111111,10.77,15.815579646800566,2.241472875000561,38.155421292
isolet,14,100,query_adaptive_R25,25.0,0.14,3.3612990379333496,0.95,round(norm/delta),layer-wise cosine theorem,disabled: no norm-table or radial-layer candidate filter,"per-query, per-layer Eq. I_threshold with Binomial(K, theta/pi)",distance-table hash-bucket lookup with per-layer thresholds; union over L tables without intersecting sphere-layer masks or exact norm-table filter,0.49422735760971054,0.03088888888888889,0.05294429601661573,0.23305575264357797,0.7669442371455129,0.766944947706318,14.45,450.025,0.03211111111111111,6.29,15.815579646800566,2.2874823999996963,38.155421292
isolet,15,10,query_adaptive_R25,25.0,0.14,3.3612990379333496,0.95,round(norm/delta),layer-wise cosine theorem,disabled: no norm-table or radial-layer candidate filter,"per-query, per-layer Eq. I_threshold with Binomial(K, theta/pi)",distance-table hash-bucket lookup with per-layer thresholds; union over L tables without intersecting sphere-layer masks or exact norm-table filter,0.5156451234907967,0.27516346390736635,0.3298289163284751,0.6929371023190459,0.30706134465676527,0.3070668538767004,243.7,450.025,0.5415447154471545,0.0,15.815579646800566,0.988081199999513,38.155421292
isolet,15,20,query_adaptive_R25,25.0,0.14,3.3612990379333496,0.95,round(norm/delta),layer-wise cosine theorem,disabled: no norm-table or radial-layer candidate filter,"per-query, per-layer Eq. I_threshold with Binomial(K, theta/pi)",distance-table hash-bucket lookup with per-layer thresholds; union over L tables without intersecting sphere-layer masks or exact norm-table filter,0.5518089983492482,0.3729943335796994,0.3935446257823298,0.7783612146273754,0.22163697686204714,0.2216487003919953,340.275,450.025,0.756159522049766,2.125,15.815579646800566,1.3528552500007507,38.155421292
isolet,15,30,query_adaptive_R25,25.0,0.14,3.3612990379333496,0.95,round(norm/delta),layer-wise cosine theorem,disabled: no norm-table or radial-layer candidate filter,"per-query, per-layer Eq. I_threshold with Binomial(K, theta/pi)",distance-table hash-bucket lookup with per-layer thresholds; union over L tables without intersecting sphere-layer masks or exact norm-table filter,0.5053919717571449,0.5272026361172703,0.4921242102185154,0.9247432827919859,0.07525332694379927,0.07526723000352527,502.85,450.025,1.1174175905395418,6.035,15.815579646800566,1.608190650000374,38.155421292
isolet,15,40,query_adaptive_R25,25.0,0.14,3.3612990379333496,0.95,round(norm/delta),layer-wise cosine theorem,disabled: no norm-table or radial-layer candidate filter,"per-query, per-layer Eq. I_threshold with Binomial(K, theta/pi)",distance-table hash-bucket lookup with per-layer thresholds; union over L tables without intersecting sphere-layer masks or exact norm-table filter,0.4290605712613725,0.6929545454545455,0.5250658924004077,0.974951587916323,0.02504107993772242,0.025057918449710948,744.375,450.025,1.6540879526977086,11.125,15.815579646800566,1.7484396249999534,38.155421292
isolet,15,50,query_adaptive_R25,25.0,0.14,3.3612990379333496,0.95,round(norm/delta),layer-wise cosine theorem,disabled: no norm-table or radial-layer candidate filter,"per-query, per-layer Eq. I_threshold with Binomial(K, theta/pi)",distance-table hash-bucket lookup with per-layer thresholds; union over L tables without intersecting sphere-layer masks or exact norm-table filter,0.3401229086375606,0.8755556787386055,0.4875790437636459,0.9960596461800867,0.003941057806178906,0.003943308677213493,1179.975,450.025,2.6220002463661,19.189999999999998,15.815579646800566,2.0408269750003427,38.155421292
isolet,15,60,query_adaptive_R25,25.0,0.14,3.3612990379333496,0.95,round(norm/delta),layer-wise cosine theorem,disabled: no norm-table or radial-layer candidate filter,"per-query, per-layer Eq. I_threshold with Binomial(K, theta/pi)",distance-table hash-bucket lookup with per-layer thresholds; union over L tables without intersecting sphere-layer masks or exact norm-table filter,0.4763637350886446,0.6542372505543238,0.5385472273070189,0.9542392357854823,0.04575522900711567,0.04577127983958727,652.3,450.025,1.44950036954915,17.07,15.815579646800566,2.139636525000199,38.155421292
isolet,15,70,query_adaptive_R25,25.0,0.14,3.3612990379333496,0.95,round(norm/delta),layer-wise cosine theorem,disabled: no norm-table or radial-layer candidate filter,"per-query, per-layer Eq. I_threshold with Binomial(K, theta/pi)",distance-table hash-bucket lookup with per-layer thresholds; union over L tables without intersecting sphere-layer masks or exact norm-table filter,0.6045295959092022,0.43626373491007636,0.45261570468464896,0.891986154179493,0.108011295702271,0.10802451680805417,385.85,450.025,0.857429292929293,15.355,15.815579646800566,2.1331499749999594,38.155421292
isolet,15,80,query_adaptive_R25,25.0,0.14,3.3612990379333496,0.95,round(norm/delta),layer-wise cosine theorem,disabled: no norm-table or radial-layer candidate filter,"per-query, per-layer Eq. I_threshold with Binomial(K, theta/pi)",distance-table hash-bucket lookup with per-layer thresholds; union over L tables without intersecting sphere-layer masks or exact norm-table filter,0.7549168253531862,0.2518879034244888,0.30903157448379365,0.7365355118288025,0.2634637669453835,0.26347436737860497,186.575,450.025,0.41461012564671107,12.919999999999998,15.815579646800566,2.208810425000607,38.155421292
isolet,15,90,query_adaptive_R25,25.0,0.14,3.3612990379333496,0.95,round(norm/delta),layer-wise cosine theorem,disabled: no norm-table or radial-layer candidate filter,"per-query, per-layer Eq. I_threshold with Binomial(K, theta/pi)",distance-table hash-bucket lookup with per-layer thresholds; union over L tables without intersecting sphere-layer masks or exact norm-table filter,0.7338369089073946,0.1323888888888889,0.18960307913269708,0.5160349594835567,0.48396484796032474,0.483967887379532,80.95,450.025,0.1798888888888889,10.725,15.815579646800566,2.28175312500003,38.155421292
isolet,15,100,query_adaptive_R25,25.0,0.14,3.3612990379333496,0.95,round(norm/delta),layer-wise cosine theorem,disabled: no norm-table or radial-layer candidate filter,"per-query, per-layer Eq. I_threshold with Binomial(K, theta/pi)",distance-table hash-bucket lookup with per-layer thresholds; union over L tables without intersecting sphere-layer masks or exact norm-table filter,0.4651649331725455,0.03111111111111111,0.053758341398453646,0.23022856909260864,0.7697714210666614,0.7697720118884854,14.975,450.025,0.03327777777777778,6.195,15.815579646800566,2.3311426999997664,38.155421292
isolet,16,10,query_adaptive_R25,25.0,0.14,3.3612990379333496,0.95,round(norm/delta),layer-wise cosine theorem,disabled: no norm-table or radial-layer candidate filter,"per-query, per-layer Eq. I_threshold with Binomial(K, theta/pi)",distance-table hash-bucket lookup with per-layer thresholds; union over L tables without intersecting sphere-layer masks or exact norm-table filter,0.5022542165312276,0.29121877309682187,0.33803027632626803,0.7082989103921224,0.2916994450468954,0.2917052291569167,265.975,450.025,0.5910421286031042,0.0,15.815579646800566,0.9104677500005209,38.155421292
isolet,16,20,query_adaptive_R25,25.0,0.14,3.3612990379333496,0.95,round(norm/delta),layer-wise cosine theorem,disabled: no norm-table or radial-layer candidate filter,"per-query, per-layer Eq. I_threshold with Binomial(K, theta/pi)",distance-table hash-bucket lookup with per-layer thresholds; union over L tables without intersecting sphere-layer masks or exact norm-table filter,0.5571449852141026,0.37204976595220496,0.39412233063850033,0.7858116064976747,0.21418664900630818,0.21419942892524393,337.825,450.025,0.7507147080561716,2.085,15.815579646800566,1.392020774999736,38.155421292
isolet,16,30,query_adaptive_R25,25.0,0.14,3.3612990379333496,0.95,round(norm/delta),layer-wise cosine theorem,disabled: no norm-table or radial-layer candidate filter,"per-query, per-layer Eq. I_threshold with Binomial(K, theta/pi)",distance-table hash-bucket lookup with per-layer thresholds; union over L tables without intersecting sphere-layer masks or exact norm-table filter,0.4999818944009828,0.5417560975609756,0.4967184015206419,0.9274049262423553,0.07259121180708358,0.07260559486893514,523.125,450.025,1.162470189701897,6.029999999999999,15.815579646800566,1.7365948250008145,38.155421292
isolet,16,40,query_adaptive_R25,25.0,0.14,3.3612990379333496,0.95,round(norm/delta),layer-wise cosine theorem,disabled: no norm-table or radial-layer candidate filter,"per-query, per-layer Eq. I_threshold with Binomial(K, theta/pi)",distance-table hash-bucket lookup with per-layer thresholds; union over L tables without intersecting sphere-layer masks or exact norm-table filter,0.4263687113162932,0.7019535599901454,0.5258753863732516,0.9758600462053572,0.024132428243846527,0.024149286617990214,758.6,450.025,1.6856968465139197,11.125,15.815579646800566,1.8188667000000436,38.155421292
isolet,16,50,query_adaptive_R25,25.0,0.14,3.3612990379333496,0.95,round(norm/delta),layer-wise cosine theorem,disabled: no norm-table or radial-layer candidate filter,"per-query, per-layer Eq. I_threshold with Binomial(K, theta/pi)",distance-table hash-bucket lookup with per-layer thresholds; union over L tables without intersecting sphere-layer masks or exact norm-table filter,0.33888235975600206,0.8764445676274943,0.48637813046831485,0.9960626411905972,0.003938093802743908,0.003940283093558058,1185.95,450.025,2.6352766691303278,19.189999999999998,15.815579646800566,2.058331174999495,38.155421292
isolet,16,60,query_adaptive_R25,25.0,0.14,3.3612990379333496,0.95,round(norm/delta),layer-wise cosine theorem,disabled: no norm-table or radial-layer candidate filter,"per-query, per-layer Eq. I_threshold with Binomial(K, theta/pi)",distance-table hash-bucket lookup with per-layer thresholds; union over L tables without intersecting sphere-layer masks or exact norm-table filter,0.4729228240413229,0.6589592264104459,0.538106185181841,0.9542974647146668,0.04569679926571136,0.045712862001724065,662.4,450.025,1.4719444444444445,17.060000000000002,15.815579646800566,2.158158325000592,38.155421292
isolet,16,70,query_adaptive_R25,25.0,0.14,3.3612990379333496,0.95,round(norm/delta),layer-wise cosine theorem,disabled: no norm-table or radial-layer candidate filter,"per-query, per-layer Eq. I_threshold with Binomial(K, theta/pi)",distance-table hash-bucket lookup with per-layer thresholds; union over L tables without intersecting sphere-layer masks or exact norm-table filter,0.60225574932883,0.44037447647203753,0.45472124096324923,0.8921363344777277,0.107861040197586,0.10787426296245499,391.425,450.025,0.8698178122690319,15.35,15.815579646800566,2.156390599999547,38.155421292
isolet,16,80,query_adaptive_R25,25.0,0.14,3.3612990379333496,0.95,round(norm/delta),layer-wise cosine theorem,disabled: no norm-table or radial-layer candidate filter,"per-query, per-layer Eq. I_threshold with Binomial(K, theta/pi)",distance-table hash-bucket lookup with per-layer thresholds; union over L tables without intersecting sphere-layer masks or exact norm-table filter,0.7489937609861779,0.2552767923133777,0.3115526635671519,0.7431146758086943,0.2568845539040795,0.2568951945859686,190.4,450.025,0.42311012564671097,12.905000000000001,15.815579646800566,2.2039719250001255,38.155421292
isolet,16,90,query_adaptive_R25,25.0,0.14,3.3612990379333496,0.95,round(norm/delta),layer-wise cosine theorem,disabled: no norm-table or radial-layer candidate filter,"per-query, per-layer Eq. I_threshold with Binomial(K, theta/pi)",distance-table hash-bucket lookup with per-layer thresholds; union over L tables without intersecting sphere-layer masks or exact norm-table filter,0.7588152838625224,0.1335,0.19088852011249385,0.5165550595782267,0.4834447326157276,0.48344777231556424,81.625,450.025,0.1813888888888889,10.680000000000001,15.815579646800566,2.299703175000367,38.155421292
isolet,16,100,query_adaptive_R25,25.0,0.14,3.3612990379333496,0.95,round(norm/delta),layer-wise cosine theorem,disabled: no norm-table or radial-layer candidate filter,"per-query, per-layer Eq. I_threshold with Binomial(K, theta/pi)",distance-table hash-bucket lookup with per-layer thresholds; union over L tables without intersecting sphere-layer masks or exact norm-table filter,0.4650305245703949,0.02727777777777778,0.04756718730506256,0.2132166893761258,0.7867832984512443,0.7867838465142106,13.225,450.025,0.029388888888888888,6.090000000000001,15.815579646800566,2.32316047500003,38.155421292
isolet,17,10,query_adaptive_R25,25.0,0.14,3.3612990379333496,0.95,round(norm/delta),layer-wise cosine theorem,disabled: no norm-table or radial-layer candidate filter,"per-query, per-layer Eq. I_threshold with Binomial(K, theta/pi)",distance-table hash-bucket lookup with per-layer thresholds; union over L tables without intersecting sphere-layer masks or exact norm-table filter,0.5027412394682091,0.29832840601133287,0.3448010931366306,0.711970639374159,0.28802759134696837,0.28803343003129067,271.725,450.025,0.6038184281842819,0.0,15.815579646800566,1.0363469499999667,38.155421292
isolet,17,20,query_adaptive_R25,25.0,0.14,3.3612990379333496,0.95,round(norm/delta),layer-wise cosine theorem,disabled: no norm-table or radial-layer candidate filter,"per-query, per-layer Eq. I_threshold with Binomial(K, theta/pi)",distance-table hash-bucket lookup with per-layer thresholds; union over L tables without intersecting sphere-layer masks or exact norm-table filter,0.5619655780303676,0.3647719881744272,0.3933415823614407,0.7791324333281323,0.2208658191887583,0.22087872568523448,327.425,450.025,0.7276035969450604,2.065,15.815579646800566,1.5209375000003078,38.155421292
isolet,17,30,query_adaptive_R25,25.0,0.14,3.3612990379333496,0.95,round(norm/delta),layer-wise cosine theorem,disabled: no norm-table or radial-layer candidate filter,"per-query, per-layer Eq. I_threshold with Binomial(K, theta/pi)",distance-table hash-bucket lookup with per-layer thresholds; union over L tables without intersecting sphere-layer masks or exact norm-table filter,0.49925285747890147,0.5407560975609756,0.4941957857129468,0.9268494889942547,0.07314703409777022,0.0731611352588101,522.925,450.025,1.1620257452574525,6.025,15.815579646800566,1.8142166749999689,38.155421292
isolet,17,40,query_adaptive_R25,25.0,0.14,3.3612990379333496,0.95,round(norm/delta),layer-wise cosine theorem,disabled: no norm-table or radial-layer candidate filter,"per-query, per-layer Eq. I_threshold with Binomial(K, theta/pi)",distance-table hash-bucket lookup with per-layer thresholds; union over L tables without intersecting sphere-layer masks or exact norm-table filter,0.42396814794604365,0.7053978812515398,0.5255545150339711,0.9758931350179052,0.02409929803794959,0.024116156717612112,764.525,450.025,1.6988631436314363,11.125,15.815579646800566,1.883557349999876,38.155421292
isolet,17,50,query_adaptive_R25,25.0,0.14,3.3612990379333496,0.95,round(norm/delta),layer-wise cosine theorem,disabled: no norm-table or radial-layer candidate filter,"per-query, per-layer Eq. I_threshold with Binomial(K, theta/pi)",distance-table hash-bucket lookup with per-layer thresholds; union over L tables without intersecting sphere-layer masks or exact norm-table filter,0.33831070215933023,0.8776667898497166,0.48590713557885856,0.9960701988899501,0.003930523869766553,0.003932716213184119,1190.35,450.025,2.6450543237250552,19.189999999999998,15.815579646800566,2.142438450001194,38.155421292
isolet,17,60,query_adaptive_R25,25.0,0.14,3.3612990379333496,0.95,round(norm/delta),layer-wise cosine theorem,disabled: no norm-table or radial-layer candidate filter,"per-query, per-layer Eq. I_threshold with Binomial(K, theta/pi)",distance-table hash-bucket lookup with per-layer thresholds; union over L tables without intersecting sphere-layer masks or exact norm-table filter,0.4715586766336413,0.660570337521557,0.5382173573254168,0.9543217698980755,0.04567246786133225,0.04568853135445182,664.9,450.025,1.4774997536338998,17.060000000000002,15.815579646800566,2.1998177000002173,38.155421292
isolet,17,70,query_adaptive_R25,25.0,0.14,3.3612990379333496,0.95,round(norm/delta),layer-wise cosine theorem,disabled: no norm-table or radial-layer candidate filter,"per-query, per-layer Eq. I_threshold with Binomial(K, theta/pi)",distance-table hash-bucket lookup with per-layer thresholds; union over L tables without intersecting sphere-layer masks or exact norm-table filter,0.6025012015503263,0.4417633653609263,0.45609792764398877,0.8922561612697699,0.10774122142558513,0.10775444541982353,392.35,450.025,0.8718733678245874,15.344999999999999,15.815579646800566,2.249823925000527,38.155421292
isolet,17,80,query_adaptive_R25,25.0,0.14,3.3612990379333496,0.95,round(norm/delta),layer-wise cosine theorem,disabled: no norm-table or radial-layer candidate filter,"per-query, per-layer Eq. I_threshold with Binomial(K, theta/pi)",distance-table hash-bucket lookup with per-layer thresholds; union over L tables without intersecting sphere-layer masks or exact norm-table filter,0.7491912261278303,0.2553879034244888,0.31147288899651204,0.7412053618823397,0.2587938748601999,0.2588045109190455,190.575,450.025,0.4234990145355999,12.865,15.815579646800566,2.24736979999971,38.155421292
isolet,17,90,query_adaptive_R25,25.0,0.14,3.3612990379333496,0.95,round(norm/delta),layer-wise cosine theorem,disabled: no norm-table or radial-layer candidate filter,"per-query, per-layer Eq. I_threshold with Binomial(K, theta/pi)",distance-table hash-bucket lookup with per-layer thresholds; union over L tables without intersecting sphere-layer masks or exact norm-table filter,0.7590115678201276,0.13411111111111113,0.19176370098579512,0.5251252079447966,0.47487458085659073,0.47487762130511335,81.9,450.025,0.182,10.64,15.815579646800566,2.3179395500001476,38.155421292
isolet,17,100,query_adaptive_R25,25.0,0.14,3.3612990379333496,0.95,round(norm/delta),layer-wise cosine theorem,disabled: no norm-table or radial-layer candidate filter,"per-query, per-layer Eq. I_threshold with Binomial(K, theta/pi)",distance-table hash-bucket lookup with per-layer thresholds; union over L tables without intersecting sphere-layer masks or exact norm-table filter,0.4650305245703949,0.02727777777777778,0.04756718730506256,0.2132166893761258,0.7867832984512443,0.7867838465142106,13.225,450.025,0.029388888888888888,6.015,15.815579646800566,2.3528146000000305,38.155421292
isolet,18,10,query_adaptive_R25,25.0,0.14,3.3612990379333496,0.95,round(norm/delta),layer-wise cosine theorem,disabled: no norm-table or radial-layer candidate filter,"per-query, per-layer Eq. I_threshold with Binomial(K, theta/pi)",distance-table hash-bucket lookup with per-layer thresholds; union over L tables without intersecting sphere-layer masks or exact norm-table filter,0.5043944033026644,0.3067169253510717,0.3519229025462041,0.7188420234212998,0.28115605927824305,0.28116196877688737,279.25,450.025,0.6205397881251539,0.0,15.815579646800566,0.9947051000002816,38.155421292
isolet,18,20,query_adaptive_R25,25.0,0.14,3.3612990379333496,0.95,round(norm/delta),layer-wise cosine theorem,disabled: no norm-table or radial-layer candidate filter,"per-query, per-layer Eq. I_threshold with Binomial(K, theta/pi)",distance-table hash-bucket lookup with per-layer thresholds; union over L tables without intersecting sphere-layer masks or exact norm-table filter,0.5619192959570206,0.37465865976841584,0.40224561580106766,0.7847922243123779,0.2152060153998721,0.21521896656342018,335.725,450.025,0.7460458240946046,2.055,15.815579646800566,1.4210896250002492,38.155421292
isolet,18,30,query_adaptive_R25,25.0,0.14,3.3612990379333496,0.95,round(norm/delta),layer-wise cosine theorem,disabled: no norm-table or radial-layer candidate filter,"per-query, per-layer Eq. I_threshold with Binomial(K, theta/pi)",distance-table hash-bucket lookup with per-layer thresholds; union over L tables without intersecting sphere-layer masks or exact norm-table filter,0.4978956798975348,0.5477544961813254,0.4977957023507672,0.9279250262280186,0.07207144921518772,0.07208555630985854,529.175,450.025,1.1759118009361913,6.025,15.815579646800566,1.7447260000009734,38.155421292
isolet,18,40,query_adaptive_R25,25.0,0.14,3.3612990379333496,0.95,round(norm/delta),layer-wise cosine theorem,disabled: no norm-table or radial-layer candidate filter,"per-query, per-layer Eq. I_threshold with Binomial(K, theta/pi)",distance-table hash-bucket lookup with per-layer thresholds; union over L tables without intersecting sphere-layer masks or exact norm-table filter,0.4212918064265171,0.7131188716432618,0.5263975048131381,0.9770645128479165,0.022927562568344783,0.02294445588080734,775.3,450.025,1.7228045084996306,11.115,15.815579646800566,1.894026075000177,38.155421292
isolet,18,50,query_adaptive_R25,25.0,0.14,3.3612990379333496,0.95,round(norm/delta),layer-wise cosine theorem,disabled: no norm-table or radial-layer candidate filter,"per-query, per-layer Eq. I_threshold with Binomial(K, theta/pi)",distance-table hash-bucket lookup with per-layer thresholds; union over L tables without intersecting sphere-layer masks or exact norm-table filter,0.3377636200130106,0.8792779009608278,0.4855632674603614,0.9961509592024657,0.0038496920488310755,0.0038518859509487496,1195.0,450.025,2.655387287509239,19.189999999999998,15.815579646800566,2.176052000000084,38.155421292
isolet,18,60,query_adaptive_R25,25.0,0.14,3.3612990379333496,0.95,round(norm/delta),layer-wise cosine theorem,disabled: no norm-table or radial-layer candidate filter,"per-query, per-layer Eq. I_threshold with Binomial(K, theta/pi)",distance-table hash-bucket lookup with per-layer thresholds; union over L tables without intersecting sphere-layer masks or exact norm-table filter,0.4700911110632952,0.665680955900468,0.5399626330208708,0.9571807381371447,0.0428133583820096,0.04282975080803213,670.4,450.025,1.4897208672086721,17.060000000000002,15.815579646800566,2.217098849999921,38.155421292
isolet,18,70,query_adaptive_R25,25.0,0.14,3.3612990379333496,0.95,round(norm/delta),layer-wise cosine theorem,disabled: no norm-table or radial-layer candidate filter,"per-query, per-layer Eq. I_threshold with Binomial(K, theta/pi)",distance-table hash-bucket lookup with per-layer thresholds; union over L tables without intersecting sphere-layer masks or exact norm-table filter,0.6009377022475118,0.4466510224193151,0.46011121936657345,0.8946468163071654,0.10535046767556219,0.10536371247786583,396.275,450.025,0.8805943582163096,15.330000000000002,15.815579646800566,2.2565656249996735,38.155421292
isolet,18,80,query_adaptive_R25,25.0,0.14,3.3612990379333496,0.95,round(norm/delta),layer-wise cosine theorem,disabled: no norm-table or radial-layer candidate filter,"per-query, per-layer Eq. I_threshold with Binomial(K, theta/pi)",distance-table hash-bucket lookup with per-layer thresholds; union over L tables without intersecting sphere-layer masks or exact norm-table filter,0.7447166159741029,0.2570544469081054,0.314649099627279,0.7422827454442713,0.2577164971035787,0.25772714137880837,190.725,450.025,0.4238322246858832,12.825,15.815579646800566,2.2380842750001406,38.155421292
isolet,18,90,query_adaptive_R25,25.0,0.14,3.3612990379333496,0.95,round(norm/delta),layer-wise cosine theorem,disabled: no norm-table or radial-layer candidate filter,"per-query, per-layer Eq. I_threshold with Binomial(K, theta/pi)",distance-table hash-bucket lookup with per-layer thresholds; union over L tables without intersecting sphere-layer masks or exact norm-table filter,0.760251579632295,0.1343888888888889,0.19241420516193353,0.5258510195083167,0.47414877418239404,0.4741518268326308,81.55,450.025,0.18122222222222223,10.595,15.815579646800566,2.3176416250000997,38.155421292
isolet,18,100,query_adaptive_R25,25.0,0.14,3.3612990379333496,0.95,round(norm/delta),layer-wise cosine theorem,disabled: no norm-table or radial-layer candidate filter,"per-query, per-layer Eq. I_threshold with Binomial(K, theta/pi)",distance-table hash-bucket lookup with per-layer thresholds; union over L tables without intersecting sphere-layer masks or exact norm-table filter,0.46506467757585945,0.02727777777777778,0.047538756183220406,0.2104650601361188,0.7895349332350695,0.7895354798046338,13.225,450.025,0.02938888888888889,5.885,15.815579646800566,2.3362719499999685,38.155421292
isolet,19,10,query_adaptive_R25,25.0,0.14,3.3612990379333496,0.95,round(norm/delta),layer-wise cosine theorem,disabled: no norm-table or radial-layer candidate filter,"per-query, per-layer Eq. I_threshold with Binomial(K, theta/pi)",distance-table hash-bucket lookup with per-layer thresholds; union over L tables without intersecting sphere-layer masks or exact norm-table filter,0.5031646282733725,0.31027248090662723,0.35450994506486144,0.7220433014033798,0.277954783688079,0.2779607254804051,283.05,450.025,0.6289842325695985,0.0,15.815579646800566,1.0916219750001233,38.155421292
isolet,19,20,query_adaptive_R25,25.0,0.14,3.3612990379333496,0.95,round(norm/delta),layer-wise cosine theorem,disabled: no norm-table or radial-layer candidate filter,"per-query, per-layer Eq. I_threshold with Binomial(K, theta/pi)",distance-table hash-bucket lookup with per-layer thresholds; union over L tables without intersecting sphere-layer masks or exact norm-table filter,0.5578894362136584,0.3785475486573048,0.40333489370521647,0.7865302503523484,0.21346796353107617,0.213480948281871,341.5,450.025,0.7588791574279379,2.0450000000000004,15.815579646800566,1.442873975000225,38.155421292
isolet,19,30,query_adaptive_R25,25.0,0.14,3.3612990379333496,0.95,round(norm/delta),layer-wise cosine theorem,disabled: no norm-table or radial-layer candidate filter,"per-query, per-layer Eq. I_threshold with Binomial(K, theta/pi)",distance-table hash-bucket lookup with per-layer thresholds; union over L tables without intersecting sphere-layer masks or exact norm-table filter,0.4982432353011436,0.549420300566642,0.4992037329281496,0.9280452053214756,0.07195124949031632,0.07196535874506954,530.35,450.025,1.1785220497659523,6.015,15.815579646800566,1.7554635999999846,38.155421292
isolet,19,40,query_adaptive_R25,25.0,0.14,3.3612990379333496,0.95,round(norm/delta),layer-wise cosine theorem,disabled: no norm-table or radial-layer candidate filter,"per-query, per-layer Eq. I_threshold with Binomial(K, theta/pi)",distance-table hash-bucket lookup with per-layer thresholds; union over L tables without intersecting sphere-layer masks or exact norm-table filter,0.41992981335252216,0.7151744271988175,0.5260605023532962,0.9770687664289696,0.02292326945447961,0.022940162978681466,779.75,450.025,1.7326933973885192,11.105,15.815579646800566,1.952510474999869,38.155421292
isolet,19,50,query_adaptive_R25,25.0,0.14,3.3612990379333496,0.95,round(norm/delta),layer-wise cosine theorem,disabled: no norm-table or radial-layer candidate filter,"per-query, per-layer Eq. I_threshold with Binomial(K, theta/pi)",distance-table hash-bucket lookup with per-layer thresholds; union over L tables without intersecting sphere-layer masks or exact norm-table filter,0.3369091589431035,0.8807779009608279,0.4849397844935489,0.9961878376550661,0.0038128029037537725,0.003814966660574406,1199.75,450.025,2.6659422271495443,19.189999999999998,15.815579646800566,2.139375050000325,38.155421292
isolet,19,60,query_adaptive_R25,25.0,0.14,3.3612990379333496,0.95,round(norm/delta),layer-wise cosine theorem,disabled: no norm-table or radial-layer candidate filter,"per-query, per-layer Eq. I_threshold with Binomial(K, theta/pi)",distance-table hash-bucket lookup with per-layer thresholds; union over L tables without intersecting sphere-layer masks or exact norm-table filter,0.46923419859009685,0.6670142892338016,0.5401723891806938,0.957183538729453,0.042810532507615094,0.04282692514385265,672.625,450.025,1.4946649421039664,17.055,15.815579646800566,2.459715700000231,38.155421292
isolet,19,70,query_adaptive_R25,25.0,0.14,3.3612990379333496,0.95,round(norm/delta),layer-wise cosine theorem,disabled: no norm-table or radial-layer candidate filter,"per-query, per-layer Eq. I_threshold with Binomial(K, theta/pi)",distance-table hash-bucket lookup with per-layer thresholds; union over L tables without intersecting sphere-layer masks or exact norm-table filter,0.6010603627068521,0.4469286770140428,0.45993139539196737,0.8949407738553656,0.10505652667232371,0.1050697738283426,395.725,450.025,0.8793720128110373,15.315000000000001,15.815579646800566,2.370197925000106,38.155421292
isolet,19,80,query_adaptive_R25,25.0,0.14,3.3612990379333496,0.95,round(norm/delta),layer-wise cosine theorem,disabled: no norm-table or radial-layer candidate filter,"per-query, per-layer Eq. I_threshold with Binomial(K, theta/pi)",distance-table hash-bucket lookup with per-layer thresholds; union over L tables without intersecting sphere-layer masks or exact norm-table filter,0.7463110294157695,0.25838778024143877,0.3161544790095542,0.7502247266710185,0.24977451995209282,0.24978519072068214,191.55,450.025,0.42566555801921657,12.814999999999998,15.815579646800566,2.260383374999364,38.155421292
isolet,19,90,query_adaptive_R25,25.0,0.14,3.3612990379333496,0.95,round(norm/delta),layer-wise cosine theorem,disabled: no norm-table or radial-layer candidate filter,"per-query, per-layer Eq. I_threshold with Binomial(K, theta/pi)",distance-table hash-bucket lookup with per-layer thresholds; union over L tables without intersecting sphere-layer masks or exact norm-table filter,0.7358721702434161,0.1338888888888889,0.19193854781535494,0.5234083634361352,0.4765914316423042,0.4765941668793386,81.025,450.025,0.18005555555555555,10.530000000000001,15.815579646800566,2.3390540999995935,38.155421292
isolet,19,100,query_adaptive_R25,25.0,0.14,3.3612990379333496,0.95,round(norm/delta),layer-wise cosine theorem,disabled: no norm-table or radial-layer candidate filter,"per-query, per-layer Eq. I_threshold with Binomial(K, theta/pi)",distance-table hash-bucket lookup with per-layer thresholds; union over L tables without intersecting sphere-layer masks or exact norm-table filter,0.46512525216914435,0.027444444444444445,0.047808504365881445,0.21050158572359207,0.789498402765387,0.7894989495230256,13.3,450.025,0.02955555555555555,5.815,15.815579646800566,2.3487478999998146,38.155421292
isolet,20,10,query_adaptive_R25,25.0,0.14,3.3612990379333496,0.95,round(norm/delta),layer-wise cosine theorem,disabled: no norm-table or radial-layer candidate filter,"per-query, per-layer Eq. I_threshold with Binomial(K, theta/pi)",distance-table hash-bucket lookup with per-layer thresholds; union over L tables without intersecting sphere-layer masks or exact norm-table filter,0.504472233512681,0.3149947031288495,0.3581683547068564,0.7231102894959952,0.2768877734174133,0.27689372631295994,286.7,450.025,0.6370953436807095,0.0,15.815579646800566,1.0841845000006956,38.155421292
isolet,20,20,query_adaptive_R25,25.0,0.14,3.3612990379333496,0.95,round(norm/delta),layer-wise cosine theorem,disabled: no norm-table or radial-layer candidate filter,"per-query, per-layer Eq. I_threshold with Binomial(K, theta/pi)",distance-table hash-bucket lookup with per-layer thresholds; union over L tables without intersecting sphere-layer masks or exact norm-table filter,0.5580923758787403,0.3810475486573048,0.4051658382258479,0.7877097956370207,0.2122884094146717,0.21230139630346315,343.75,450.025,0.7638791574279379,2.0450000000000004,15.815579646800566,1.5091156250003124,38.155421292
isolet,20,30,query_adaptive_R25,25.0,0.14,3.3612990379333496,0.95,round(norm/delta),layer-wise cosine theorem,disabled: no norm-table or radial-layer candidate filter,"per-query, per-layer Eq. I_threshold with Binomial(K, theta/pi)",distance-table hash-bucket lookup with per-layer thresholds; union over L tables without intersecting sphere-layer masks or exact norm-table filter,0.4976616189994491,0.5520869672333086,0.5000226986085007,0.928112828830416,0.07188354384318048,0.07189765654290001,533.675,450.025,1.1859109386548412,6.01,15.815579646800566,1.7807385499992279,38.155421292
isolet,20,40,query_adaptive_R25,25.0,0.14,3.3612990379333496,0.95,round(norm/delta),layer-wise cosine theorem,disabled: no norm-table or radial-layer candidate filter,"per-query, per-layer Eq. I_threshold with Binomial(K, theta/pi)",distance-table hash-bucket lookup with per-layer thresholds; union over L tables without intersecting sphere-layer masks or exact norm-table filter,0.4185317959122056,0.7162855383099286,0.5254117670052944,0.9770875715177182,0.022904479426316675,0.022921367804630215,783.15,450.025,1.7402487065779748,11.09,15.815579646800566,1.9265947999995703,38.155421292
isolet,20,50,query_adaptive_R25,25.0,0.14,3.3612990379333496,0.95,round(norm/delta),layer-wise cosine theorem,disabled: no norm-table or radial-layer candidate filter,"per-query, per-layer Eq. I_threshold with Binomial(K, theta/pi)",distance-table hash-bucket lookup with per-layer thresholds; union over L tables without intersecting sphere-layer masks or exact norm-table filter,0.33673829271434874,0.8812223454052723,0.48483376675373585,0.9962033668970978,0.003797767620222052,0.0037994421721421396,1200.95,450.025,2.668608770633161,19.189999999999998,15.815579646800566,2.1458250500000275,38.155421292
isolet,20,60,query_adaptive_R25,25.0,0.14,3.3612990379333496,0.95,round(norm/delta),layer-wise cosine theorem,disabled: no norm-table or radial-layer candidate filter,"per-query, per-layer Eq. I_threshold with Binomial(K, theta/pi)",distance-table hash-bucket lookup with per-layer thresholds; union over L tables without intersecting sphere-layer masks or exact norm-table filter,0.4679898028007131,0.6689587336782459,0.5400127899289391,0.9656485895450484,0.03434546316298826,0.03436185954713496,676.35,450.025,1.5029427198817442,17.055,15.815579646800566,3.206110350000557,38.155421292
isolet,20,70,query_adaptive_R25,25.0,0.14,3.3612990379333496,0.95,round(norm/delta),layer-wise cosine theorem,disabled: no norm-table or radial-layer candidate filter,"per-query, per-layer Eq. I_threshold with Binomial(K, theta/pi)",distance-table hash-bucket lookup with per-layer thresholds; union over L tables without intersecting sphere-layer masks or exact norm-table filter,0.5997071660609521,0.4496508992362651,0.4617061754520657,0.8982580390610838,0.10173920507577176,0.10175246241504876,398.575,450.025,0.8857052229613205,15.305000000000001,15.815579646800566,2.2590448000004315,38.155421292
isolet,20,80,query_adaptive_R25,25.0,0.14,3.3612990379333496,0.95,round(norm/delta),layer-wise cosine theorem,disabled: no norm-table or radial-layer candidate filter,"per-query, per-layer Eq. I_threshold with Binomial(K, theta/pi)",distance-table hash-bucket lookup with per-layer thresholds; union over L tables without intersecting sphere-layer masks or exact norm-table filter,0.7491099948730738,0.2595544469081054,0.31756258449718705,0.751643327316845,0.24835588859400842,0.24836656855532438,192.75,450.025,0.4283322246858832,12.790000000000001,15.815579646800566,2.29221249999938,38.155421292
isolet,20,90,query_adaptive_R25,25.0,0.14,3.3612990379333496,0.95,round(norm/delta),layer-wise cosine theorem,disabled: no norm-table or radial-layer candidate filter,"per-query, per-layer Eq. I_threshold with Binomial(K, theta/pi)",distance-table hash-bucket lookup with per-layer thresholds; union over L tables without intersecting sphere-layer masks or exact norm-table filter,0.7356967097992467,0.1347777777777778,0.19286801362690073,0.5204939772970784,0.47950581789892077,0.4795085898450949,81.5,450.025,0.18111111111111114,10.47,15.815579646800566,2.345826100000359,38.155421292
isolet,20,100,query_adaptive_R25,25.0,0.14,3.3612990379333496,0.95,round(norm/delta),layer-wise cosine theorem,disabled: no norm-table or radial-layer candidate filter,"per-query, per-layer Eq. I_threshold with Binomial(K, theta/pi)",distance-table hash-bucket lookup with per-layer thresholds; union over L tables without intersecting sphere-layer masks or exact norm-table filter,0.49190085129768457,0.025166666666666664,0.044090821888886925,0.19415192793121444,0.8058480659936199,0.8058484670252952,11.975,450.025,0.026611111111111113,5.755,15.815579646800566,2.366984374999781,38.155421292
