dataset,L,K,radius_mode,radius_percentile,bandwidth_factor,delta,angle_alpha,sphere_layer_rule,theta_rule,norm_filter_rule,hamming_threshold_rule,lookup_rule,point_precision,point_recall,point_f1,kernel_weighted_recall,kde_abs_relative_error_vs_exact_r25,kde_abs_relative_error_vs_global,candidate_size,exact_r25_candidate_size,candidate_expansion_ratio,mean_hamming_threshold,mean_theta_deg,query_time_ms,build_time_s
cifar10_gist512,2,10,query_adaptive_R25,25.0,0.14,1.6133838891983032,0.95,round(norm/delta),layer-wise cosine theorem,disabled: no norm-table or radial-layer candidate filter,"per-query, per-layer Eq. I_threshold with Binomial(K, theta/pi)",distance-table hash-bucket lookup with per-layer thresholds; union over L tables without intersecting sphere-layer masks or exact norm-table filter,0.4245636488274994,0.21211111111111114,0.27717254688753157,0.436991098738073,0.5626828463223686,0.5635612668258287,218.8,450.0,0.4862222222222222,1.687202380952381,17.84474377865812,1.5645240250009351,34.572199375
cifar10_gist512,2,20,query_adaptive_R25,25.0,0.14,1.6133838891983032,0.95,round(norm/delta),layer-wise cosine theorem,disabled: no norm-table or radial-layer candidate filter,"per-query, per-layer Eq. I_threshold with Binomial(K, theta/pi)",distance-table hash-bucket lookup with per-layer thresholds; union over L tables without intersecting sphere-layer masks or exact norm-table filter,0.5219816230673413,0.16,0.224728101123615,0.3815490100543602,0.6182798320073661,0.6189572585844255,124.725,450.0,0.2771666666666667,4.271577380952381,17.84474377865812,2.403786424996923,34.572199375
cifar10_gist512,2,30,query_adaptive_R25,25.0,0.14,1.6133838891983032,0.95,round(norm/delta),layer-wise cosine theorem,disabled: no norm-table or radial-layer candidate filter,"per-query, per-layer Eq. I_threshold with Binomial(K, theta/pi)",distance-table hash-bucket lookup with per-layer thresholds; union over L tables without intersecting sphere-layer masks or exact norm-table filter,0.5366909329704542,0.21555555555555558,0.2765491670943838,0.47300174359130037,0.5267680386769882,0.5277209035105054,167.75,450.0,0.37277777777777776,8.096130952380951,17.84474377865812,2.634835375001643,34.572199375
cifar10_gist512,2,40,query_adaptive_R25,25.0,0.14,1.6133838891983032,0.95,round(norm/delta),layer-wise cosine theorem,disabled: no norm-table or radial-layer candidate filter,"per-query, per-layer Eq. I_threshold with Binomial(K, theta/pi)",distance-table hash-bucket lookup with per-layer thresholds; union over L tables without intersecting sphere-layer masks or exact norm-table filter,0.5340433117734606,0.3388888888888889,0.3946532868476118,0.6638913772942506,0.3357191279494751,0.3371729155050505,277.325,450.0,0.6162777777777778,13.308333333333334,17.84474377865812,3.076915650002121,34.572199375
cifar10_gist512,2,50,query_adaptive_R25,25.0,0.14,1.6133838891983032,0.95,round(norm/delta),layer-wise cosine theorem,disabled: no norm-table or radial-layer candidate filter,"per-query, per-layer Eq. I_threshold with Binomial(K, theta/pi)",distance-table hash-bucket lookup with per-layer thresholds; union over L tables without intersecting sphere-layer masks or exact norm-table filter,0.4301968155818921,0.6627777777777777,0.5164278048115303,0.8983653272385184,0.10055438255397117,0.102713097922474,696.7,450.0,1.5482222222222222,20.47425595238095,17.84474377865812,3.1176082250013337,34.572199375
cifar10_gist512,2,60,query_adaptive_R25,25.0,0.14,1.6133838891983032,0.95,round(norm/delta),layer-wise cosine theorem,disabled: no norm-table or radial-layer candidate filter,"per-query, per-layer Eq. I_threshold with Binomial(K, theta/pi)",distance-table hash-bucket lookup with per-layer thresholds; union over L tables without intersecting sphere-layer masks or exact norm-table filter,0.6117732631193861,0.24372222222222223,0.31266410474299977,0.6010641082340757,0.39871453118350536,0.399958432610496,174.425,450.0,0.38761111111111113,19.495982142857144,17.84474377865812,3.2447645750011134,34.572199375
cifar10_gist512,2,70,query_adaptive_R25,25.0,0.14,1.6133838891983032,0.95,round(norm/delta),layer-wise cosine theorem,disabled: no norm-table or radial-layer candidate filter,"per-query, per-layer Eq. I_threshold with Binomial(K, theta/pi)",distance-table hash-bucket lookup with per-layer thresholds; union over L tables without intersecting sphere-layer masks or exact norm-table filter,0.6942537511897113,0.09227777777777776,0.12894155258564893,0.31149383491635463,0.6884699665803979,0.6887831019455073,52.025,450.0,0.11561111111111111,18.725,17.84474377865812,3.3930625249979585,34.572199375
cifar10_gist512,2,80,query_adaptive_R25,25.0,0.14,1.6133838891983032,0.95,round(norm/delta),layer-wise cosine theorem,disabled: no norm-table or radial-layer candidate filter,"per-query, per-layer Eq. I_threshold with Binomial(K, theta/pi)",distance-table hash-bucket lookup with per-layer thresholds; union over L tables without intersecting sphere-layer masks or exact norm-table filter,0.5147642280217715,0.04044444444444444,0.05573596436910457,0.1665906800383077,0.8334080447270977,0.833490460097633,19.725,450.0,0.04383333333333333,17.19047619047619,17.84474377865812,4.311296824998578,34.572199375
cifar10_gist512,2,90,query_adaptive_R25,25.0,0.14,1.6133838891983032,0.95,round(norm/delta),layer-wise cosine theorem,disabled: no norm-table or radial-layer candidate filter,"per-query, per-layer Eq. I_threshold with Binomial(K, theta/pi)",distance-table hash-bucket lookup with per-layer thresholds; union over L tables without intersecting sphere-layer masks or exact norm-table filter,0.21806644270250092,0.022333333333333334,0.03206817636031496,0.07806513495538112,0.921934856982233,0.921961134884804,10.225,450.0,0.022722222222222224,15.551636904761903,17.84474377865812,3.671532249998677,34.572199375
cifar10_gist512,2,100,query_adaptive_R25,25.0,0.14,1.6133838891983032,0.95,round(norm/delta),layer-wise cosine theorem,disabled: no norm-table or radial-layer candidate filter,"per-query, per-layer Eq. I_threshold with Binomial(K, theta/pi)",distance-table hash-bucket lookup with per-layer thresholds; union over L tables without intersecting sphere-layer masks or exact norm-table filter,0.075,0.012388888888888889,0.01963044748837777,0.059011960857183486,0.9409880364099159,0.9410089945767088,5.575,450.0,0.012388888888888889,12.002083333333335,17.84474377865812,3.9533593000001583,34.572199375
cifar10_gist512,3,10,query_adaptive_R25,25.0,0.14,1.6133838891983032,0.95,round(norm/delta),layer-wise cosine theorem,disabled: no norm-table or radial-layer candidate filter,"per-query, per-layer Eq. I_threshold with Binomial(K, theta/pi)",distance-table hash-bucket lookup with per-layer thresholds; union over L tables without intersecting sphere-layer masks or exact norm-table filter,0.4590438800553076,0.1388888888888889,0.18973240292116048,0.2769653784690269,0.7228479848250209,0.7233086747971281,125.575,450.0,0.27905555555555556,1.0544642857142859,17.84474377865812,1.187425999999192,34.572199375
cifar10_gist512,3,20,query_adaptive_R25,25.0,0.14,1.6133838891983032,0.95,round(norm/delta),layer-wise cosine theorem,disabled: no norm-table or radial-layer candidate filter,"per-query, per-layer Eq. I_threshold with Binomial(K, theta/pi)",distance-table hash-bucket lookup with per-layer thresholds; union over L tables without intersecting sphere-layer masks or exact norm-table filter,0.554783898935602,0.12733333333333335,0.18302683192458996,0.3123905459090818,0.6875120321889889,0.6880465157917535,90.8,450.0,0.20177777777777778,3.726041666666667,17.84474377865812,1.6454124499993839,34.572199375
cifar10_gist512,3,30,query_adaptive_R25,25.0,0.14,1.6133838891983032,0.95,round(norm/delta),layer-wise cosine theorem,disabled: no norm-table or radial-layer candidate filter,"per-query, per-layer Eq. I_threshold with Binomial(K, theta/pi)",distance-table hash-bucket lookup with per-layer thresholds; union over L tables without intersecting sphere-layer masks or exact norm-table filter,0.5618400189056012,0.19844444444444445,0.2569821359096827,0.4313120349334005,0.5684998839985109,0.5693327430637389,147.025,450.0,0.32672222222222225,7.582142857142857,17.84474377865812,1.7528894999990996,34.572199375
cifar10_gist512,3,40,query_adaptive_R25,25.0,0.14,1.6133838891983032,0.95,round(norm/delta),layer-wise cosine theorem,disabled: no norm-table or radial-layer candidate filter,"per-query, per-layer Eq. I_threshold with Binomial(K, theta/pi)",distance-table hash-bucket lookup with per-layer thresholds; union over L tables without intersecting sphere-layer masks or exact norm-table filter,0.5457373241478768,0.3356111111111111,0.3890804720242915,0.6649746801843494,0.3346449689981349,0.3360328496513913,271.025,450.0,0.6022777777777778,12.782440476190477,17.84474377865812,2.07247504999728,34.572199375
cifar10_gist512,3,50,query_adaptive_R25,25.0,0.14,1.6133838891983032,0.95,round(norm/delta),layer-wise cosine theorem,disabled: no norm-table or radial-layer candidate filter,"per-query, per-layer Eq. I_threshold with Binomial(K, theta/pi)",distance-table hash-bucket lookup with per-layer thresholds; union over L tables without intersecting sphere-layer masks or exact norm-table filter,0.4081665167125551,0.7302222222222222,0.5201771530585055,0.9381432578549921,0.060593409383440155,0.06286515880343774,810.075,450.0,1.8001666666666665,20.47425595238095,17.84474377865812,2.0407396000003075,34.572199375
cifar10_gist512,3,60,query_adaptive_R25,25.0,0.14,1.6133838891983032,0.95,round(norm/delta),layer-wise cosine theorem,disabled: no norm-table or radial-layer candidate filter,"per-query, per-layer Eq. I_threshold with Binomial(K, theta/pi)",distance-table hash-bucket lookup with per-layer thresholds; union over L tables without intersecting sphere-layer masks or exact norm-table filter,0.6236733464507724,0.24677777777777782,0.31642769569246126,0.5932310095143698,0.4065467650777954,0.40768056706042816,173.8,450.0,0.3862222222222222,18.98735119047619,17.84474377865812,2.0502676500022687,34.572199375
cifar10_gist512,3,70,query_adaptive_R25,25.0,0.14,1.6133838891983032,0.95,round(norm/delta),layer-wise cosine theorem,disabled: no norm-table or radial-layer candidate filter,"per-query, per-layer Eq. I_threshold with Binomial(K, theta/pi)",distance-table hash-bucket lookup with per-layer thresholds; union over L tables without intersecting sphere-layer masks or exact norm-table filter,0.7381490654624078,0.08822222222222222,0.12356646428724485,0.29523995810282744,0.7047337659107002,0.7050307379548248,48.625,450.0,0.10805555555555557,17.964434523809523,17.84474377865812,2.108835475001314,34.572199375
cifar10_gist512,3,80,query_adaptive_R25,25.0,0.14,1.6133838891983032,0.95,round(norm/delta),layer-wise cosine theorem,disabled: no norm-table or radial-layer candidate filter,"per-query, per-layer Eq. I_threshold with Binomial(K, theta/pi)",distance-table hash-bucket lookup with per-layer thresholds; union over L tables without intersecting sphere-layer masks or exact norm-table filter,0.3687307194500144,0.036444444444444446,0.05171213104436578,0.14719461819552299,0.8528049144567038,0.8528778687795506,17.175,450.0,0.03816666666666667,16.27485119047619,17.84474377865812,2.6194792250002763,34.572199375
cifar10_gist512,3,90,query_adaptive_R25,25.0,0.14,1.6133838891983032,0.95,round(norm/delta),layer-wise cosine theorem,disabled: no norm-table or radial-layer candidate filter,"per-query, per-layer Eq. I_threshold with Binomial(K, theta/pi)",distance-table hash-bucket lookup with per-layer thresholds; union over L tables without intersecting sphere-layer masks or exact norm-table filter,0.17020188053097346,0.020277777777777777,0.02949304420370588,0.0782785714048215,0.9217214242184021,0.9217485431531592,9.225,450.0,0.0205,14.460714285714285,17.84474377865812,2.2516624749961522,34.572199375
cifar10_gist512,3,100,query_adaptive_R25,25.0,0.14,1.6133838891983032,0.95,round(norm/delta),layer-wise cosine theorem,disabled: no norm-table or radial-layer candidate filter,"per-query, per-layer Eq. I_threshold with Binomial(K, theta/pi)",distance-table hash-bucket lookup with per-layer thresholds; union over L tables without intersecting sphere-layer masks or exact norm-table filter,0.05,0.010833333333333334,0.017480557062745837,0.04961695219985013,0.9503830516770811,0.9503830570596279,4.875,450.0,0.010833333333333334,10.795535714285714,17.84474377865812,2.392133275000674,34.572199375
cifar10_gist512,4,10,query_adaptive_R25,25.0,0.14,1.6133838891983032,0.95,round(norm/delta),layer-wise cosine theorem,disabled: no norm-table or radial-layer candidate filter,"per-query, per-layer Eq. I_threshold with Binomial(K, theta/pi)",distance-table hash-bucket lookup with per-layer thresholds; union over L tables without intersecting sphere-layer masks or exact norm-table filter,0.47230124008200913,0.11955555555555555,0.17927347192694815,0.26325366848644094,0.7366145954946257,0.7370524321724437,105.15,450.0,0.2336666666666667,0.8864583333333332,17.84474377865812,1.2188363749991993,34.572199375
cifar10_gist512,4,20,query_adaptive_R25,25.0,0.14,1.6133838891983032,0.95,round(norm/delta),layer-wise cosine theorem,disabled: no norm-table or radial-layer candidate filter,"per-query, per-layer Eq. I_threshold with Binomial(K, theta/pi)",distance-table hash-bucket lookup with per-layer thresholds; union over L tables without intersecting sphere-layer masks or exact norm-table filter,0.5584372867064605,0.12466666666666666,0.1841560773080899,0.31341648020550517,0.6864697872043853,0.6870803414632868,89.375,450.0,0.19861111111111113,3.459077380952381,17.84474377865812,1.658768850001735,34.572199375
cifar10_gist512,4,30,query_adaptive_R25,25.0,0.14,1.6133838891983032,0.95,round(norm/delta),layer-wise cosine theorem,disabled: no norm-table or radial-layer candidate filter,"per-query, per-layer Eq. I_threshold with Binomial(K, theta/pi)",distance-table hash-bucket lookup with per-layer thresholds; union over L tables without intersecting sphere-layer masks or exact norm-table filter,0.570956149355476,0.20083333333333334,0.2620992577597919,0.4352092709300727,0.5645948608518359,0.5654375084747967,147.5,450.0,0.3277777777777778,7.282440476190476,17.84474377865812,1.936510324999574,34.572199375
cifar10_gist512,4,40,query_adaptive_R25,25.0,0.14,1.6133838891983032,0.95,round(norm/delta),layer-wise cosine theorem,disabled: no norm-table or radial-layer candidate filter,"per-query, per-layer Eq. I_threshold with Binomial(K, theta/pi)",distance-table hash-bucket lookup with per-layer thresholds; union over L tables without intersecting sphere-layer masks or exact norm-table filter,0.550915811147499,0.3422222222222222,0.3992508167636067,0.6919590162939789,0.3076412156406835,0.30917354124699803,272.45,450.0,0.6054444444444445,12.538392857142856,17.84474377865812,1.9764406749999353,34.572199375
cifar10_gist512,4,50,query_adaptive_R25,25.0,0.14,1.6133838891983032,0.95,round(norm/delta),layer-wise cosine theorem,disabled: no norm-table or radial-layer candidate filter,"per-query, per-layer Eq. I_threshold with Binomial(K, theta/pi)",distance-table hash-bucket lookup with per-layer thresholds; union over L tables without intersecting sphere-layer masks or exact norm-table filter,0.39656183729049693,0.7737777777777779,0.5218104529536584,0.9498754344298586,0.0487642165938421,0.05105758358091087,884.625,450.0,1.965833333333333,20.47425595238095,17.84474377865812,2.10270512499946,34.572199375
cifar10_gist512,4,60,query_adaptive_R25,25.0,0.14,1.6133838891983032,0.95,round(norm/delta),layer-wise cosine theorem,disabled: no norm-table or radial-layer candidate filter,"per-query, per-layer Eq. I_threshold with Binomial(K, theta/pi)",distance-table hash-bucket lookup with per-layer thresholds; union over L tables without intersecting sphere-layer masks or exact norm-table filter,0.6391225072401964,0.246,0.3157557452929171,0.574571511946186,0.42522816519544104,0.4263258771003457,171.125,450.0,0.3802777777777778,18.66264880952381,17.84474377865812,2.093045750002176,34.572199375
cifar10_gist512,4,70,query_adaptive_R25,25.0,0.14,1.6133838891983032,0.95,round(norm/delta),layer-wise cosine theorem,disabled: no norm-table or radial-layer candidate filter,"per-query, per-layer Eq. I_threshold with Binomial(K, theta/pi)",distance-table hash-bucket lookup with per-layer thresholds; union over L tables without intersecting sphere-layer masks or exact norm-table filter,0.7342144434323113,0.09077777777777776,0.1276933015330524,0.3074175921622685,0.6925550699197054,0.6928764621316492,49.625,450.0,0.11027777777777777,17.594345238095237,17.84474377865812,2.547934350000247,34.572199375
cifar10_gist512,4,80,query_adaptive_R25,25.0,0.14,1.6133838891983032,0.95,round(norm/delta),layer-wise cosine theorem,disabled: no norm-table or radial-layer candidate filter,"per-query, per-layer Eq. I_threshold with Binomial(K, theta/pi)",distance-table hash-bucket lookup with per-layer thresholds; union over L tables without intersecting sphere-layer masks or exact norm-table filter,0.3918733327034733,0.03716666666666666,0.05173975971159174,0.14747236174575973,0.8525266268788936,0.8525949915355764,17.65,450.0,0.03922222222222222,15.771279761904761,17.84474377865812,2.360839550001259,34.572199375
cifar10_gist512,4,90,query_adaptive_R25,25.0,0.14,1.6133838891983032,0.95,round(norm/delta),layer-wise cosine theorem,disabled: no norm-table or radial-layer candidate filter,"per-query, per-layer Eq. I_threshold with Binomial(K, theta/pi)",distance-table hash-bucket lookup with per-layer thresholds; union over L tables without intersecting sphere-layer masks or exact norm-table filter,0.16666666666666666,0.019888888888888887,0.028770546395310893,0.08181730715042894,0.9181826860730714,0.9182097124721068,9.0,450.0,0.019999999999999997,13.808928571428572,17.84474377865812,2.270232224999802,34.572199375
cifar10_gist512,4,100,query_adaptive_R25,25.0,0.14,1.6133838891983032,0.95,round(norm/delta),layer-wise cosine theorem,disabled: no norm-table or radial-layer candidate filter,"per-query, per-layer Eq. I_threshold with Binomial(K, theta/pi)",distance-table hash-bucket lookup with per-layer thresholds; union over L tables without intersecting sphere-layer masks or exact norm-table filter,0.05,0.010055555555555557,0.016422695503357468,0.045476211616351694,0.9545237870171981,0.9545237914944881,4.525,450.0,0.010055555555555557,9.99077380952381,17.84474377865812,2.4749843999991583,34.572199375
cifar10_gist512,5,10,query_adaptive_R25,25.0,0.14,1.6133838891983032,0.95,round(norm/delta),layer-wise cosine theorem,disabled: no norm-table or radial-layer candidate filter,"per-query, per-layer Eq. I_threshold with Binomial(K, theta/pi)",distance-table hash-bucket lookup with per-layer thresholds; union over L tables without intersecting sphere-layer masks or exact norm-table filter,0.4745498539368492,0.1296111111111111,0.19594475493825433,0.2849443762214096,0.7148901431656343,0.7153887051520826,116.25,450.0,0.2583333333333333,0.8282738095238095,17.84474377865812,1.2370207749988538,34.572199375
cifar10_gist512,5,20,query_adaptive_R25,25.0,0.14,1.6133838891983032,0.95,round(norm/delta),layer-wise cosine theorem,disabled: no norm-table or radial-layer candidate filter,"per-query, per-layer Eq. I_threshold with Binomial(K, theta/pi)",distance-table hash-bucket lookup with per-layer thresholds; union over L tables without intersecting sphere-layer masks or exact norm-table filter,0.5853712828028405,0.11894444444444444,0.17999052765149046,0.31929371227104564,0.6805866645115308,0.6812211245370583,83.35,450.0,0.18522222222222223,3.2008928571428568,17.84474377865812,1.6727198000005217,34.572199375
cifar10_gist512,5,30,query_adaptive_R25,25.0,0.14,1.6133838891983032,0.95,round(norm/delta),layer-wise cosine theorem,disabled: no norm-table or radial-layer candidate filter,"per-query, per-layer Eq. I_threshold with Binomial(K, theta/pi)",distance-table hash-bucket lookup with per-layer thresholds; union over L tables without intersecting sphere-layer masks or exact norm-table filter,0.5844128579361503,0.19083333333333335,0.25283572347735017,0.4508733039703648,0.548953560700966,0.549771911476021,135.475,450.0,0.3010555555555555,7.041815476190476,17.84474377865812,1.955398949996123,34.572199375
cifar10_gist512,5,40,query_adaptive_R25,25.0,0.14,1.6133838891983032,0.95,round(norm/delta),layer-wise cosine theorem,disabled: no norm-table or radial-layer candidate filter,"per-query, per-layer Eq. I_threshold with Binomial(K, theta/pi)",distance-table hash-bucket lookup with per-layer thresholds; union over L tables without intersecting sphere-layer masks or exact norm-table filter,0.5477620918186542,0.3622777777777778,0.4125966961762929,0.7105427577647726,0.2890171545683893,0.29063447522889707,292.6,450.0,0.6502222222222223,12.376488095238095,17.84474377865812,1.9655302250022544,34.572199375
cifar10_gist512,5,50,query_adaptive_R25,25.0,0.14,1.6133838891983032,0.95,round(norm/delta),layer-wise cosine theorem,disabled: no norm-table or radial-layer candidate filter,"per-query, per-layer Eq. I_threshold with Binomial(K, theta/pi)",distance-table hash-bucket lookup with per-layer thresholds; union over L tables without intersecting sphere-layer masks or exact norm-table filter,0.38828648069611726,0.8089999999999999,0.5227200922784169,0.9673945849868876,0.031228459068657156,0.03347522370155779,945.4,450.0,2.1008888888888886,20.47425595238095,17.84474377865812,2.1456771499984484,34.572199375
cifar10_gist512,5,60,query_adaptive_R25,25.0,0.14,1.6133838891983032,0.95,round(norm/delta),layer-wise cosine theorem,disabled: no norm-table or radial-layer candidate filter,"per-query, per-layer Eq. I_threshold with Binomial(K, theta/pi)",distance-table hash-bucket lookup with per-layer thresholds; union over L tables without intersecting sphere-layer masks or exact norm-table filter,0.6420952088694787,0.24566666666666664,0.3162231823237547,0.5927581782288623,0.4070350271934692,0.40818077799900465,169.1,450.0,0.3757777777777778,18.44449404761905,17.84474377865812,2.1034103749997257,34.572199375
cifar10_gist512,5,70,query_adaptive_R25,25.0,0.14,1.6133838891983032,0.95,round(norm/delta),layer-wise cosine theorem,disabled: no norm-table or radial-layer candidate filter,"per-query, per-layer Eq. I_threshold with Binomial(K, theta/pi)",distance-table hash-bucket lookup with per-layer thresholds; union over L tables without intersecting sphere-layer masks or exact norm-table filter,0.7670574720550449,0.08933333333333333,0.12538165021227987,0.3095861495370121,0.6903876898968413,0.6907371304650761,48.825,450.0,0.1085,17.327232142857145,17.84474377865812,2.391867724998775,34.572199375
cifar10_gist512,5,80,query_adaptive_R25,25.0,0.14,1.6133838891983032,0.95,round(norm/delta),layer-wise cosine theorem,disabled: no norm-table or radial-layer candidate filter,"per-query, per-layer Eq. I_threshold with Binomial(K, theta/pi)",distance-table hash-bucket lookup with per-layer thresholds; union over L tables without intersecting sphere-layer masks or exact norm-table filter,0.4425515210897162,0.035833333333333335,0.05144846036340815,0.1765495362487511,0.823449453233259,0.8235207383827351,16.85,450.0,0.03744444444444444,15.454910714285713,17.84474377865812,2.2162594499974375,34.572199375
cifar10_gist512,5,90,query_adaptive_R25,25.0,0.14,1.6133838891983032,0.95,round(norm/delta),layer-wise cosine theorem,disabled: no norm-table or radial-layer candidate filter,"per-query, per-layer Eq. I_threshold with Binomial(K, theta/pi)",distance-table hash-bucket lookup with per-layer thresholds; union over L tables without intersecting sphere-layer masks or exact norm-table filter,0.15,0.018166666666666668,0.02679378511685467,0.0951388375637439,0.9048611616418214,0.9048861969886282,8.175,450.0,0.018166666666666668,13.414285714285715,17.84474377865812,2.279171874999264,34.572199375
cifar10_gist512,5,100,query_adaptive_R25,25.0,0.14,1.6133838891983032,0.95,round(norm/delta),layer-wise cosine theorem,disabled: no norm-table or radial-layer candidate filter,"per-query, per-layer Eq. I_threshold with Binomial(K, theta/pi)",distance-table hash-bucket lookup with per-layer thresholds; union over L tables without intersecting sphere-layer masks or exact norm-table filter,0.05,0.009555555555555557,0.015815044396033116,0.045491416037250806,0.954508584757184,0.9545085892380445,4.3,450.0,0.009555555555555557,9.430505952380951,17.84474377865812,2.4098083749983346,34.572199375
cifar10_gist512,6,10,query_adaptive_R25,25.0,0.14,1.6133838891983032,0.95,round(norm/delta),layer-wise cosine theorem,disabled: no norm-table or radial-layer candidate filter,"per-query, per-layer Eq. I_threshold with Binomial(K, theta/pi)",distance-table hash-bucket lookup with per-layer thresholds; union over L tables without intersecting sphere-layer masks or exact norm-table filter,0.46817685926863034,0.14316666666666666,0.21229725954585388,0.30356013567914897,0.6962497447069387,0.6968293279269762,131.65,450.0,0.29255555555555557,0.7522321428571429,17.84474377865812,1.290633324997259,34.572199375
cifar10_gist512,6,20,query_adaptive_R25,25.0,0.14,1.6133838891983032,0.95,round(norm/delta),layer-wise cosine theorem,disabled: no norm-table or radial-layer candidate filter,"per-query, per-layer Eq. I_threshold with Binomial(K, theta/pi)",distance-table hash-bucket lookup with per-layer thresholds; union over L tables without intersecting sphere-layer masks or exact norm-table filter,0.6330068812069313,0.09677777777777778,0.14673885135174775,0.2626098930138096,0.7373095186796921,0.7377677229203217,62.125,450.0,0.13805555555555554,2.9873511904761907,17.84474377865812,1.746137525002922,34.572199375
cifar10_gist512,6,30,query_adaptive_R25,25.0,0.14,1.6133838891983032,0.95,round(norm/delta),layer-wise cosine theorem,disabled: no norm-table or radial-layer candidate filter,"per-query, per-layer Eq. I_threshold with Binomial(K, theta/pi)",distance-table hash-bucket lookup with per-layer thresholds; union over L tables without intersecting sphere-layer masks or exact norm-table filter,0.5873507286072066,0.1832777777777778,0.2426201281285655,0.41607209333353107,0.5837584097764994,0.5844997134283417,129.3,450.0,0.28733333333333333,6.922619047619048,17.84474377865812,1.9783988750013748,34.572199375
cifar10_gist512,6,40,query_adaptive_R25,25.0,0.14,1.6133838891983032,0.95,round(norm/delta),layer-wise cosine theorem,disabled: no norm-table or radial-layer candidate filter,"per-query, per-layer Eq. I_threshold with Binomial(K, theta/pi)",distance-table hash-bucket lookup with per-layer thresholds; union over L tables without intersecting sphere-layer masks or exact norm-table filter,0.5440210742711902,0.38011111111111107,0.4259945599558594,0.7322317235736137,0.26729290736934025,0.26898213476553645,310.075,450.0,0.6890555555555556,12.279166666666665,17.84474377865812,2.280939474997723,34.572199375
cifar10_gist512,6,50,query_adaptive_R25,25.0,0.14,1.6133838891983032,0.95,round(norm/delta),layer-wise cosine theorem,disabled: no norm-table or radial-layer candidate filter,"per-query, per-layer Eq. I_threshold with Binomial(K, theta/pi)",distance-table hash-bucket lookup with per-layer thresholds; union over L tables without intersecting sphere-layer masks or exact norm-table filter,0.37970922328069623,0.8308333333333333,0.5194874226454196,0.9744405143526539,0.024233179939697074,0.026382499100294516,993.025,450.0,2.2067222222222225,20.47425595238095,17.84474377865812,2.1789614999981666,34.572199375
cifar10_gist512,6,60,query_adaptive_R25,25.0,0.14,1.6133838891983032,0.95,round(norm/delta),layer-wise cosine theorem,disabled: no norm-table or radial-layer candidate filter,"per-query, per-layer Eq. I_threshold with Binomial(K, theta/pi)",distance-table hash-bucket lookup with per-layer thresholds; union over L tables without intersecting sphere-layer masks or exact norm-table filter,0.6445793650644445,0.2587222222222222,0.33176264937659894,0.6054949553880793,0.3942847843610751,0.3954901484618834,178.675,450.0,0.39705555555555555,18.36636904761905,17.84474377865812,2.1163406749984404,34.572199375
cifar10_gist512,6,70,query_adaptive_R25,25.0,0.14,1.6133838891983032,0.95,round(norm/delta),layer-wise cosine theorem,disabled: no norm-table or radial-layer candidate filter,"per-query, per-layer Eq. I_threshold with Binomial(K, theta/pi)",distance-table hash-bucket lookup with per-layer thresholds; union over L tables without intersecting sphere-layer masks or exact norm-table filter,0.7649754726390888,0.08527777777777777,0.11967276341490585,0.2871691661442884,0.7128067577993029,0.7131653643466892,46.45,450.0,0.10322222222222222,17.145089285714285,17.84474377865812,2.198091674998892,34.572199375
cifar10_gist512,6,80,query_adaptive_R25,25.0,0.14,1.6133838891983032,0.95,round(norm/delta),layer-wise cosine theorem,disabled: no norm-table or radial-layer candidate filter,"per-query, per-layer Eq. I_threshold with Binomial(K, theta/pi)",distance-table hash-bucket lookup with per-layer thresholds; union over L tables without intersecting sphere-layer masks or exact norm-table filter,0.4420505785937786,0.03716666666666667,0.05313029615425515,0.17599330166278615,0.8240056783517818,0.8240866653903947,17.5,450.0,0.03888888888888889,15.20654761904762,17.84474377865812,2.3644499000027963,34.572199375
cifar10_gist512,6,90,query_adaptive_R25,25.0,0.14,1.6133838891983032,0.95,round(norm/delta),layer-wise cosine theorem,disabled: no norm-table or radial-layer candidate filter,"per-query, per-layer Eq. I_threshold with Binomial(K, theta/pi)",distance-table hash-bucket lookup with per-layer thresholds; union over L tables without intersecting sphere-layer masks or exact norm-table filter,0.15,0.018555555555555554,0.02726595233905339,0.08067906197553143,0.9193209473672009,0.9193462454646237,8.35,450.0,0.018555555555555554,13.114434523809525,17.84474377865812,2.299238624999589,34.572199375
cifar10_gist512,6,100,query_adaptive_R25,25.0,0.14,1.6133838891983032,0.95,round(norm/delta),layer-wise cosine theorem,disabled: no norm-table or radial-layer candidate filter,"per-query, per-layer Eq. I_threshold with Binomial(K, theta/pi)",distance-table hash-bucket lookup with per-layer thresholds; union over L tables without intersecting sphere-layer masks or exact norm-table filter,0.05,0.009222222222222222,0.015247349823308906,0.04474869414102185,0.9552513072254284,0.9552513115438407,4.15,450.0,0.009222222222222222,9.075595238095238,17.84474377865812,2.4448938250031915,34.572199375
cifar10_gist512,7,10,query_adaptive_R25,25.0,0.14,1.6133838891983032,0.95,round(norm/delta),layer-wise cosine theorem,disabled: no norm-table or radial-layer candidate filter,"per-query, per-layer Eq. I_threshold with Binomial(K, theta/pi)",distance-table hash-bucket lookup with per-layer thresholds; union over L tables without intersecting sphere-layer masks or exact norm-table filter,0.4713760054675987,0.14866666666666667,0.22298692114289415,0.35584039569866466,0.6439504536404612,0.6445986749218517,138.325,450.0,0.3073888888888889,0.6376488095238095,17.84474377865812,1.3075406749969432,34.572199375
cifar10_gist512,7,20,query_adaptive_R25,25.0,0.14,1.6133838891983032,0.95,round(norm/delta),layer-wise cosine theorem,disabled: no norm-table or radial-layer candidate filter,"per-query, per-layer Eq. I_threshold with Binomial(K, theta/pi)",distance-table hash-bucket lookup with per-layer thresholds; union over L tables without intersecting sphere-layer masks or exact norm-table filter,0.6245719609065912,0.10255555555555555,0.15433160326557185,0.2639529294638129,0.7359640429525754,0.7364045012022836,66.65,450.0,0.1481111111111111,2.9311011904761903,17.84474377865812,1.734372924998695,34.572199375
cifar10_gist512,7,30,query_adaptive_R25,25.0,0.14,1.6133838891983032,0.95,round(norm/delta),layer-wise cosine theorem,disabled: no norm-table or radial-layer candidate filter,"per-query, per-layer Eq. I_threshold with Binomial(K, theta/pi)",distance-table hash-bucket lookup with per-layer thresholds; union over L tables without intersecting sphere-layer masks or exact norm-table filter,0.5814830946036642,0.1867777777777778,0.24692442612128876,0.421827530137074,0.577992047535614,0.5788461814564728,133.775,450.0,0.2972777777777778,6.866369047619048,17.84474377865812,3.036912425000793,34.572199375
cifar10_gist512,7,40,query_adaptive_R25,25.0,0.14,1.6133838891983032,0.95,round(norm/delta),layer-wise cosine theorem,disabled: no norm-table or radial-layer candidate filter,"per-query, per-layer Eq. I_threshold with Binomial(K, theta/pi)",distance-table hash-bucket lookup with per-layer thresholds; union over L tables without intersecting sphere-layer masks or exact norm-table filter,0.5413088566847944,0.3904444444444444,0.4328836522675908,0.7426211749480636,0.2569051475538327,0.25856246119591514,320.05,450.0,0.7112222222222223,12.226041666666665,17.84474377865812,2.110802175003812,34.572199375
cifar10_gist512,7,50,query_adaptive_R25,25.0,0.14,1.6133838891983032,0.95,round(norm/delta),layer-wise cosine theorem,disabled: no norm-table or radial-layer candidate filter,"per-query, per-layer Eq. I_threshold with Binomial(K, theta/pi)",distance-table hash-bucket lookup with per-layer thresholds; union over L tables without intersecting sphere-layer masks or exact norm-table filter,0.37180419441894064,0.8463888888888891,0.5151859478844354,0.9784448553538431,0.020246831259997117,0.022315286443089857,1032.375,450.0,2.2941666666666665,20.47425595238095,17.84474377865812,2.2162394750012027,34.572199375
cifar10_gist512,7,60,query_adaptive_R25,25.0,0.14,1.6133838891983032,0.95,round(norm/delta),layer-wise cosine theorem,disabled: no norm-table or radial-layer candidate filter,"per-query, per-layer Eq. I_threshold with Binomial(K, theta/pi)",distance-table hash-bucket lookup with per-layer thresholds; union over L tables without intersecting sphere-layer masks or exact norm-table filter,0.6371526097485337,0.2708333333333333,0.34397603036129504,0.6545002887108865,0.3452717255769645,0.3465520811152175,188.525,450.0,0.41894444444444445,18.279910714285712,17.84474377865812,2.1714749499984976,34.572199375
cifar10_gist512,7,70,query_adaptive_R25,25.0,0.14,1.6133838891983032,0.95,round(norm/delta),layer-wise cosine theorem,disabled: no norm-table or radial-layer candidate filter,"per-query, per-layer Eq. I_threshold with Binomial(K, theta/pi)",distance-table hash-bucket lookup with per-layer thresholds; union over L tables without intersecting sphere-layer masks or exact norm-table filter,0.7480018943587406,0.08944444444444445,0.1256172938517549,0.2926199902219275,0.707351442816815,0.7077373383570211,49.125,450.0,0.10916666666666668,17.05922619047619,17.84474377865812,2.2223780499970758,34.572199375
cifar10_gist512,7,80,query_adaptive_R25,25.0,0.14,1.6133838891983032,0.95,round(norm/delta),layer-wise cosine theorem,disabled: no norm-table or radial-layer candidate filter,"per-query, per-layer Eq. I_threshold with Binomial(K, theta/pi)",distance-table hash-bucket lookup with per-layer thresholds; union over L tables without intersecting sphere-layer masks or exact norm-table filter,0.36848116384918417,0.035666666666666666,0.05009918104281719,0.1547412151264238,0.8452583176125714,0.8453137344736401,16.75,450.0,0.037222222222222226,15.029464285714287,17.84474377865812,2.235923849998045,34.572199375
cifar10_gist512,7,90,query_adaptive_R25,25.0,0.14,1.6133838891983032,0.95,round(norm/delta),layer-wise cosine theorem,disabled: no norm-table or radial-layer candidate filter,"per-query, per-layer Eq. I_threshold with Binomial(K, theta/pi)",distance-table hash-bucket lookup with per-layer thresholds; union over L tables without intersecting sphere-layer masks or exact norm-table filter,0.15,0.016999999999999998,0.025551249310041206,0.0806484040432038,0.9193515986896967,0.9193768967804218,7.65,450.0,0.016999999999999998,12.848511904761903,17.84474377865812,2.3640115500015213,34.572199375
cifar10_gist512,7,100,query_adaptive_R25,25.0,0.14,1.6133838891983032,0.95,round(norm/delta),layer-wise cosine theorem,disabled: no norm-table or radial-layer candidate filter,"per-query, per-layer Eq. I_threshold with Binomial(K, theta/pi)",distance-table hash-bucket lookup with per-layer thresholds; union over L tables without intersecting sphere-layer masks or exact norm-table filter,0.05,0.008444444444444444,0.014239130434770575,0.044747984662591625,0.9552520147653929,0.9552520190838052,3.8,450.0,0.008444444444444444,8.668303571428572,17.84474377865812,2.406589574997753,34.572199375
cifar10_gist512,8,10,query_adaptive_R25,25.0,0.14,1.6133838891983032,0.95,round(norm/delta),layer-wise cosine theorem,disabled: no norm-table or radial-layer candidate filter,"per-query, per-layer Eq. I_threshold with Binomial(K, theta/pi)",distance-table hash-bucket lookup with per-layer thresholds; union over L tables without intersecting sphere-layer masks or exact norm-table filter,0.48392247361395313,0.1507222222222222,0.22201229454659827,0.3412910492311331,0.6584858016267652,0.6591445086846122,138.5,450.0,0.30777777777777776,0.47470238095238093,17.84474377865812,1.3516812249982024,34.572199375
cifar10_gist512,8,20,query_adaptive_R25,25.0,0.14,1.6133838891983032,0.95,round(norm/delta),layer-wise cosine theorem,disabled: no norm-table or radial-layer candidate filter,"per-query, per-layer Eq. I_threshold with Binomial(K, theta/pi)",distance-table hash-bucket lookup with per-layer thresholds; union over L tables without intersecting sphere-layer masks or exact norm-table filter,0.6064145460533288,0.10377777777777779,0.15483179574008732,0.2875496440399761,0.7123756064723559,0.7127552475702756,68.025,450.0,0.15116666666666667,2.865029761904762,17.84474377865812,1.820668700001704,34.572199375
cifar10_gist512,8,30,query_adaptive_R25,25.0,0.14,1.6133838891983032,0.95,round(norm/delta),layer-wise cosine theorem,disabled: no norm-table or radial-layer candidate filter,"per-query, per-layer Eq. I_threshold with Binomial(K, theta/pi)",distance-table hash-bucket lookup with per-layer thresholds; union over L tables without intersecting sphere-layer masks or exact norm-table filter,0.5735702426260831,0.19583333333333333,0.2567510492797697,0.4425025103432733,0.5572986618480058,0.5581791955180104,142.0,450.0,0.31555555555555553,6.799702380952381,17.84474377865812,2.063278124997936,34.572199375
cifar10_gist512,8,40,query_adaptive_R25,25.0,0.14,1.6133838891983032,0.95,round(norm/delta),layer-wise cosine theorem,disabled: no norm-table or radial-layer candidate filter,"per-query, per-layer Eq. I_threshold with Binomial(K, theta/pi)",distance-table hash-bucket lookup with per-layer thresholds; union over L tables without intersecting sphere-layer masks or exact norm-table filter,0.5429600964835385,0.3900555555555555,0.43024361318229065,0.7368276400732852,0.26267937165879707,0.26433921597865795,319.95,450.0,0.711,12.132291666666665,17.84474377865812,2.019396924998773,34.572199375
cifar10_gist512,8,50,query_adaptive_R25,25.0,0.14,1.6133838891983032,0.95,round(norm/delta),layer-wise cosine theorem,disabled: no norm-table or radial-layer candidate filter,"per-query, per-layer Eq. I_threshold with Binomial(K, theta/pi)",distance-table hash-bucket lookup with per-layer thresholds; union over L tables without intersecting sphere-layer masks or exact norm-table filter,0.3663311928888854,0.8606666666666666,0.5125788520106053,0.9827724796240368,0.01598980256801811,0.017947791878905373,1065.475,450.0,2.3677222222222225,20.47425595238095,17.84474377865812,2.2423124999988886,34.572199375
cifar10_gist512,8,60,query_adaptive_R25,25.0,0.14,1.6133838891983032,0.95,round(norm/delta),layer-wise cosine theorem,disabled: no norm-table or radial-layer candidate filter,"per-query, per-layer Eq. I_threshold with Binomial(K, theta/pi)",distance-table hash-bucket lookup with per-layer thresholds; union over L tables without intersecting sphere-layer masks or exact norm-table filter,0.630632621201551,0.28061111111111114,0.35223229972577397,0.6612692713500691,0.3384837527104278,0.33978652013174826,197.8,450.0,0.43955555555555553,18.24136904761905,17.84474377865812,2.2066479000002914,34.572199375
cifar10_gist512,8,70,query_adaptive_R25,25.0,0.14,1.6133838891983032,0.95,round(norm/delta),layer-wise cosine theorem,disabled: no norm-table or radial-layer candidate filter,"per-query, per-layer Eq. I_threshold with Binomial(K, theta/pi)",distance-table hash-bucket lookup with per-layer thresholds; union over L tables without intersecting sphere-layer masks or exact norm-table filter,0.72666495058399,0.09166666666666666,0.12839872580288578,0.30544666178941904,0.6945235588228584,0.6949359264895644,50.425,450.0,0.11205555555555557,17.001934523809524,17.84474377865812,2.275566675002949,34.572199375
cifar10_gist512,8,80,query_adaptive_R25,25.0,0.14,1.6133838891983032,0.95,round(norm/delta),layer-wise cosine theorem,disabled: no norm-table or radial-layer candidate filter,"per-query, per-layer Eq. I_threshold with Binomial(K, theta/pi)",distance-table hash-bucket lookup with per-layer thresholds; union over L tables without intersecting sphere-layer masks or exact norm-table filter,0.3438290233151446,0.03461111111111111,0.04916301774602728,0.15390343717040356,0.8460960989731525,0.8461535706292718,16.175,450.0,0.035944444444444446,14.886309523809524,17.84474377865812,2.2878771250013585,34.572199375
cifar10_gist512,8,90,query_adaptive_R25,25.0,0.14,1.6133838891983032,0.95,round(norm/delta),layer-wise cosine theorem,disabled: no norm-table or radial-layer candidate filter,"per-query, per-layer Eq. I_threshold with Binomial(K, theta/pi)",distance-table hash-bucket lookup with per-layer thresholds; union over L tables without intersecting sphere-layer masks or exact norm-table filter,0.15,0.017055555555555553,0.02547777122172127,0.08412499091223705,0.9158750110262286,0.9158960085348694,7.675,450.0,0.017055555555555553,12.640773809523811,17.84474377865812,2.4021167499988394,34.572199375
cifar10_gist512,8,100,query_adaptive_R25,25.0,0.14,1.6133838891983032,0.95,round(norm/delta),layer-wise cosine theorem,disabled: no norm-table or radial-layer candidate filter,"per-query, per-layer Eq. I_threshold with Binomial(K, theta/pi)",distance-table hash-bucket lookup with per-layer thresholds; union over L tables without intersecting sphere-layer masks or exact norm-table filter,0.05,0.008277777777777778,0.01387331961289721,0.04442689344932593,0.9555731084891399,0.955573112737315,3.725,450.0,0.008277777777777778,8.42485119047619,17.84474377865812,2.4193968749997907,34.572199375
cifar10_gist512,9,10,query_adaptive_R25,25.0,0.14,1.6133838891983032,0.95,round(norm/delta),layer-wise cosine theorem,disabled: no norm-table or radial-layer candidate filter,"per-query, per-layer Eq. I_threshold with Binomial(K, theta/pi)",distance-table hash-bucket lookup with per-layer thresholds; union over L tables without intersecting sphere-layer masks or exact norm-table filter,0.49254415392411577,0.11366666666666667,0.16693345114267488,0.248318036557838,0.751527313166124,0.7520602305431521,96.8,450.0,0.21511111111111111,0.24657738095238094,17.84474377865812,1.3808509500009336,34.572199375
cifar10_gist512,9,20,query_adaptive_R25,25.0,0.14,1.6133838891983032,0.95,round(norm/delta),layer-wise cosine theorem,disabled: no norm-table or radial-layer candidate filter,"per-query, per-layer Eq. I_threshold with Binomial(K, theta/pi)",distance-table hash-bucket lookup with per-layer thresholds; union over L tables without intersecting sphere-layer masks or exact norm-table filter,0.6187085915014854,0.09938888888888889,0.15069666585582372,0.2853663354764509,0.7145539523512697,0.7149580930621384,64.425,450.0,0.14316666666666666,2.818154761904762,17.84474377865812,1.9215146249990767,34.572199375
cifar10_gist512,9,30,query_adaptive_R25,25.0,0.14,1.6133838891983032,0.95,round(norm/delta),layer-wise cosine theorem,disabled: no norm-table or radial-layer candidate filter,"per-query, per-layer Eq. I_threshold with Binomial(K, theta/pi)",distance-table hash-bucket lookup with per-layer thresholds; union over L tables without intersecting sphere-layer masks or exact norm-table filter,0.5681706483942612,0.20144444444444445,0.2646931364728006,0.456415123093061,0.5433763915558896,0.5443086719242374,147.7,450.0,0.3282222222222222,6.753571428571428,17.84474377865812,2.068012475001524,34.572199375
cifar10_gist512,9,40,query_adaptive_R25,25.0,0.14,1.6133838891983032,0.95,round(norm/delta),layer-wise cosine theorem,disabled: no norm-table or radial-layer candidate filter,"per-query, per-layer Eq. I_threshold with Binomial(K, theta/pi)",distance-table hash-bucket lookup with per-layer thresholds; union over L tables without intersecting sphere-layer masks or exact norm-table filter,0.5413086674788045,0.3892777777777778,0.4290130088615259,0.7330643968064287,0.2664586253515623,0.26804308459735693,318.675,450.0,0.7081666666666667,12.053720238095238,17.84474377865812,2.045349050001022,34.572199375
cifar10_gist512,9,50,query_adaptive_R25,25.0,0.14,1.6133838891983032,0.95,round(norm/delta),layer-wise cosine theorem,disabled: no norm-table or radial-layer candidate filter,"per-query, per-layer Eq. I_threshold with Binomial(K, theta/pi)",distance-table hash-bucket lookup with per-layer thresholds; union over L tables without intersecting sphere-layer masks or exact norm-table filter,0.36174618093191335,0.8725000000000002,0.5102029045090375,0.9842288586529362,0.014563874458349339,0.016462543780000873,1093.775,450.0,2.4306111111111113,20.47425595238095,17.84474377865812,2.2833635249995154,34.572199375
cifar10_gist512,9,60,query_adaptive_R25,25.0,0.14,1.6133838891983032,0.95,round(norm/delta),layer-wise cosine theorem,disabled: no norm-table or radial-layer candidate filter,"per-query, per-layer Eq. I_threshold with Binomial(K, theta/pi)",distance-table hash-bucket lookup with per-layer thresholds; union over L tables without intersecting sphere-layer masks or exact norm-table filter,0.6275801569534611,0.2882222222222222,0.3583214916807661,0.6711013589787758,0.3286383840112902,0.32999811508330085,204.825,450.0,0.4551666666666668,18.19449404761905,17.84474377865812,2.254234375000408,34.572199375
cifar10_gist512,9,70,query_adaptive_R25,25.0,0.14,1.6133838891983032,0.95,round(norm/delta),layer-wise cosine theorem,disabled: no norm-table or radial-layer candidate filter,"per-query, per-layer Eq. I_threshold with Binomial(K, theta/pi)",distance-table hash-bucket lookup with per-layer thresholds; union over L tables without intersecting sphere-layer masks or exact norm-table filter,0.7136691716679847,0.09333333333333334,0.13180719602103122,0.31395295775815735,0.6860170757969145,0.686433870657087,50.85,450.0,0.11299999999999999,16.886904761904763,17.84474377865812,2.356761425003384,34.572199375
cifar10_gist512,9,80,query_adaptive_R25,25.0,0.14,1.6133838891983032,0.95,round(norm/delta),layer-wise cosine theorem,disabled: no norm-table or radial-layer candidate filter,"per-query, per-layer Eq. I_threshold with Binomial(K, theta/pi)",distance-table hash-bucket lookup with per-layer thresholds; union over L tables without intersecting sphere-layer masks or exact norm-table filter,0.3927597544304181,0.033944444444444444,0.04874995486136181,0.15755288278409715,0.8424459136111914,0.8425032118153262,15.875,450.0,0.035277777777777776,14.819791666666669,17.84474377865812,2.3766395749987623,34.572199375
cifar10_gist512,9,90,query_adaptive_R25,25.0,0.14,1.6133838891983032,0.95,round(norm/delta),layer-wise cosine theorem,disabled: no norm-table or radial-layer candidate filter,"per-query, per-layer Eq. I_threshold with Binomial(K, theta/pi)",distance-table hash-bucket lookup with per-layer thresholds; union over L tables without intersecting sphere-layer masks or exact norm-table filter,0.15,0.017388888888888888,0.025817394284322875,0.06804243842273085,0.9319575643101696,0.9319786646356212,7.825,450.0,0.017388888888888888,12.515773809523811,17.84474377865812,2.4587656000001346,34.572199375
cifar10_gist512,9,100,query_adaptive_R25,25.0,0.14,1.6133838891983032,0.95,round(norm/delta),layer-wise cosine theorem,disabled: no norm-table or radial-layer candidate filter,"per-query, per-layer Eq. I_threshold with Binomial(K, theta/pi)",distance-table hash-bucket lookup with per-layer thresholds; union over L tables without intersecting sphere-layer masks or exact norm-table filter,0.05,0.007833333333333335,0.013302660606139013,0.048503710053891425,0.9514962946174748,0.951496299757123,3.525,450.0,0.007833333333333335,8.217113095238094,17.84474377865812,2.504415574999541,34.572199375
cifar10_gist512,10,10,query_adaptive_R25,25.0,0.14,1.6133838891983032,0.95,round(norm/delta),layer-wise cosine theorem,disabled: no norm-table or radial-layer candidate filter,"per-query, per-layer Eq. I_threshold with Binomial(K, theta/pi)",distance-table hash-bucket lookup with per-layer thresholds; union over L tables without intersecting sphere-layer masks or exact norm-table filter,0.5107198637233794,0.08066666666666666,0.12020994243647243,0.196846465271516,0.8030766034487428,0.8033726775610441,64.775,450.0,0.14394444444444443,0.14345238095238094,17.84474377865812,1.3910510750015703,34.572199375
cifar10_gist512,10,20,query_adaptive_R25,25.0,0.14,1.6133838891983032,0.95,round(norm/delta),layer-wise cosine theorem,disabled: no norm-table or radial-layer candidate filter,"per-query, per-layer Eq. I_threshold with Binomial(K, theta/pi)",distance-table hash-bucket lookup with per-layer thresholds; union over L tables without intersecting sphere-layer masks or exact norm-table filter,0.6036981884511473,0.10350000000000001,0.15594554359586227,0.2969561900708664,0.7029595771121258,0.7033739474419224,68.2,450.0,0.15155555555555558,2.7827380952380953,17.84474377865812,2.345313600000054,34.572199375
cifar10_gist512,10,30,query_adaptive_R25,25.0,0.14,1.6133838891983032,0.95,round(norm/delta),layer-wise cosine theorem,disabled: no norm-table or radial-layer candidate filter,"per-query, per-layer Eq. I_threshold with Binomial(K, theta/pi)",distance-table hash-bucket lookup with per-layer thresholds; union over L tables without intersecting sphere-layer masks or exact norm-table filter,0.5742699316315297,0.2030555555555556,0.26638500301454726,0.45765764278098864,0.5421673579880156,0.5430089287139386,148.025,450.0,0.32894444444444443,6.69375,17.84474377865812,1.9985135750026475,34.572199375
cifar10_gist512,10,40,query_adaptive_R25,25.0,0.14,1.6133838891983032,0.95,round(norm/delta),layer-wise cosine theorem,disabled: no norm-table or radial-layer candidate filter,"per-query, per-layer Eq. I_threshold with Binomial(K, theta/pi)",distance-table hash-bucket lookup with per-layer thresholds; union over L tables without intersecting sphere-layer masks or exact norm-table filter,0.5397983109335847,0.39388888888888884,0.43200172807430237,0.744422019847981,0.2550939868819907,0.2567043462541968,324.3,450.0,0.7206666666666666,12.013095238095238,17.84474377865812,2.0695917000018937,34.572199375
cifar10_gist512,10,50,query_adaptive_R25,25.0,0.14,1.6133838891983032,0.95,round(norm/delta),layer-wise cosine theorem,disabled: no norm-table or radial-layer candidate filter,"per-query, per-layer Eq. I_threshold with Binomial(K, theta/pi)",distance-table hash-bucket lookup with per-layer thresholds; union over L tables without intersecting sphere-layer masks or exact norm-table filter,0.35756441750985657,0.8810555555555556,0.5075178693175271,0.9855276743738101,0.013280099374432993,0.015134414919240096,1117.65,450.0,2.4836666666666667,20.47425595238095,17.84474377865812,2.2872572499998967,34.572199375
cifar10_gist512,10,60,query_adaptive_R25,25.0,0.14,1.6133838891983032,0.95,round(norm/delta),layer-wise cosine theorem,disabled: no norm-table or radial-layer candidate filter,"per-query, per-layer Eq. I_threshold with Binomial(K, theta/pi)",distance-table hash-bucket lookup with per-layer thresholds; union over L tables without intersecting sphere-layer masks or exact norm-table filter,0.6269447347937902,0.294,0.3648486089536774,0.6766713297311837,0.3230628230467315,0.3244380285517682,209.0,450.0,0.4644444444444445,18.144494047619048,17.84474377865812,2.2922250000007693,34.572199375
cifar10_gist512,10,70,query_adaptive_R25,25.0,0.14,1.6133838891983032,0.95,round(norm/delta),layer-wise cosine theorem,disabled: no norm-table or radial-layer candidate filter,"per-query, per-layer Eq. I_threshold with Binomial(K, theta/pi)",distance-table hash-bucket lookup with per-layer thresholds; union over L tables without intersecting sphere-layer masks or exact norm-table filter,0.7048175195947246,0.09494444444444444,0.1332531995970506,0.3250961974545147,0.6748757985818858,0.6752977024278252,51.6,450.0,0.11466666666666667,16.808779761904763,17.84474377865812,2.4018458249990715,34.572199375
cifar10_gist512,10,80,query_adaptive_R25,25.0,0.14,1.6133838891983032,0.95,round(norm/delta),layer-wise cosine theorem,disabled: no norm-table or radial-layer candidate filter,"per-query, per-layer Eq. I_threshold with Binomial(K, theta/pi)",distance-table hash-bucket lookup with per-layer thresholds; union over L tables without intersecting sphere-layer masks or exact norm-table filter,0.392811308305817,0.034444444444444444,0.049401236170088424,0.15825078431327955,0.8417480057489211,0.8418060911608507,16.125,450.0,0.035833333333333335,14.719345238095238,17.84474377865812,2.380145624999841,34.572199375
cifar10_gist512,10,90,query_adaptive_R25,25.0,0.14,1.6133838891983032,0.95,round(norm/delta),layer-wise cosine theorem,disabled: no norm-table or radial-layer candidate filter,"per-query, per-layer Eq. I_threshold with Binomial(K, theta/pi)",distance-table hash-bucket lookup with per-layer thresholds; union over L tables without intersecting sphere-layer masks or exact norm-table filter,0.15,0.017666666666666667,0.026177251365841696,0.06841648651862411,0.9315835142758108,0.9316054523260568,7.95,450.0,0.017666666666666667,12.406994047619047,17.84474377865812,2.501283250001052,34.572199375
cifar10_gist512,10,100,query_adaptive_R25,25.0,0.14,1.6133838891983032,0.95,round(norm/delta),layer-wise cosine theorem,disabled: no norm-table or radial-layer candidate filter,"per-query, per-layer Eq. I_threshold with Binomial(K, theta/pi)",distance-table hash-bucket lookup with per-layer thresholds; union over L tables without intersecting sphere-layer masks or exact norm-table filter,0.05,0.008,0.013561847988065973,0.04858250300893966,0.951417498929526,0.9514175040863624,3.6,450.0,0.008,8.020238095238096,17.84474377865812,2.474264599999998,34.572199375
cifar10_gist512,11,10,query_adaptive_R25,25.0,0.14,1.6133838891983032,0.95,round(norm/delta),layer-wise cosine theorem,disabled: no norm-table or radial-layer candidate filter,"per-query, per-layer Eq. I_threshold with Binomial(K, theta/pi)",distance-table hash-bucket lookup with per-layer thresholds; union over L tables without intersecting sphere-layer masks or exact norm-table filter,0.5154363566459953,0.07755555555555556,0.11574383392341132,0.19140796761831122,0.8085569783186152,0.8087714397289446,61.2,450.0,0.13599999999999998,0.08675595238095238,17.84474377865812,1.3928833750021852,34.572199375
cifar10_gist512,11,20,query_adaptive_R25,25.0,0.14,1.6133838891983032,0.95,round(norm/delta),layer-wise cosine theorem,disabled: no norm-table or radial-layer candidate filter,"per-query, per-layer Eq. I_threshold with Binomial(K, theta/pi)",distance-table hash-bucket lookup with per-layer thresholds; union over L tables without intersecting sphere-layer masks or exact norm-table filter,0.595591209256324,0.10366666666666666,0.15744256193581596,0.29815108591559036,0.7017649946357323,0.7021826544402936,69.05,450.0,0.15344444444444444,2.7504464285714283,17.84474377865812,1.9787968250000176,34.572199375
cifar10_gist512,11,30,query_adaptive_R25,25.0,0.14,1.6133838891983032,0.95,round(norm/delta),layer-wise cosine theorem,disabled: no norm-table or radial-layer candidate filter,"per-query, per-layer Eq. I_threshold with Binomial(K, theta/pi)",distance-table hash-bucket lookup with per-layer thresholds; union over L tables without intersecting sphere-layer masks or exact norm-table filter,0.5715434852688178,0.20977777777777776,0.2747990808808384,0.4668892437256374,0.5329202574835822,0.5338038631198779,153.775,450.0,0.3417222222222222,6.675,17.84474377865812,1.9927041250006996,34.572199375
cifar10_gist512,11,40,query_adaptive_R25,25.0,0.14,1.6133838891983032,0.95,round(norm/delta),layer-wise cosine theorem,disabled: no norm-table or radial-layer candidate filter,"per-query, per-layer Eq. I_threshold with Binomial(K, theta/pi)",distance-table hash-bucket lookup with per-layer thresholds; union over L tables without intersecting sphere-layer masks or exact norm-table filter,0.5392619269240184,0.39988888888888885,0.43777257423932914,0.7551899922565413,0.2442934080422372,0.24593938219821448,330.4,450.0,0.7342222222222222,11.968898809523811,17.84474377865812,2.158692700002973,34.572199375
cifar10_gist512,11,50,query_adaptive_R25,25.0,0.14,1.6133838891983032,0.95,round(norm/delta),layer-wise cosine theorem,disabled: no norm-table or radial-layer candidate filter,"per-query, per-layer Eq. I_threshold with Binomial(K, theta/pi)",distance-table hash-bucket lookup with per-layer thresholds; union over L tables without intersecting sphere-layer masks or exact norm-table filter,0.35378289518244965,0.8893888888888888,0.5050999616712539,0.9867295987297495,0.012067812167250605,0.013897048673468134,1140.225,450.0,2.533833333333333,20.47425595238095,17.84474377865812,2.3122125749992506,34.572199375
cifar10_gist512,11,60,query_adaptive_R25,25.0,0.14,1.6133838891983032,0.95,round(norm/delta),layer-wise cosine theorem,disabled: no norm-table or radial-layer candidate filter,"per-query, per-layer Eq. I_threshold with Binomial(K, theta/pi)",distance-table hash-bucket lookup with per-layer thresholds; union over L tables without intersecting sphere-layer masks or exact norm-table filter,0.6258954612687492,0.2975,0.3659272787459306,0.6766151472631645,0.3231034552743507,0.3245024906635635,212.0,450.0,0.47111111111111104,18.094047619047622,17.84474377865812,2.301268624997732,34.572199375
cifar10_gist512,11,70,query_adaptive_R25,25.0,0.14,1.6133838891983032,0.95,round(norm/delta),layer-wise cosine theorem,disabled: no norm-table or radial-layer candidate filter,"per-query, per-layer Eq. I_threshold with Binomial(K, theta/pi)",distance-table hash-bucket lookup with per-layer thresholds; union over L tables without intersecting sphere-layer masks or exact norm-table filter,0.7082544851368389,0.09533333333333334,0.13386774080339509,0.32380803787610074,0.6761661499936322,0.6765622161486018,51.875,450.0,0.11527777777777777,16.757738095238096,17.84474377865812,2.370920824997569,34.572199375
cifar10_gist512,11,80,query_adaptive_R25,25.0,0.14,1.6133838891983032,0.95,round(norm/delta),layer-wise cosine theorem,disabled: no norm-table or radial-layer candidate filter,"per-query, per-layer Eq. I_threshold with Binomial(K, theta/pi)",distance-table hash-bucket lookup with per-layer thresholds; union over L tables without intersecting sphere-layer masks or exact norm-table filter,0.3928352310461384,0.035555555555555556,0.05100056714031066,0.1620191743334395,0.8379796216872529,0.8380409364771172,16.7,450.0,0.03711111111111111,14.638095238095238,17.84474377865812,2.436264600000726,34.572199375
cifar10_gist512,11,90,query_adaptive_R25,25.0,0.14,1.6133838891983032,0.95,round(norm/delta),layer-wise cosine theorem,disabled: no norm-table or radial-layer candidate filter,"per-query, per-layer Eq. I_threshold with Binomial(K, theta/pi)",distance-table hash-bucket lookup with per-layer thresholds; union over L tables without intersecting sphere-layer masks or exact norm-table filter,0.14642857142857144,0.018166666666666664,0.02689036374640736,0.0688948945653714,0.9311051018419633,0.9311270438799353,8.2,450.0,0.01822222222222222,12.29047619047619,17.84474377865812,2.4134698750003736,34.572199375
cifar10_gist512,11,100,query_adaptive_R25,25.0,0.14,1.6133838891983032,0.95,round(norm/delta),layer-wise cosine theorem,disabled: no norm-table or radial-layer candidate filter,"per-query, per-layer Eq. I_threshold with Binomial(K, theta/pi)",distance-table hash-bucket lookup with per-layer thresholds; union over L tables without intersecting sphere-layer masks or exact norm-table filter,0.05,0.008166666666666666,0.013819279312225338,0.04859424354955111,0.9514057564504489,0.9514057616098522,3.675,450.0,0.008166666666666666,7.8203869047619055,17.84474377865812,2.6451542750031365,34.572199375
cifar10_gist512,12,10,query_adaptive_R25,25.0,0.14,1.6133838891983032,0.95,round(norm/delta),layer-wise cosine theorem,disabled: no norm-table or radial-layer candidate filter,"per-query, per-layer Eq. I_threshold with Binomial(K, theta/pi)",distance-table hash-bucket lookup with per-layer thresholds; union over L tables without intersecting sphere-layer masks or exact norm-table filter,0.5122474049191437,0.06372222222222222,0.0999858487312574,0.18763390071566916,0.8123316061677471,0.8125429949605512,46.75,450.0,0.10388888888888889,0.04925595238095238,17.84474377865812,1.4060312000012232,34.572199375
cifar10_gist512,12,20,query_adaptive_R25,25.0,0.14,1.6133838891983032,0.95,round(norm/delta),layer-wise cosine theorem,disabled: no norm-table or radial-layer candidate filter,"per-query, per-layer Eq. I_threshold with Binomial(K, theta/pi)",distance-table hash-bucket lookup with per-layer thresholds; union over L tables without intersecting sphere-layer masks or exact norm-table filter,0.5913968495261719,0.10427777777777777,0.15849292491110775,0.3231662674247106,0.6767463653656469,0.6771960336480042,70.25,450.0,0.15611111111111112,2.7223214285714286,17.84474377865812,1.9218750250026062,34.572199375
cifar10_gist512,12,30,query_adaptive_R25,25.0,0.14,1.6133838891983032,0.95,round(norm/delta),layer-wise cosine theorem,disabled: no norm-table or radial-layer candidate filter,"per-query, per-layer Eq. I_threshold with Binomial(K, theta/pi)",distance-table hash-bucket lookup with per-layer thresholds; union over L tables without intersecting sphere-layer masks or exact norm-table filter,0.5670821456378519,0.21244444444444444,0.27923064999150676,0.47456477871141756,0.5252309178287302,0.5261465791659191,157.025,450.0,0.34894444444444445,6.646875,17.84474377865812,2.0346250500018925,34.572199375
cifar10_gist512,12,40,query_adaptive_R25,25.0,0.14,1.6133838891983032,0.95,round(norm/delta),layer-wise cosine theorem,disabled: no norm-table or radial-layer candidate filter,"per-query, per-layer Eq. I_threshold with Binomial(K, theta/pi)",distance-table hash-bucket lookup with per-layer thresholds; union over L tables without intersecting sphere-layer masks or exact norm-table filter,0.5380236236556548,0.40861111111111115,0.4438085659621027,0.7601817971897635,0.23928337147515233,0.24094317230045945,337.075,450.0,0.7490555555555555,11.937648809523811,17.84474377865812,2.1428791999987595,34.572199375
cifar10_gist512,12,50,query_adaptive_R25,25.0,0.14,1.6133838891983032,0.95,round(norm/delta),layer-wise cosine theorem,disabled: no norm-table or radial-layer candidate filter,"per-query, per-layer Eq. I_threshold with Binomial(K, theta/pi)",distance-table hash-bucket lookup with per-layer thresholds; union over L tables without intersecting sphere-layer masks or exact norm-table filter,0.35104649895574996,0.8963888888888889,0.5034472493382202,0.9882200686192704,0.010592410961144877,0.012385322202698642,1158.15,450.0,2.573666666666667,20.47425595238095,17.84474377865812,2.3636208249989465,34.572199375
cifar10_gist512,12,60,query_adaptive_R25,25.0,0.14,1.6133838891983032,0.95,round(norm/delta),layer-wise cosine theorem,disabled: no norm-table or radial-layer candidate filter,"per-query, per-layer Eq. I_threshold with Binomial(K, theta/pi)",distance-table hash-bucket lookup with per-layer thresholds; union over L tables without intersecting sphere-layer masks or exact norm-table filter,0.6262477106694397,0.2996666666666667,0.3688206454308366,0.6765568573451473,0.32317198565104654,0.3245468252576385,213.225,450.0,0.47383333333333333,18.040029761904762,17.84474377865812,2.342093700000447,34.572199375
cifar10_gist512,12,70,query_adaptive_R25,25.0,0.14,1.6133838891983032,0.95,round(norm/delta),layer-wise cosine theorem,disabled: no norm-table or radial-layer candidate filter,"per-query, per-layer Eq. I_threshold with Binomial(K, theta/pi)",distance-table hash-bucket lookup with per-layer thresholds; union over L tables without intersecting sphere-layer masks or exact norm-table filter,0.7117229915195951,0.09688888888888889,0.13570145645944592,0.3234091843286508,0.6765623341777955,0.6769590672625678,53.1,450.0,0.11800000000000002,16.71979166666667,17.84474377865812,2.36599067500336,34.572199375
cifar10_gist512,12,80,query_adaptive_R25,25.0,0.14,1.6133838891983032,0.95,round(norm/delta),layer-wise cosine theorem,disabled: no norm-table or radial-layer candidate filter,"per-query, per-layer Eq. I_threshold with Binomial(K, theta/pi)",distance-table hash-bucket lookup with per-layer thresholds; union over L tables without intersecting sphere-layer masks or exact norm-table filter,0.4181207586427657,0.03644444444444445,0.05221524857383756,0.1637800813184775,0.836218711801217,0.8362848215961641,17.1,450.0,0.038,14.577678571428573,17.84474377865812,2.5086654999981306,34.572199375
cifar10_gist512,12,90,query_adaptive_R25,25.0,0.14,1.6133838891983032,0.95,round(norm/delta),layer-wise cosine theorem,disabled: no norm-table or radial-layer candidate filter,"per-query, per-layer Eq. I_threshold with Binomial(K, theta/pi)",distance-table hash-bucket lookup with per-layer thresholds; union over L tables without intersecting sphere-layer masks or exact norm-table filter,0.14642857142857144,0.01661111111111111,0.025140418737984033,0.06888058563501281,0.9311194220535199,0.9311413640884763,7.5,450.0,0.016666666666666666,12.173363095238095,17.84474377865812,2.4223937000023454,34.572199375
cifar10_gist512,12,100,query_adaptive_R25,25.0,0.14,1.6133838891983032,0.95,round(norm/delta),layer-wise cosine theorem,disabled: no norm-table or radial-layer candidate filter,"per-query, per-layer Eq. I_threshold with Binomial(K, theta/pi)",distance-table hash-bucket lookup with per-layer thresholds; union over L tables without intersecting sphere-layer masks or exact norm-table filter,0.05,0.007722222222222222,0.013078639152247672,0.04448117634971377,0.9555188250167366,0.9555188292768915,3.475,450.0,0.007722222222222222,7.657589285714286,17.84474377865812,2.638645800000461,34.572199375
cifar10_gist512,13,10,query_adaptive_R25,25.0,0.14,1.6133838891983032,0.95,round(norm/delta),layer-wise cosine theorem,disabled: no norm-table or radial-layer candidate filter,"per-query, per-layer Eq. I_threshold with Binomial(K, theta/pi)",distance-table hash-bucket lookup with per-layer thresholds; union over L tables without intersecting sphere-layer masks or exact norm-table filter,0.5135306022058207,0.05449999999999999,0.08923357633322569,0.1833101971346789,0.8166571763740034,0.8168900305551716,40.525,450.0,0.09005555555555557,0.023214285714285715,17.84474377865812,1.4927364499989437,34.572199375
cifar10_gist512,13,20,query_adaptive_R25,25.0,0.14,1.6133838891983032,0.95,round(norm/delta),layer-wise cosine theorem,disabled: no norm-table or radial-layer candidate filter,"per-query, per-layer Eq. I_threshold with Binomial(K, theta/pi)",distance-table hash-bucket lookup with per-layer thresholds; union over L tables without intersecting sphere-layer masks or exact norm-table filter,0.5867220021023145,0.10822222222222222,0.1638352975705418,0.33016365071690446,0.6697440959914617,0.670203452075761,73.625,450.0,0.16361111111111112,2.69375,17.84474377865812,1.9187135500004615,34.572199375
cifar10_gist512,13,30,query_adaptive_R25,25.0,0.14,1.6133838891983032,0.95,round(norm/delta),layer-wise cosine theorem,disabled: no norm-table or radial-layer candidate filter,"per-query, per-layer Eq. I_threshold with Binomial(K, theta/pi)",distance-table hash-bucket lookup with per-layer thresholds; union over L tables without intersecting sphere-layer masks or exact norm-table filter,0.5643854334440694,0.21283333333333335,0.27741365888911096,0.48745998744755215,0.5123319128733946,0.5132665030710986,157.25,450.0,0.3494444444444445,6.615625,17.84474377865812,2.0458228749987484,34.572199375
cifar10_gist512,13,40,query_adaptive_R25,25.0,0.14,1.6133838891983032,0.95,round(norm/delta),layer-wise cosine theorem,disabled: no norm-table or radial-layer candidate filter,"per-query, per-layer Eq. I_threshold with Binomial(K, theta/pi)",distance-table hash-bucket lookup with per-layer thresholds; union over L tables without intersecting sphere-layer masks or exact norm-table filter,0.5356936457956741,0.415388888888889,0.4485197450863234,0.7690160423894031,0.23044741210676206,0.2321618227977325,343.075,450.0,0.7623888888888889,11.91577380952381,17.84474377865812,2.294168724999679,34.572199375
cifar10_gist512,13,50,query_adaptive_R25,25.0,0.14,1.6133838891983032,0.95,round(norm/delta),layer-wise cosine theorem,disabled: no norm-table or radial-layer candidate filter,"per-query, per-layer Eq. I_threshold with Binomial(K, theta/pi)",distance-table hash-bucket lookup with per-layer thresholds; union over L tables without intersecting sphere-layer masks or exact norm-table filter,0.3485503640198476,0.9040555555555556,0.5020769822964308,0.9894461525141096,0.009449303135571829,0.011134718865597188,1176.575,450.0,2.614611111111111,20.47425595238095,17.84474377865812,2.3782207750024043,34.572199375
cifar10_gist512,13,60,query_adaptive_R25,25.0,0.14,1.6133838891983032,0.95,round(norm/delta),layer-wise cosine theorem,disabled: no norm-table or radial-layer candidate filter,"per-query, per-layer Eq. I_threshold with Binomial(K, theta/pi)",distance-table hash-bucket lookup with per-layer thresholds; union over L tables without intersecting sphere-layer masks or exact norm-table filter,0.624471202353101,0.3045555555555556,0.37369456039913107,0.6905885244384935,0.30913483713397505,0.31056792341475653,217.275,450.0,0.48283333333333334,18.015029761904763,17.84474377865812,2.399557300001476,34.572199375
cifar10_gist512,13,70,query_adaptive_R25,25.0,0.14,1.6133838891983032,0.95,round(norm/delta),layer-wise cosine theorem,disabled: no norm-table or radial-layer candidate filter,"per-query, per-layer Eq. I_threshold with Binomial(K, theta/pi)",distance-table hash-bucket lookup with per-layer thresholds; union over L tables without intersecting sphere-layer masks or exact norm-table filter,0.7370728012622608,0.09811111111111112,0.13695155984852742,0.3246139283800374,0.6753573726071626,0.6757560502996881,53.85,450.0,0.11966666666666667,16.697916666666668,17.84474377865812,2.435620775002434,34.572199375
cifar10_gist512,13,80,query_adaptive_R25,25.0,0.14,1.6133838891983032,0.95,round(norm/delta),layer-wise cosine theorem,disabled: no norm-table or radial-layer candidate filter,"per-query, per-layer Eq. I_threshold with Binomial(K, theta/pi)",distance-table hash-bucket lookup with per-layer thresholds; union over L tables without intersecting sphere-layer masks or exact norm-table filter,0.42879078962439754,0.036833333333333336,0.05276726461473198,0.1634891884410213,0.8365094816934476,0.836575633504561,17.325,450.0,0.03849999999999999,14.546428571428573,17.84474377865812,2.5036104250027336,34.572199375
cifar10_gist512,13,90,query_adaptive_R25,25.0,0.14,1.6133838891983032,0.95,round(norm/delta),layer-wise cosine theorem,disabled: no norm-table or radial-layer candidate filter,"per-query, per-layer Eq. I_threshold with Binomial(K, theta/pi)",distance-table hash-bucket lookup with per-layer thresholds; union over L tables without intersecting sphere-layer masks or exact norm-table filter,0.19642857142857145,0.016944444444444446,0.025672838414774052,0.08354211286540175,0.9164578901517647,0.9164825153835334,7.65,450.0,0.017,12.084821428571427,17.84474377865812,2.4387843999974734,34.572199375
cifar10_gist512,13,100,query_adaptive_R25,25.0,0.14,1.6133838891983032,0.95,round(norm/delta),layer-wise cosine theorem,disabled: no norm-table or radial-layer candidate filter,"per-query, per-layer Eq. I_threshold with Binomial(K, theta/pi)",distance-table hash-bucket lookup with per-layer thresholds; union over L tables without intersecting sphere-layer masks or exact norm-table filter,0.05,0.007166666666666667,0.012337662337651696,0.0444922288599636,0.955507770568021,0.9555077748308136,3.225,450.0,0.007166666666666667,7.519047619047619,17.84474377865812,2.528536525001357,34.572199375
cifar10_gist512,14,10,query_adaptive_R25,25.0,0.14,1.6133838891983032,0.95,round(norm/delta),layer-wise cosine theorem,disabled: no norm-table or radial-layer candidate filter,"per-query, per-layer Eq. I_threshold with Binomial(K, theta/pi)",distance-table hash-bucket lookup with per-layer thresholds; union over L tables without intersecting sphere-layer masks or exact norm-table filter,0.5141227194447333,0.056499999999999995,0.09222476159317165,0.18505765261452006,0.8149073493368235,0.8151469863856977,42.3,450.0,0.094,0.019642857142857142,17.84474377865812,1.4999311749996025,34.572199375
cifar10_gist512,14,20,query_adaptive_R25,25.0,0.14,1.6133838891983032,0.95,round(norm/delta),layer-wise cosine theorem,disabled: no norm-table or radial-layer candidate filter,"per-query, per-layer Eq. I_threshold with Binomial(K, theta/pi)",distance-table hash-bucket lookup with per-layer thresholds; union over L tables without intersecting sphere-layer masks or exact norm-table filter,0.5842712630134035,0.11194444444444444,0.16899668070479995,0.33995856442647043,0.6599473641576683,0.6604359266667812,76.65,450.0,0.1703333333333333,2.6708333333333334,17.84474377865812,1.9444293000020707,34.572199375
cifar10_gist512,14,30,query_adaptive_R25,25.0,0.14,1.6133838891983032,0.95,round(norm/delta),layer-wise cosine theorem,disabled: no norm-table or radial-layer candidate filter,"per-query, per-layer Eq. I_threshold with Binomial(K, theta/pi)",distance-table hash-bucket lookup with per-layer thresholds; union over L tables without intersecting sphere-layer masks or exact norm-table filter,0.5639170673117387,0.22011111111111115,0.2851870483688862,0.5027938620646383,0.4969836687231636,0.4979650666204444,163.45,450.0,0.3632222222222222,6.59375,17.84474377865812,2.0992592499993634,34.572199375
cifar10_gist512,14,40,query_adaptive_R25,25.0,0.14,1.6133838891983032,0.95,round(norm/delta),layer-wise cosine theorem,disabled: no norm-table or radial-layer candidate filter,"per-query, per-layer Eq. I_threshold with Binomial(K, theta/pi)",distance-table hash-bucket lookup with per-layer thresholds; union over L tables without intersecting sphere-layer masks or exact norm-table filter,0.5334692772444523,0.4215,0.4520270502899336,0.7713815668951802,0.228071255435849,0.22979746434181347,349.65,450.0,0.7769999999999999,11.890773809523811,17.84474377865812,2.23628225000283,34.572199375
cifar10_gist512,14,50,query_adaptive_R25,25.0,0.14,1.6133838891983032,0.95,round(norm/delta),layer-wise cosine theorem,disabled: no norm-table or radial-layer candidate filter,"per-query, per-layer Eq. I_threshold with Binomial(K, theta/pi)",distance-table hash-bucket lookup with per-layer thresholds; union over L tables without intersecting sphere-layer masks or exact norm-table filter,0.3460610997534288,0.9105555555555556,0.5005210525076261,0.9905419856544532,0.008418645647158236,0.010016181745660666,1193.425,450.0,2.652055555555555,20.47425595238095,17.84474377865812,2.4311812250005005,34.572199375
cifar10_gist512,14,60,query_adaptive_R25,25.0,0.14,1.6133838891983032,0.95,round(norm/delta),layer-wise cosine theorem,disabled: no norm-table or radial-layer candidate filter,"per-query, per-layer Eq. I_threshold with Binomial(K, theta/pi)",distance-table hash-bucket lookup with per-layer thresholds; union over L tables without intersecting sphere-layer masks or exact norm-table filter,0.6227320154130547,0.3121666666666667,0.38070186886203644,0.6961307328194456,0.3035838656947413,0.3050464389212066,223.4,450.0,0.4964444444444444,18.00565476190476,17.84474377865812,2.430942649999679,34.572199375
cifar10_gist512,14,70,query_adaptive_R25,25.0,0.14,1.6133838891983032,0.95,round(norm/delta),layer-wise cosine theorem,disabled: no norm-table or radial-layer candidate filter,"per-query, per-layer Eq. I_threshold with Binomial(K, theta/pi)",distance-table hash-bucket lookup with per-layer thresholds; union over L tables without intersecting sphere-layer masks or exact norm-table filter,0.7399099942128163,0.09922222222222221,0.13804062839579373,0.3262175023765864,0.6737526160680545,0.6741521035180481,54.65,450.0,0.12144444444444444,16.66041666666667,17.84474377865812,2.4454885250001723,34.572199375
cifar10_gist512,14,80,query_adaptive_R25,25.0,0.14,1.6133838891983032,0.95,round(norm/delta),layer-wise cosine theorem,disabled: no norm-table or radial-layer candidate filter,"per-query, per-layer Eq. I_threshold with Binomial(K, theta/pi)",distance-table hash-bucket lookup with per-layer thresholds; union over L tables without intersecting sphere-layer masks or exact norm-table filter,0.45332792937820815,0.03716666666666667,0.05293376701624044,0.16524377827908693,0.8347545538271518,0.8348222042028848,17.525,450.0,0.03894444444444445,14.482440476190476,17.84474377865812,2.462821924997627,34.572199375
cifar10_gist512,14,90,query_adaptive_R25,25.0,0.14,1.6133838891983032,0.95,round(norm/delta),layer-wise cosine theorem,disabled: no norm-table or radial-layer candidate filter,"per-query, per-layer Eq. I_threshold with Binomial(K, theta/pi)",distance-table hash-bucket lookup with per-layer thresholds; union over L tables without intersecting sphere-layer masks or exact norm-table filter,0.19642857142857145,0.017222222222222222,0.026000420018818145,0.0835561619125133,0.9164438430431188,0.9164684682779585,7.775,450.0,0.017277777777777777,12.00625,17.84474377865812,2.4544427249949763,34.572199375
cifar10_gist512,14,100,query_adaptive_R25,25.0,0.14,1.6133838891983032,0.95,round(norm/delta),layer-wise cosine theorem,disabled: no norm-table or radial-layer candidate filter,"per-query, per-layer Eq. I_threshold with Binomial(K, theta/pi)",distance-table hash-bucket lookup with per-layer thresholds; union over L tables without intersecting sphere-layer masks or exact norm-table filter,0.05,0.007444444444444445,0.012738688661082121,0.04451426646268135,0.955485734109334,0.9554857383768992,3.35,450.0,0.007444444444444445,7.412797619047619,17.84474377865812,2.6616719000031708,34.572199375
cifar10_gist512,15,10,query_adaptive_R25,25.0,0.14,1.6133838891983032,0.95,round(norm/delta),layer-wise cosine theorem,disabled: no norm-table or radial-layer candidate filter,"per-query, per-layer Eq. I_threshold with Binomial(K, theta/pi)",distance-table hash-bucket lookup with per-layer thresholds; union over L tables without intersecting sphere-layer masks or exact norm-table filter,0.5125424793713927,0.059388888888888894,0.09649572233360539,0.19048235226271995,0.809476871107045,0.8097231498123956,44.725,450.0,0.09938888888888889,0.019642857142857142,17.84474377865812,1.6703281999994601,34.572199375
cifar10_gist512,15,20,query_adaptive_R25,25.0,0.14,1.6133838891983032,0.95,round(norm/delta),layer-wise cosine theorem,disabled: no norm-table or radial-layer candidate filter,"per-query, per-layer Eq. I_threshold with Binomial(K, theta/pi)",distance-table hash-bucket lookup with per-layer thresholds; union over L tables without intersecting sphere-layer masks or exact norm-table filter,0.5808282816141785,0.1155,0.17379163141706994,0.34325421428204644,0.6566453125928607,0.6571371284658881,79.725,450.0,0.17716666666666664,2.6552083333333334,17.84474377865812,1.9740833250004641,34.572199375
cifar10_gist512,15,30,query_adaptive_R25,25.0,0.14,1.6133838891983032,0.95,round(norm/delta),layer-wise cosine theorem,disabled: no norm-table or radial-layer candidate filter,"per-query, per-layer Eq. I_threshold with Binomial(K, theta/pi)",distance-table hash-bucket lookup with per-layer thresholds; union over L tables without intersecting sphere-layer masks or exact norm-table filter,0.5665011501960466,0.22572222222222224,0.2909393936898532,0.5071321469923691,0.4926339111956845,0.49362517369813397,168.125,450.0,0.37361111111111106,6.555208333333333,17.84474377865812,2.1101384999994366,34.572199375
cifar10_gist512,15,40,query_adaptive_R25,25.0,0.14,1.6133838891983032,0.95,round(norm/delta),layer-wise cosine theorem,disabled: no norm-table or radial-layer candidate filter,"per-query, per-layer Eq. I_threshold with Binomial(K, theta/pi)",distance-table hash-bucket lookup with per-layer thresholds; union over L tables without intersecting sphere-layer masks or exact norm-table filter,0.5333068188240541,0.4293888888888889,0.4570928463054905,0.7778702714831652,0.22155731907919513,0.22329630484186708,357.9,450.0,0.7953333333333333,11.875148809523811,17.84474377865812,2.2811239749998435,34.572199375
cifar10_gist512,15,50,query_adaptive_R25,25.0,0.14,1.6133838891983032,0.95,round(norm/delta),layer-wise cosine theorem,disabled: no norm-table or radial-layer candidate filter,"per-query, per-layer Eq. I_threshold with Binomial(K, theta/pi)",distance-table hash-bucket lookup with per-layer thresholds; union over L tables without intersecting sphere-layer masks or exact norm-table filter,0.3436022051556364,0.9145,0.4985620543235975,0.9909413747712318,0.008004441722936679,0.009598559550409832,1207.0,450.0,2.6822222222222223,20.47425595238095,17.84474377865812,2.4648146250001446,34.572199375
cifar10_gist512,15,60,query_adaptive_R25,25.0,0.14,1.6133838891983032,0.95,round(norm/delta),layer-wise cosine theorem,disabled: no norm-table or radial-layer candidate filter,"per-query, per-layer Eq. I_threshold with Binomial(K, theta/pi)",distance-table hash-bucket lookup with per-layer thresholds; union over L tables without intersecting sphere-layer masks or exact norm-table filter,0.6259255686556283,0.31405555555555553,0.3833250453490424,0.7024886872284889,0.2972050426603442,0.29868528493914587,225.275,450.0,0.5006111111111111,17.98020833333333,17.84474377865812,2.419047874997915,34.572199375
cifar10_gist512,15,70,query_adaptive_R25,25.0,0.14,1.6133838891983032,0.95,round(norm/delta),layer-wise cosine theorem,disabled: no norm-table or radial-layer candidate filter,"per-query, per-layer Eq. I_threshold with Binomial(K, theta/pi)",distance-table hash-bucket lookup with per-layer thresholds; union over L tables without intersecting sphere-layer masks or exact norm-table filter,0.7607659511821561,0.0985,0.13736714517130824,0.32636948170738556,0.673600057629697,0.6739908372810206,54.15,450.0,0.12033333333333333,16.631845238095238,17.84474377865812,2.4616832999960536,34.572199375
cifar10_gist512,15,80,query_adaptive_R25,25.0,0.14,1.6133838891983032,0.95,round(norm/delta),layer-wise cosine theorem,disabled: no norm-table or radial-layer candidate filter,"per-query, per-layer Eq. I_threshold with Binomial(K, theta/pi)",distance-table hash-bucket lookup with per-layer thresholds; union over L tables without intersecting sphere-layer masks or exact norm-table filter,0.45426701436047984,0.03705555555555555,0.05252304694862866,0.16619688779600839,0.8338018789620211,0.8338680316451473,17.45,450.0,0.03877777777777778,14.429315476190476,17.84474377865812,2.439828199997862,34.572199375
cifar10_gist512,15,90,query_adaptive_R25,25.0,0.14,1.6133838891983032,0.95,round(norm/delta),layer-wise cosine theorem,disabled: no norm-table or radial-layer candidate filter,"per-query, per-layer Eq. I_threshold with Binomial(K, theta/pi)",distance-table hash-bucket lookup with per-layer thresholds; union over L tables without intersecting sphere-layer masks or exact norm-table filter,0.19642857142857145,0.017444444444444446,0.026277407397750925,0.0835790828732783,0.9164209240208194,0.9164455493186328,7.875,450.0,0.0175,11.959375,17.84474377865812,2.4692136500028994,34.572199375
cifar10_gist512,15,100,query_adaptive_R25,25.0,0.14,1.6133838891983032,0.95,round(norm/delta),layer-wise cosine theorem,disabled: no norm-table or radial-layer candidate filter,"per-query, per-layer Eq. I_threshold with Binomial(K, theta/pi)",distance-table hash-bucket lookup with per-layer thresholds; union over L tables without intersecting sphere-layer masks or exact norm-table filter,0.05,0.0075,0.012831828594518039,0.044535495633880075,0.9554645076710357,0.9554645119432417,3.375,450.0,0.0075,7.32485119047619,17.84474377865812,2.8129489749993297,34.572199375
cifar10_gist512,16,10,query_adaptive_R25,25.0,0.14,1.6133838891983032,0.95,round(norm/delta),layer-wise cosine theorem,disabled: no norm-table or radial-layer candidate filter,"per-query, per-layer Eq. I_threshold with Binomial(K, theta/pi)",distance-table hash-bucket lookup with per-layer thresholds; union over L tables without intersecting sphere-layer masks or exact norm-table filter,0.504777795364913,0.06133333333333333,0.09934757877609741,0.1929141045696224,0.807042831632194,0.8073040471798005,46.8,450.0,0.10400000000000001,0.01607142857142857,17.84474377865812,1.7472239499994657,34.572199375
cifar10_gist512,16,20,query_adaptive_R25,25.0,0.14,1.6133838891983032,0.95,round(norm/delta),layer-wise cosine theorem,disabled: no norm-table or radial-layer candidate filter,"per-query, per-layer Eq. I_threshold with Binomial(K, theta/pi)",distance-table hash-bucket lookup with per-layer thresholds; union over L tables without intersecting sphere-layer masks or exact norm-table filter,0.5815872385406908,0.11377777777777778,0.17548143029442945,0.349667813942051,0.6502289159965239,0.6507524970022283,77.65,450.0,0.17255555555555555,2.619345238095238,17.84474377865812,3.8543186999966395,34.572199375
cifar10_gist512,16,30,query_adaptive_R25,25.0,0.14,1.6133838891983032,0.95,round(norm/delta),layer-wise cosine theorem,disabled: no norm-table or radial-layer candidate filter,"per-query, per-layer Eq. I_threshold with Binomial(K, theta/pi)",distance-table hash-bucket lookup with per-layer thresholds; union over L tables without intersecting sphere-layer masks or exact norm-table filter,0.5717017008353924,0.23044444444444445,0.29545940351460115,0.5190176916321529,0.4807434452992694,0.4817609148239358,171.275,450.0,0.3806111111111111,6.542708333333333,17.84474377865812,2.1480197749994545,34.572199375
cifar10_gist512,16,40,query_adaptive_R25,25.0,0.14,1.6133838891983032,0.95,round(norm/delta),layer-wise cosine theorem,disabled: no norm-table or radial-layer candidate filter,"per-query, per-layer Eq. I_threshold with Binomial(K, theta/pi)",distance-table hash-bucket lookup with per-layer thresholds; union over L tables without intersecting sphere-layer masks or exact norm-table filter,0.5320512978455592,0.4381666666666667,0.46256222110483314,0.7922153401678226,0.20720116465608998,0.20896068187721212,366.475,450.0,0.8143888888888888,11.86889880952381,17.84474377865812,2.2681343750015515,34.572199375
cifar10_gist512,16,50,query_adaptive_R25,25.0,0.14,1.6133838891983032,0.95,round(norm/delta),layer-wise cosine theorem,disabled: no norm-table or radial-layer candidate filter,"per-query, per-layer Eq. I_threshold with Binomial(K, theta/pi)",distance-table hash-bucket lookup with per-layer thresholds; union over L tables without intersecting sphere-layer masks or exact norm-table filter,0.34136334226248766,0.9186666666666667,0.49683071223509573,0.9917576573024703,0.007200594167063872,0.00876421874272858,1220.45,450.0,2.7121111111111107,20.47425595238095,17.84474377865812,2.4905229749997204,34.572199375
cifar10_gist512,16,60,query_adaptive_R25,25.0,0.14,1.6133838891983032,0.95,round(norm/delta),layer-wise cosine theorem,disabled: no norm-table or radial-layer candidate filter,"per-query, per-layer Eq. I_threshold with Binomial(K, theta/pi)",distance-table hash-bucket lookup with per-layer thresholds; union over L tables without intersecting sphere-layer masks or exact norm-table filter,0.6275837987661694,0.31772222222222224,0.38921295004960743,0.7113657202710478,0.28831467661380145,0.28982904449122043,226.275,450.0,0.5028333333333334,17.963541666666668,17.84474377865812,2.50583444999819,34.572199375
cifar10_gist512,16,70,query_adaptive_R25,25.0,0.14,1.6133838891983032,0.95,round(norm/delta),layer-wise cosine theorem,disabled: no norm-table or radial-layer candidate filter,"per-query, per-layer Eq. I_threshold with Binomial(K, theta/pi)",distance-table hash-bucket lookup with per-layer thresholds; union over L tables without intersecting sphere-layer masks or exact norm-table filter,0.7573358534209207,0.09955555555555554,0.13886792850479468,0.32980546806581335,0.6701625269517514,0.6705696130450098,54.925,450.0,0.12205555555555554,16.613095238095237,17.84474377865812,2.553510399999226,34.572199375
cifar10_gist512,16,80,query_adaptive_R25,25.0,0.14,1.6133838891983032,0.95,round(norm/delta),layer-wise cosine theorem,disabled: no norm-table or radial-layer candidate filter,"per-query, per-layer Eq. I_threshold with Binomial(K, theta/pi)",distance-table hash-bucket lookup with per-layer thresholds; union over L tables without intersecting sphere-layer masks or exact norm-table filter,0.45427538550508667,0.03733333333333334,0.05288698105172117,0.17409947746666368,0.8258992920242662,0.8259664814910324,17.575,450.0,0.03905555555555555,14.382440476190476,17.84474377865812,2.4672790750010165,34.572199375
cifar10_gist512,16,90,query_adaptive_R25,25.0,0.14,1.6133838891983032,0.95,round(norm/delta),layer-wise cosine theorem,disabled: no norm-table or radial-layer candidate filter,"per-query, per-layer Eq. I_threshold with Binomial(K, theta/pi)",distance-table hash-bucket lookup with per-layer thresholds; union over L tables without intersecting sphere-layer masks or exact norm-table filter,0.17142857142857143,0.017333333333333333,0.0259634335210527,0.07364168014630712,0.9263583220764244,0.9263593264901854,7.825,450.0,0.01738888888888889,11.884375,17.84474377865812,2.4860604000039643,34.572199375
cifar10_gist512,16,100,query_adaptive_R25,25.0,0.14,1.6133838891983032,0.95,round(norm/delta),layer-wise cosine theorem,disabled: no norm-table or radial-layer candidate filter,"per-query, per-layer Eq. I_threshold with Binomial(K, theta/pi)",distance-table hash-bucket lookup with per-layer thresholds; union over L tables without intersecting sphere-layer masks or exact norm-table filter,0.05,0.007555555555555556,0.01290799856526872,0.0445355789879033,0.9554644243170127,0.9554644285892184,3.4,450.0,0.007555555555555556,7.23735119047619,17.84474377865812,6.9781583749986,34.572199375
cifar10_gist512,17,10,query_adaptive_R25,25.0,0.14,1.6133838891983032,0.95,round(norm/delta),layer-wise cosine theorem,disabled: no norm-table or radial-layer candidate filter,"per-query, per-layer Eq. I_threshold with Binomial(K, theta/pi)",distance-table hash-bucket lookup with per-layer thresholds; union over L tables without intersecting sphere-layer masks or exact norm-table filter,0.5076958906445574,0.05644444444444444,0.09563314151838588,0.17824640100850878,0.8217075041599283,0.8219705911670605,43.975,450.0,0.09772222222222222,0.0125,17.84474377865812,1.5992802000006634,34.572199375
cifar10_gist512,17,20,query_adaptive_R25,25.0,0.14,1.6133838891983032,0.95,round(norm/delta),layer-wise cosine theorem,disabled: no norm-table or radial-layer candidate filter,"per-query, per-layer Eq. I_threshold with Binomial(K, theta/pi)",distance-table hash-bucket lookup with per-layer thresholds; union over L tables without intersecting sphere-layer masks or exact norm-table filter,0.5782672168068694,0.11750000000000001,0.18057211941524504,0.35625945180201063,0.643629567296251,0.6441672106560448,80.8,450.0,0.17955555555555555,2.600595238095238,17.84474377865812,2.2400926250014663,34.572199375
cifar10_gist512,17,30,query_adaptive_R25,25.0,0.14,1.6133838891983032,0.95,round(norm/delta),layer-wise cosine theorem,disabled: no norm-table or radial-layer candidate filter,"per-query, per-layer Eq. I_threshold with Binomial(K, theta/pi)",distance-table hash-bucket lookup with per-layer thresholds; union over L tables without intersecting sphere-layer masks or exact norm-table filter,0.5694570690252745,0.23500000000000001,0.2997935844650586,0.5252515950994733,0.4744993265450176,0.47553249322683316,175.575,450.0,0.39016666666666666,6.529166666666667,17.84474377865812,2.20338960000106,34.572199375
cifar10_gist512,17,40,query_adaptive_R25,25.0,0.14,1.6133838891983032,0.95,round(norm/delta),layer-wise cosine theorem,disabled: no norm-table or radial-layer candidate filter,"per-query, per-layer Eq. I_threshold with Binomial(K, theta/pi)",distance-table hash-bucket lookup with per-layer thresholds; union over L tables without intersecting sphere-layer masks or exact norm-table filter,0.5324568560319562,0.43544444444444447,0.46245582667882335,0.7923830549687603,0.20707740657715235,0.2088170999484813,363.6,450.0,0.808,11.85639880952381,17.84474377865812,2.3321915750017297,34.572199375
cifar10_gist512,17,50,query_adaptive_R25,25.0,0.14,1.6133838891983032,0.95,round(norm/delta),layer-wise cosine theorem,disabled: no norm-table or radial-layer candidate filter,"per-query, per-layer Eq. I_threshold with Binomial(K, theta/pi)",distance-table hash-bucket lookup with per-layer thresholds; union over L tables without intersecting sphere-layer masks or exact norm-table filter,0.3394123409511618,0.922388888888889,0.4953294684800051,0.9924758199139966,0.006523087870623648,0.008036836955859605,1232.3,450.0,2.7384444444444447,20.47425595238095,17.84474377865812,2.5584843499977694,34.572199375
cifar10_gist512,17,60,query_adaptive_R25,25.0,0.14,1.6133838891983032,0.95,round(norm/delta),layer-wise cosine theorem,disabled: no norm-table or radial-layer candidate filter,"per-query, per-layer Eq. I_threshold with Binomial(K, theta/pi)",distance-table hash-bucket lookup with per-layer thresholds; union over L tables without intersecting sphere-layer masks or exact norm-table filter,0.6265726121992113,0.31816666666666665,0.3902311595167259,0.7097420083152269,0.2899698164199808,0.2913669639137819,226.65,450.0,0.5036666666666667,17.95,17.84474377865812,2.5395646999989197,34.572199375
cifar10_gist512,17,70,query_adaptive_R25,25.0,0.14,1.6133838891983032,0.95,round(norm/delta),layer-wise cosine theorem,disabled: no norm-table or radial-layer candidate filter,"per-query, per-layer Eq. I_threshold with Binomial(K, theta/pi)",distance-table hash-bucket lookup with per-layer thresholds; union over L tables without intersecting sphere-layer masks or exact norm-table filter,0.7791700383534239,0.09983333333333333,0.13967876151060457,0.333698808843908,0.666272204773021,0.6666900758827338,55.0,450.0,0.12222222222222223,16.58809523809524,17.84474377865812,2.5718000000004793,34.572199375
cifar10_gist512,17,80,query_adaptive_R25,25.0,0.14,1.6133838891983032,0.95,round(norm/delta),layer-wise cosine theorem,disabled: no norm-table or radial-layer candidate filter,"per-query, per-layer Eq. I_threshold with Binomial(K, theta/pi)",distance-table hash-bucket lookup with per-layer thresholds; union over L tables without intersecting sphere-layer masks or exact norm-table filter,0.4540129697712418,0.03683333333333333,0.0519249503553915,0.17150102518551621,0.8284977447045115,0.8285577399922698,17.375,450.0,0.03861111111111111,14.344940476190477,17.84474377865812,2.5395677250031667,34.572199375
cifar10_gist512,17,90,query_adaptive_R25,25.0,0.14,1.6133838891983032,0.95,round(norm/delta),layer-wise cosine theorem,disabled: no norm-table or radial-layer candidate filter,"per-query, per-layer Eq. I_threshold with Binomial(K, theta/pi)",distance-table hash-bucket lookup with per-layer thresholds; union over L tables without intersecting sphere-layer masks or exact norm-table filter,0.175,0.017166666666666667,0.02563810420663575,0.07276916592186741,0.9272308379550639,0.9272318349791121,7.725,450.0,0.017166666666666667,11.827083333333334,17.84474377865812,2.513538499997736,34.572199375
cifar10_gist512,17,100,query_adaptive_R25,25.0,0.14,1.6133838891983032,0.95,round(norm/delta),layer-wise cosine theorem,disabled: no norm-table or radial-layer candidate filter,"per-query, per-layer Eq. I_threshold with Binomial(K, theta/pi)",distance-table hash-bucket lookup with per-layer thresholds; union over L tables without intersecting sphere-layer masks or exact norm-table filter,0.05,0.007611111111111112,0.013000760649076093,0.04454283483877001,0.9554571643667952,0.9554571686405883,3.425,450.0,0.007611111111111112,7.115625,17.84474377865812,2.902959374999625,34.572199375
cifar10_gist512,18,10,query_adaptive_R25,25.0,0.14,1.6133838891983032,0.95,round(norm/delta),layer-wise cosine theorem,disabled: no norm-table or radial-layer candidate filter,"per-query, per-layer Eq. I_threshold with Binomial(K, theta/pi)",distance-table hash-bucket lookup with per-layer thresholds; union over L tables without intersecting sphere-layer masks or exact norm-table filter,0.5074912779524434,0.05783333333333333,0.09768892532007625,0.18219462483800927,0.8177572532944952,0.818029294539125,45.225,450.0,0.10049999999999999,0.0125,17.84474377865812,1.6073457999993934,34.572199375
cifar10_gist512,18,20,query_adaptive_R25,25.0,0.14,1.6133838891983032,0.95,round(norm/delta),layer-wise cosine theorem,disabled: no norm-table or radial-layer candidate filter,"per-query, per-layer Eq. I_threshold with Binomial(K, theta/pi)",distance-table hash-bucket lookup with per-layer thresholds; union over L tables without intersecting sphere-layer masks or exact norm-table filter,0.5770056761794077,0.12027777777777779,0.18425181466097668,0.35912765801593427,0.6407604645328029,0.6413250265431699,82.85,450.0,0.18411111111111111,2.594345238095238,17.84474377865812,2.209533250000817,34.572199375
cifar10_gist512,18,30,query_adaptive_R25,25.0,0.14,1.6133838891983032,0.95,round(norm/delta),layer-wise cosine theorem,disabled: no norm-table or radial-layer candidate filter,"per-query, per-layer Eq. I_threshold with Binomial(K, theta/pi)",distance-table hash-bucket lookup with per-layer thresholds; union over L tables without intersecting sphere-layer masks or exact norm-table filter,0.567200164009709,0.23622222222222225,0.301426274643816,0.5253178776137992,0.47443215316370957,0.4754669550074522,176.7,450.0,0.39266666666666666,6.5166666666666675,17.84474377865812,2.217085399999519,34.572199375
cifar10_gist512,18,40,query_adaptive_R25,25.0,0.14,1.6133838891983032,0.95,round(norm/delta),layer-wise cosine theorem,disabled: no norm-table or radial-layer candidate filter,"per-query, per-layer Eq. I_threshold with Binomial(K, theta/pi)",distance-table hash-bucket lookup with per-layer thresholds; union over L tables without intersecting sphere-layer masks or exact norm-table filter,0.5328182146312553,0.4387777777777778,0.4650211775521528,0.8049464501070733,0.1945034451865016,0.1962688719567808,366.725,450.0,0.8149444444444445,11.84702380952381,17.84474377865812,2.3333614999991426,34.572199375
cifar10_gist512,18,50,query_adaptive_R25,25.0,0.14,1.6133838891983032,0.95,round(norm/delta),layer-wise cosine theorem,disabled: no norm-table or radial-layer candidate filter,"per-query, per-layer Eq. I_threshold with Binomial(K, theta/pi)",distance-table hash-bucket lookup with per-layer thresholds; union over L tables without intersecting sphere-layer masks or exact norm-table filter,0.33741732001046715,0.9255555555555557,0.493662299815948,0.9926784331029243,0.006312681720646943,0.007816436623528478,1243.875,450.0,2.7641666666666667,20.47425595238095,17.84474377865812,2.610063450001121,34.572199375
cifar10_gist512,18,60,query_adaptive_R25,25.0,0.14,1.6133838891983032,0.95,round(norm/delta),layer-wise cosine theorem,disabled: no norm-table or radial-layer candidate filter,"per-query, per-layer Eq. I_threshold with Binomial(K, theta/pi)",distance-table hash-bucket lookup with per-layer thresholds; union over L tables without intersecting sphere-layer masks or exact norm-table filter,0.6239063554720028,0.32261111111111107,0.3940246254472211,0.7128858768656596,0.28682064879472274,0.2882249770631994,230.95,450.0,0.5132222222222222,17.940625,17.84474377865812,2.5989217749994964,34.572199375
cifar10_gist512,18,70,query_adaptive_R25,25.0,0.14,1.6133838891983032,0.95,round(norm/delta),layer-wise cosine theorem,disabled: no norm-table or radial-layer candidate filter,"per-query, per-layer Eq. I_threshold with Binomial(K, theta/pi)",distance-table hash-bucket lookup with per-layer thresholds; union over L tables without intersecting sphere-layer masks or exact norm-table filter,0.7778981419100903,0.09911111111111111,0.13826176348980151,0.3332512454910812,0.666719295504007,0.6671358573890511,54.7,450.0,0.12155555555555556,16.547470238095237,17.84474377865812,2.907725074998524,34.572199375
cifar10_gist512,18,80,query_adaptive_R25,25.0,0.14,1.6133838891983032,0.95,round(norm/delta),layer-wise cosine theorem,disabled: no norm-table or radial-layer candidate filter,"per-query, per-layer Eq. I_threshold with Binomial(K, theta/pi)",distance-table hash-bucket lookup with per-layer thresholds; union over L tables without intersecting sphere-layer masks or exact norm-table filter,0.4545391920966139,0.035944444444444446,0.051399685051144374,0.1714951074575979,0.8285036577610636,0.8285636530417543,16.8,450.0,0.037333333333333336,14.31577380952381,17.84474377865812,2.4839157000002388,34.572199375
cifar10_gist512,18,90,query_adaptive_R25,25.0,0.14,1.6133838891983032,0.95,round(norm/delta),layer-wise cosine theorem,disabled: no norm-table or radial-layer candidate filter,"per-query, per-layer Eq. I_threshold with Binomial(K, theta/pi)",distance-table hash-bucket lookup with per-layer thresholds; union over L tables without intersecting sphere-layer masks or exact norm-table filter,0.2,0.017222222222222222,0.025748968951646724,0.07284179132443948,0.9271582125524919,0.9271592142415525,7.75,450.0,0.017222222222222222,11.789583333333335,17.84474377865812,2.5239927250012784,34.572199375
cifar10_gist512,18,100,query_adaptive_R25,25.0,0.14,1.6133838891983032,0.95,round(norm/delta),layer-wise cosine theorem,disabled: no norm-table or radial-layer candidate filter,"per-query, per-layer Eq. I_threshold with Binomial(K, theta/pi)",distance-table hash-bucket lookup with per-layer thresholds; union over L tables without intersecting sphere-layer masks or exact norm-table filter,0.05,0.0071111111111111115,0.012152102576557404,0.04324394051566027,0.9567560655221563,0.9567560695119679,3.2,450.0,0.0071111111111111115,7.005803571428572,17.84474377865812,3.30598122500092,34.572199375
cifar10_gist512,19,10,query_adaptive_R25,25.0,0.14,1.6133838891983032,0.95,round(norm/delta),layer-wise cosine theorem,disabled: no norm-table or radial-layer candidate filter,"per-query, per-layer Eq. I_threshold with Binomial(K, theta/pi)",distance-table hash-bucket lookup with per-layer thresholds; union over L tables without intersecting sphere-layer masks or exact norm-table filter,0.5084161564438082,0.05916666666666666,0.09989977870086963,0.18254923448771274,0.8174017767238586,0.8176748643329027,46.375,450.0,0.10305555555555554,0.008333333333333333,17.84474377865812,1.6720469000006233,34.572199375
cifar10_gist512,19,20,query_adaptive_R25,25.0,0.14,1.6133838891983032,0.95,round(norm/delta),layer-wise cosine theorem,disabled: no norm-table or radial-layer candidate filter,"per-query, per-layer Eq. I_threshold with Binomial(K, theta/pi)",distance-table hash-bucket lookup with per-layer thresholds; union over L tables without intersecting sphere-layer masks or exact norm-table filter,0.5838094925488038,0.12383333333333332,0.1892851789393756,0.36465272740914134,0.6352318517470594,0.6358192628693822,85.175,450.0,0.18927777777777777,2.584970238095238,17.84474377865812,2.100131200001698,34.572199375
cifar10_gist512,19,30,query_adaptive_R25,25.0,0.14,1.6133838891983032,0.95,round(norm/delta),layer-wise cosine theorem,disabled: no norm-table or radial-layer candidate filter,"per-query, per-layer Eq. I_threshold with Binomial(K, theta/pi)",distance-table hash-bucket lookup with per-layer thresholds; union over L tables without intersecting sphere-layer masks or exact norm-table filter,0.5663733431864449,0.24044444444444446,0.3058785624014638,0.5307096294571455,0.4690315854725234,0.4700888635856494,180.6,450.0,0.4013333333333334,6.507291666666667,17.84474377865812,2.2645437999990747,34.572199375
cifar10_gist512,19,40,query_adaptive_R25,25.0,0.14,1.6133838891983032,0.95,round(norm/delta),layer-wise cosine theorem,disabled: no norm-table or radial-layer candidate filter,"per-query, per-layer Eq. I_threshold with Binomial(K, theta/pi)",distance-table hash-bucket lookup with per-layer thresholds; union over L tables without intersecting sphere-layer masks or exact norm-table filter,0.5330633760291551,0.44399999999999995,0.46963701731110685,0.8105429591164363,0.18889491524035332,0.19067577489133244,371.675,450.0,0.8259444444444444,11.828273809523811,17.84474377865812,2.3802352749996203,34.572199375
cifar10_gist512,19,50,query_adaptive_R25,25.0,0.14,1.6133838891983032,0.95,round(norm/delta),layer-wise cosine theorem,disabled: no norm-table or radial-layer candidate filter,"per-query, per-layer Eq. I_threshold with Binomial(K, theta/pi)",distance-table hash-bucket lookup with per-layer thresholds; union over L tables without intersecting sphere-layer masks or exact norm-table filter,0.3351800318680982,0.929,0.4917713989119529,0.993407725087146,0.005609093871446366,0.00707267237607345,1256.575,450.0,2.792388888888889,20.47425595238095,17.84474377865812,2.619001099998286,34.572199375
cifar10_gist512,19,60,query_adaptive_R25,25.0,0.14,1.6133838891983032,0.95,round(norm/delta),layer-wise cosine theorem,disabled: no norm-table or radial-layer candidate filter,"per-query, per-layer Eq. I_threshold with Binomial(K, theta/pi)",distance-table hash-bucket lookup with per-layer thresholds; union over L tables without intersecting sphere-layer masks or exact norm-table filter,0.6213109275595082,0.32766666666666666,0.39851303484359824,0.7204815121862543,0.27921116883030417,0.28064120550983457,235.525,450.0,0.5233888888888889,17.940625,17.84474377865812,2.543222925001487,34.572199375
cifar10_gist512,19,70,query_adaptive_R25,25.0,0.14,1.6133838891983032,0.95,round(norm/delta),layer-wise cosine theorem,disabled: no norm-table or radial-layer candidate filter,"per-query, per-layer Eq. I_threshold with Binomial(K, theta/pi)",distance-table hash-bucket lookup with per-layer thresholds; union over L tables without intersecting sphere-layer masks or exact norm-table filter,0.7723738944421132,0.10038888888888889,0.14002930112584877,0.34733990335089404,0.6526302039827553,0.65305391609851,55.55,450.0,0.12344444444444443,16.534970238095237,17.84474377865812,2.590710325001311,34.572199375
cifar10_gist512,19,80,query_adaptive_R25,25.0,0.14,1.6133838891983032,0.95,round(norm/delta),layer-wise cosine theorem,disabled: no norm-table or radial-layer candidate filter,"per-query, per-layer Eq. I_threshold with Binomial(K, theta/pi)",distance-table hash-bucket lookup with per-layer thresholds; union over L tables without intersecting sphere-layer masks or exact norm-table filter,0.504477676938758,0.036222222222222225,0.05177404519349856,0.17218413410000588,0.8278146298905773,0.8278768087235466,16.95,450.0,0.03766666666666667,14.292857142857144,17.84474377865812,2.499538574997473,34.572199375
cifar10_gist512,19,90,query_adaptive_R25,25.0,0.14,1.6133838891983032,0.95,round(norm/delta),layer-wise cosine theorem,disabled: no norm-table or radial-layer candidate filter,"per-query, per-layer Eq. I_threshold with Binomial(K, theta/pi)",distance-table hash-bucket lookup with per-layer thresholds; union over L tables without intersecting sphere-layer masks or exact norm-table filter,0.175,0.01722222222222222,0.02570921537393342,0.07276916592186741,0.9272308406879644,0.9272318377120122,7.75,450.0,0.01722222222222222,11.742708333333335,17.84474377865812,2.6518125000002613,34.572199375
cifar10_gist512,19,100,query_adaptive_R25,25.0,0.14,1.6133838891983032,0.95,round(norm/delta),layer-wise cosine theorem,disabled: no norm-table or radial-layer candidate filter,"per-query, per-layer Eq. I_threshold with Binomial(K, theta/pi)",distance-table hash-bucket lookup with per-layer thresholds; union over L tables without intersecting sphere-layer masks or exact norm-table filter,0.05,0.007222222222222223,0.012343409586046067,0.044000349987237564,0.9559996560505789,0.9559996602057659,3.25,450.0,0.007222222222222223,6.923511904761905,17.84474377865812,3.1414614749962766,34.572199375
cifar10_gist512,20,10,query_adaptive_R25,25.0,0.14,1.6133838891983032,0.95,round(norm/delta),layer-wise cosine theorem,disabled: no norm-table or radial-layer candidate filter,"per-query, per-layer Eq. I_threshold with Binomial(K, theta/pi)",distance-table hash-bucket lookup with per-layer thresholds; union over L tables without intersecting sphere-layer masks or exact norm-table filter,0.5066015488849226,0.06077777777777778,0.10236838974857618,0.18328165704465108,0.8166684775293535,0.8169441672152127,47.825,450.0,0.10627777777777778,0.008333333333333333,17.84474377865812,1.6797331999988785,34.572199375
cifar10_gist512,20,20,query_adaptive_R25,25.0,0.14,1.6133838891983032,0.95,round(norm/delta),layer-wise cosine theorem,disabled: no norm-table or radial-layer candidate filter,"per-query, per-layer Eq. I_threshold with Binomial(K, theta/pi)",distance-table hash-bucket lookup with per-layer thresholds; union over L tables without intersecting sphere-layer masks or exact norm-table filter,0.5869515963299253,0.12422222222222223,0.18936067307556806,0.36651126365528686,0.6333719315483897,0.6339649720734686,85.1,450.0,0.18911111111111112,2.5532738095238097,17.84474377865812,2.113583299996691,34.572199375
cifar10_gist512,20,30,query_adaptive_R25,25.0,0.14,1.6133838891983032,0.95,round(norm/delta),layer-wise cosine theorem,disabled: no norm-table or radial-layer candidate filter,"per-query, per-layer Eq. I_threshold with Binomial(K, theta/pi)",distance-table hash-bucket lookup with per-layer thresholds; union over L tables without intersecting sphere-layer masks or exact norm-table filter,0.5662152524334927,0.2416666666666667,0.30563738316949507,0.5306100075423561,0.46912894042646025,0.47017951352790305,181.7,450.0,0.40377777777777774,6.488541666666667,17.84474377865812,2.272740525000927,34.572199375
cifar10_gist512,20,40,query_adaptive_R25,25.0,0.14,1.6133838891983032,0.95,round(norm/delta),layer-wise cosine theorem,disabled: no norm-table or radial-layer candidate filter,"per-query, per-layer Eq. I_threshold with Binomial(K, theta/pi)",distance-table hash-bucket lookup with per-layer thresholds; union over L tables without intersecting sphere-layer masks or exact norm-table filter,0.5316705358676215,0.4495555555555556,0.4726475934926289,0.8179265979027995,0.18149981337987384,0.18337110526578612,377.625,450.0,0.8391666666666667,11.82514880952381,17.84474377865812,2.454686425000574,34.572199375
cifar10_gist512,20,50,query_adaptive_R25,25.0,0.14,1.6133838891983032,0.95,round(norm/delta),layer-wise cosine theorem,disabled: no norm-table or radial-layer candidate filter,"per-query, per-layer Eq. I_threshold with Binomial(K, theta/pi)",distance-table hash-bucket lookup with per-layer thresholds; union over L tables without intersecting sphere-layer masks or exact norm-table filter,0.3335836595726171,0.9309999999999998,0.4903418425940968,0.9935437826162696,0.005540261555411085,0.006915112944996424,1265.2,450.0,2.8115555555555556,20.47425595238095,17.84474377865812,2.645248974999248,34.572199375
cifar10_gist512,20,60,query_adaptive_R25,25.0,0.14,1.6133838891983032,0.95,round(norm/delta),layer-wise cosine theorem,disabled: no norm-table or radial-layer candidate filter,"per-query, per-layer Eq. I_threshold with Binomial(K, theta/pi)",distance-table hash-bucket lookup with per-layer thresholds; union over L tables without intersecting sphere-layer masks or exact norm-table filter,0.6197569171585393,0.32988888888888895,0.3996839604255058,0.7260982306234973,0.273589243249059,0.2751388487659209,237.525,450.0,0.5278333333333334,17.928125,17.84474377865812,2.5716448000025594,34.572199375
cifar10_gist512,20,70,query_adaptive_R25,25.0,0.14,1.6133838891983032,0.95,round(norm/delta),layer-wise cosine theorem,disabled: no norm-table or radial-layer candidate filter,"per-query, per-layer Eq. I_threshold with Binomial(K, theta/pi)",distance-table hash-bucket lookup with per-layer thresholds; union over L tables without intersecting sphere-layer masks or exact norm-table filter,0.7712063564619681,0.09961111111111112,0.1398214365648111,0.3467022825396636,0.6532660348375428,0.653690029816194,55.225,450.0,0.12272222222222222,16.51577380952381,17.84474377865812,2.6560312750014248,34.572199375
cifar10_gist512,20,80,query_adaptive_R25,25.0,0.14,1.6133838891983032,0.95,round(norm/delta),layer-wise cosine theorem,disabled: no norm-table or radial-layer candidate filter,"per-query, per-layer Eq. I_threshold with Binomial(K, theta/pi)",distance-table hash-bucket lookup with per-layer thresholds; union over L tables without intersecting sphere-layer masks or exact norm-table filter,0.5046145054966391,0.03644444444444444,0.052189365547214026,0.1760028248729073,0.8239959403457542,0.8240702371174031,17.05,450.0,0.037888888888888896,14.277232142857144,17.84474377865812,2.633125975000894,34.572199375
cifar10_gist512,20,90,query_adaptive_R25,25.0,0.14,1.6133838891983032,0.95,round(norm/delta),layer-wise cosine theorem,disabled: no norm-table or radial-layer candidate filter,"per-query, per-layer Eq. I_threshold with Binomial(K, theta/pi)",distance-table hash-bucket lookup with per-layer thresholds; union over L tables without intersecting sphere-layer masks or exact norm-table filter,0.175,0.01722222222222222,0.02570921537393342,0.07276916592186741,0.9272308406879644,0.9272318377120122,7.75,450.0,0.01722222222222222,11.710416666666665,17.84474377865812,2.6972937250022255,34.572199375
cifar10_gist512,20,100,query_adaptive_R25,25.0,0.14,1.6133838891983032,0.95,round(norm/delta),layer-wise cosine theorem,disabled: no norm-table or radial-layer candidate filter,"per-query, per-layer Eq. I_threshold with Binomial(K, theta/pi)",distance-table hash-bucket lookup with per-layer thresholds; union over L tables without intersecting sphere-layer masks or exact norm-table filter,0.05,0.006500000000000001,0.011330822347761607,0.04399975293981541,0.9560002511595354,0.9560002553147224,2.925,450.0,0.006500000000000001,6.84702380952381,17.84474377865812,2.8767197750028117,34.572199375
